
  .   ____          _            __ _ _
 /\\ / ___'_ __ _ _(_)_ __  __ _ \ \ \ \
( ( )\___ | '_ | '_| | '_ \/ _` | \ \ \ \
 \\/  ___)| |_)| | | | | || (_| |  ) ) ) )
  '  |____| .__|_| |_|_| |_\__, | / / / /
 =========|_|==============|___/=/_/_/_/

 :: Spring Boot ::                (v3.3.1)

2026-09-09T03:23:51.093+07:00  INFO 6752 --- [cuahangtienloi] [           main] c.e.c.CuahangtienloiApplication          : Starting CuahangtienloiApplication v0.0.1-SNAPSHOT using Java 21.0.11 with PID 6752 (D:\claudedesktop\WebApp-QuanLyCuaHangTienLoi\backend\target\cuahangtienloi-0.0.1-SNAPSHOT.jar started by Admin in D:\claudedesktop\WebApp-QuanLyCuaHangTienLoi\backend)
2026-09-09T03:23:51.095+07:00 DEBUG 6752 --- [cuahangtienloi] [           main] c.e.c.CuahangtienloiApplication          : Running with Spring Boot v3.3.1, Spring v6.1.10
2026-09-09T03:23:51.097+07:00  INFO 6752 --- [cuahangtienloi] [           main] c.e.c.CuahangtienloiApplication          : No active profile set, falling back to 1 default profile: "default"
2026-09-09T03:23:51.771+07:00  INFO 6752 --- [cuahangtienloi] [           main] .s.d.r.c.RepositoryConfigurationDelegate : Bootstrapping Spring Data JPA repositories in DEFAULT mode.
2026-09-09T03:23:51.854+07:00  INFO 6752 --- [cuahangtienloi] [           main] .s.d.r.c.RepositoryConfigurationDelegate : Finished Spring Data repository scanning in 74 ms. Found 19 JPA repository interfaces.
2026-09-09T03:23:52.432+07:00  INFO 6752 --- [cuahangtienloi] [           main] o.s.b.w.embedded.tomcat.TomcatWebServer  : Tomcat initialized with port 8080 (http)
2026-09-09T03:23:52.448+07:00  INFO 6752 --- [cuahangtienloi] [           main] o.apache.catalina.core.StandardService   : Starting service [Tomcat]
2026-09-09T03:23:52.448+07:00  INFO 6752 --- [cuahangtienloi] [           main] o.apache.catalina.core.StandardEngine    : Starting Servlet engine: [Apache Tomcat/10.1.25]
2026-09-09T03:23:52.481+07:00  INFO 6752 --- [cuahangtienloi] [           main] o.a.c.c.C.[Tomcat].[localhost].[/]       : Initializing Spring embedded WebApplicationContext
2026-09-09T03:23:52.482+07:00  INFO 6752 --- [cuahangtienloi] [           main] w.s.c.ServletWebServerApplicationContext : Root WebApplicationContext: initialization completed in 1329 ms
2026-09-09T03:23:52.647+07:00  INFO 6752 --- [cuahangtienloi] [           main] o.hibernate.jpa.internal.util.LogHelper  : HHH000204: Processing PersistenceUnitInfo [name: default]
2026-09-09T03:23:52.698+07:00  INFO 6752 --- [cuahangtienloi] [           main] org.hibernate.Version                    : HHH000412: Hibernate ORM core version 6.5.2.Final
2026-09-09T03:23:52.727+07:00  INFO 6752 --- [cuahangtienloi] [           main] o.h.c.internal.RegionFactoryInitiator    : HHH000026: Second-level cache disabled
2026-09-09T03:23:53.005+07:00  INFO 6752 --- [cuahangtienloi] [           main] o.s.o.j.p.SpringPersistenceUnitInfo      : No LoadTimeWeaver setup: ignoring JPA class transformer
2026-09-09T03:23:53.029+07:00  INFO 6752 --- [cuahangtienloi] [           main] com.zaxxer.hikari.HikariDataSource       : HikariPool-1 - Starting...
2026-09-09T03:23:53.877+07:00  INFO 6752 --- [cuahangtienloi] [           main] com.zaxxer.hikari.pool.HikariPool        : HikariPool-1 - Added connection org.postgresql.jdbc.PgConnection@2fd4312a
2026-09-09T03:23:53.881+07:00  INFO 6752 --- [cuahangtienloi] [           main] com.zaxxer.hikari.HikariDataSource       : HikariPool-1 - Start completed.
2026-09-09T03:23:55.010+07:00  INFO 6752 --- [cuahangtienloi] [           main] o.h.e.t.j.p.i.JtaPlatformInitiator       : HHH000489: No JTA platform available (set 'hibernate.transaction.jta.platform' to enable JTA platform integration)
2026-09-09T03:23:55.016+07:00  INFO 6752 --- [cuahangtienloi] [           main] j.LocalContainerEntityManagerFactoryBean : Initialized JPA EntityManagerFactory for persistence unit 'default'
2026-09-09T03:23:55.669+07:00  INFO 6752 --- [cuahangtienloi] [           main] r$InitializeUserDetailsManagerConfigurer : Global AuthenticationManager configured with UserDetailsService bean with name inMemoryUserDetailsManager
2026-09-09T03:23:56.106+07:00  INFO 6752 --- [cuahangtienloi] [           main] o.s.b.w.embedded.tomcat.TomcatWebServer  : Tomcat started on port 8080 (http) with context path '/'
2026-09-09T03:23:56.117+07:00  INFO 6752 --- [cuahangtienloi] [           main] c.e.c.CuahangtienloiApplication          : Started CuahangtienloiApplication in 5.477 seconds (process running for 5.91)
2026-09-09T03:23:56.120+07:00  INFO 6752 --- [cuahangtienloi] [           main] c.erp.cuahangtienloi.seeder.DataSeeder   : DataSeeder disabled - using existing database tables

=========================================================
   ? SERVER ?Ã KH?I ??NG THÀNH CÔNG! 
   ? Tr?ng thái: S?n sàng ph?c v?
   ? C?ng (Port): 8080
   ? Truy c?p  : http://localhost:8080
=========================================================

2026-09-09T03:24:10.228+07:00  INFO 6752 --- [cuahangtienloi] [nio-8080-exec-1] o.a.c.c.C.[Tomcat].[localhost].[/]       : Initializing Spring DispatcherServlet 'dispatcherServlet'
2026-09-09T03:24:10.232+07:00  INFO 6752 --- [cuahangtienloi] [nio-8080-exec-1] o.s.web.servlet.DispatcherServlet        : Initializing Servlet 'dispatcherServlet'
2026-09-09T03:24:10.233+07:00  INFO 6752 --- [cuahangtienloi] [nio-8080-exec-1] o.s.web.servlet.DispatcherServlet        : Completed initialization in 1 ms
2026-09-09T03:24:10.396+07:00 DEBUG 6752 --- [cuahangtienloi] [nio-8080-exec-1] org.hibernate.SQL                        : 
    select
        pn1_0.id,
        pn1_0.cong_no,
        pn1_0.da_thanh_toan,
        pn1_0.ghi_chu,
        pn1_0.giam_gia,
        pn1_0.grand_total,
        pn1_0.id_chi_nhanh,
        pn1_0.id_ncc,
        pn1_0.id_nguoi_nhap,
        pn1_0.ma_phieu,
        pn1_0.ngay_cap_nhat,
        pn1_0.ngay_dat_hang,
        pn1_0.ngay_du_kien_giao,
        pn1_0.ngay_nhan_thuc_te,
        pn1_0.ngay_tao,
        pn1_0.sub_total,
        pn1_0.trang_thai,
        pn1_0.vat_total 
    from
        phieu_nhap pn1_0
Hibernate: 
    select
        pn1_0.id,
        pn1_0.cong_no,
        pn1_0.da_thanh_toan,
        pn1_0.ghi_chu,
        pn1_0.giam_gia,
        pn1_0.grand_total,
        pn1_0.id_chi_nhanh,
        pn1_0.id_ncc,
        pn1_0.id_nguoi_nhap,
        pn1_0.ma_phieu,
        pn1_0.ngay_cap_nhat,
        pn1_0.ngay_dat_hang,
        pn1_0.ngay_du_kien_giao,
        pn1_0.ngay_nhan_thuc_te,
        pn1_0.ngay_tao,
        pn1_0.sub_total,
        pn1_0.trang_thai,
        pn1_0.vat_total 
    from
        phieu_nhap pn1_0
2026-09-09T03:24:10.531+07:00 DEBUG 6752 --- [cuahangtienloi] [nio-8080-exec-1] org.hibernate.SQL                        : 
    select
        cn1_0.id,
        cn1_0.dang_hoat_dong,
        cn1_0.dia_chi,
        cn1_0.dia_chi_chi_tiet,
        cn1_0.dien_tich_m2,
        cn1_0.doanh_thu_thang,
        cn1_0.gio_mo_cua,
        cn1_0.id_quan_ly,
        cn1_0.loai,
        cn1_0.loai_chi_nhanh,
        cn1_0.ma_chi_nhanh,
        cn1_0.ngay_cap_nhat,
        cn1_0.ngay_khai_truong,
        cn1_0.ngay_tao,
        cn1_0.nguoi_cap_nhat,
        cn1_0.nguoi_tao,
        cn1_0.quan_huyen,
        cn1_0.so_dien_thoai,
        cn1_0.ten_chi_nhanh,
        cn1_0.ten_quan_ly,
        cn1_0.tinh_thanh,
        cn1_0.trang_thai,
        cn1_0.vung_mien 
    from
        chi_nhanh cn1_0 
    where
        cn1_0.id=?
Hibernate: 
    select
        cn1_0.id,
        cn1_0.dang_hoat_dong,
        cn1_0.dia_chi,
        cn1_0.dia_chi_chi_tiet,
        cn1_0.dien_tich_m2,
        cn1_0.doanh_thu_thang,
        cn1_0.gio_mo_cua,
        cn1_0.id_quan_ly,
        cn1_0.loai,
        cn1_0.loai_chi_nhanh,
        cn1_0.ma_chi_nhanh,
        cn1_0.ngay_cap_nhat,
        cn1_0.ngay_khai_truong,
        cn1_0.ngay_tao,
        cn1_0.nguoi_cap_nhat,
        cn1_0.nguoi_tao,
        cn1_0.quan_huyen,
        cn1_0.so_dien_thoai,
        cn1_0.ten_chi_nhanh,
        cn1_0.ten_quan_ly,
        cn1_0.tinh_thanh,
        cn1_0.trang_thai,
        cn1_0.vung_mien 
    from
        chi_nhanh cn1_0 
    where
        cn1_0.id=?
2026-09-09T03:24:10.646+07:00 DEBUG 6752 --- [cuahangtienloi] [nio-8080-exec-1] org.hibernate.SQL                        : 
    select
        ncc1_0.id,
        ncc1_0.chuc_danh_lien_he,
        ncc1_0.dang_hoat_dong,
        ncc1_0.dia_chi,
        ncc1_0.dieu_khoan_thanh_toan,
        ncc1_0.email,
        ncc1_0.ghi_chu,
        ncc1_0.ma_ncc,
        ncc1_0.ma_so_thue,
        ncc1_0.ngay_cap_nhat,
        ncc1_0.ngay_tao,
        ncc1_0.nguoi_lien_he,
        ncc1_0.sdt_lien_he,
        ncc1_0.so_dien_thoai,
        ncc1_0.so_ngay_duoc_no,
        ncc1_0.ten_ncc,
        ncc1_0.tong_cong_no,
        ncc1_0.tong_don_hang 
    from
        nha_cung_cap ncc1_0 
    where
        ncc1_0.id=?
Hibernate: 
    select
        ncc1_0.id,
        ncc1_0.chuc_danh_lien_he,
        ncc1_0.dang_hoat_dong,
        ncc1_0.dia_chi,
        ncc1_0.dieu_khoan_thanh_toan,
        ncc1_0.email,
        ncc1_0.ghi_chu,
        ncc1_0.ma_ncc,
        ncc1_0.ma_so_thue,
        ncc1_0.ngay_cap_nhat,
        ncc1_0.ngay_tao,
        ncc1_0.nguoi_lien_he,
        ncc1_0.sdt_lien_he,
        ncc1_0.so_dien_thoai,
        ncc1_0.so_ngay_duoc_no,
        ncc1_0.ten_ncc,
        ncc1_0.tong_cong_no,
        ncc1_0.tong_don_hang 
    from
        nha_cung_cap ncc1_0 
    where
        ncc1_0.id=?
2026-09-09T03:24:10.760+07:00 DEBUG 6752 --- [cuahangtienloi] [nio-8080-exec-1] org.hibernate.SQL                        : 
    select
        nv1_0.id,
        nv1_0.ca_mac_dinh,
        nv1_0.email,
        nv1_0.ho_ten,
        nv1_0.id_chi_nhanh,
        nv1_0.loai_hop_dong,
        nv1_0.luong_cung,
        nv1_0.luong_theo_gio,
        nv1_0.ma_nhan_vien,
        nv1_0.mat_khau,
        nv1_0.ngay_cap_nhat,
        nv1_0.ngay_tao,
        nv1_0.ngay_vao_lam,
        nv1_0.nguoi_cap_nhat,
        nv1_0.nguoi_tao,
        nv1_0.so_dien_thoai,
        nv1_0.so_tai_khoan,
        nv1_0.ten_dang_nhap,
        nv1_0.ten_ngan_hang,
        nv1_0.trang_thai,
        nv1_0.vai_tro,
        nv1_0.vi_tri 
    from
        nhan_vien nv1_0 
    where
        nv1_0.id=?
Hibernate: 
    select
        nv1_0.id,
        nv1_0.ca_mac_dinh,
        nv1_0.email,
        nv1_0.ho_ten,
        nv1_0.id_chi_nhanh,
        nv1_0.loai_hop_dong,
        nv1_0.luong_cung,
        nv1_0.luong_theo_gio,
        nv1_0.ma_nhan_vien,
        nv1_0.mat_khau,
        nv1_0.ngay_cap_nhat,
        nv1_0.ngay_tao,
        nv1_0.ngay_vao_lam,
        nv1_0.nguoi_cap_nhat,
        nv1_0.nguoi_tao,
        nv1_0.so_dien_thoai,
        nv1_0.so_tai_khoan,
        nv1_0.ten_dang_nhap,
        nv1_0.ten_ngan_hang,
        nv1_0.trang_thai,
        nv1_0.vai_tro,
        nv1_0.vi_tri 
    from
        nhan_vien nv1_0 
    where
        nv1_0.id=?
2026-09-09T03:24:10.872+07:00 DEBUG 6752 --- [cuahangtienloi] [nio-8080-exec-1] org.hibernate.SQL                        : 
    select
        cn1_0.id,
        cn1_0.dang_hoat_dong,
        cn1_0.dia_chi,
        cn1_0.dia_chi_chi_tiet,
        cn1_0.dien_tich_m2,
        cn1_0.doanh_thu_thang,
        cn1_0.gio_mo_cua,
        cn1_0.id_quan_ly,
        cn1_0.loai,
        cn1_0.loai_chi_nhanh,
        cn1_0.ma_chi_nhanh,
        cn1_0.ngay_cap_nhat,
        cn1_0.ngay_khai_truong,
        cn1_0.ngay_tao,
        cn1_0.nguoi_cap_nhat,
        cn1_0.nguoi_tao,
        cn1_0.quan_huyen,
        cn1_0.so_dien_thoai,
        cn1_0.ten_chi_nhanh,
        cn1_0.ten_quan_ly,
        cn1_0.tinh_thanh,
        cn1_0.trang_thai,
        cn1_0.vung_mien 
    from
        chi_nhanh cn1_0 
    where
        cn1_0.id=?
Hibernate: 
    select
        cn1_0.id,
        cn1_0.dang_hoat_dong,
        cn1_0.dia_chi,
        cn1_0.dia_chi_chi_tiet,
        cn1_0.dien_tich_m2,
        cn1_0.doanh_thu_thang,
        cn1_0.gio_mo_cua,
        cn1_0.id_quan_ly,
        cn1_0.loai,
        cn1_0.loai_chi_nhanh,
        cn1_0.ma_chi_nhanh,
        cn1_0.ngay_cap_nhat,
        cn1_0.ngay_khai_truong,
        cn1_0.ngay_tao,
        cn1_0.nguoi_cap_nhat,
        cn1_0.nguoi_tao,
        cn1_0.quan_huyen,
        cn1_0.so_dien_thoai,
        cn1_0.ten_chi_nhanh,
        cn1_0.ten_quan_ly,
        cn1_0.tinh_thanh,
        cn1_0.trang_thai,
        cn1_0.vung_mien 
    from
        chi_nhanh cn1_0 
    where
        cn1_0.id=?
2026-09-09T03:24:10.984+07:00 DEBUG 6752 --- [cuahangtienloi] [nio-8080-exec-1] org.hibernate.SQL                        : 
    select
        ncc1_0.id,
        ncc1_0.chuc_danh_lien_he,
        ncc1_0.dang_hoat_dong,
        ncc1_0.dia_chi,
        ncc1_0.dieu_khoan_thanh_toan,
        ncc1_0.email,
        ncc1_0.ghi_chu,
        ncc1_0.ma_ncc,
        ncc1_0.ma_so_thue,
        ncc1_0.ngay_cap_nhat,
        ncc1_0.ngay_tao,
        ncc1_0.nguoi_lien_he,
        ncc1_0.sdt_lien_he,
        ncc1_0.so_dien_thoai,
        ncc1_0.so_ngay_duoc_no,
        ncc1_0.ten_ncc,
        ncc1_0.tong_cong_no,
        ncc1_0.tong_don_hang 
    from
        nha_cung_cap ncc1_0 
    where
        ncc1_0.id=?
Hibernate: 
    select
        ncc1_0.id,
        ncc1_0.chuc_danh_lien_he,
        ncc1_0.dang_hoat_dong,
        ncc1_0.dia_chi,
        ncc1_0.dieu_khoan_thanh_toan,
        ncc1_0.email,
        ncc1_0.ghi_chu,
        ncc1_0.ma_ncc,
        ncc1_0.ma_so_thue,
        ncc1_0.ngay_cap_nhat,
        ncc1_0.ngay_tao,
        ncc1_0.nguoi_lien_he,
        ncc1_0.sdt_lien_he,
        ncc1_0.so_dien_thoai,
        ncc1_0.so_ngay_duoc_no,
        ncc1_0.ten_ncc,
        ncc1_0.tong_cong_no,
        ncc1_0.tong_don_hang 
    from
        nha_cung_cap ncc1_0 
    where
        ncc1_0.id=?
2026-09-09T03:24:11.095+07:00 DEBUG 6752 --- [cuahangtienloi] [nio-8080-exec-1] org.hibernate.SQL                        : 
    select
        nv1_0.id,
        nv1_0.ca_mac_dinh,
        nv1_0.email,
        nv1_0.ho_ten,
        nv1_0.id_chi_nhanh,
        nv1_0.loai_hop_dong,
        nv1_0.luong_cung,
        nv1_0.luong_theo_gio,
        nv1_0.ma_nhan_vien,
        nv1_0.mat_khau,
        nv1_0.ngay_cap_nhat,
        nv1_0.ngay_tao,
        nv1_0.ngay_vao_lam,
        nv1_0.nguoi_cap_nhat,
        nv1_0.nguoi_tao,
        nv1_0.so_dien_thoai,
        nv1_0.so_tai_khoan,
        nv1_0.ten_dang_nhap,
        nv1_0.ten_ngan_hang,
        nv1_0.trang_thai,
        nv1_0.vai_tro,
        nv1_0.vi_tri 
    from
        nhan_vien nv1_0 
    where
        nv1_0.id=?
Hibernate: 
    select
        nv1_0.id,
        nv1_0.ca_mac_dinh,
        nv1_0.email,
        nv1_0.ho_ten,
        nv1_0.id_chi_nhanh,
        nv1_0.loai_hop_dong,
        nv1_0.luong_cung,
        nv1_0.luong_theo_gio,
        nv1_0.ma_nhan_vien,
        nv1_0.mat_khau,
        nv1_0.ngay_cap_nhat,
        nv1_0.ngay_tao,
        nv1_0.ngay_vao_lam,
        nv1_0.nguoi_cap_nhat,
        nv1_0.nguoi_tao,
        nv1_0.so_dien_thoai,
        nv1_0.so_tai_khoan,
        nv1_0.ten_dang_nhap,
        nv1_0.ten_ngan_hang,
        nv1_0.trang_thai,
        nv1_0.vai_tro,
        nv1_0.vi_tri 
    from
        nhan_vien nv1_0 
    where
        nv1_0.id=?
2026-09-09T03:24:11.208+07:00 DEBUG 6752 --- [cuahangtienloi] [nio-8080-exec-1] org.hibernate.SQL                        : 
    select
        cn1_0.id,
        cn1_0.dang_hoat_dong,
        cn1_0.dia_chi,
        cn1_0.dia_chi_chi_tiet,
        cn1_0.dien_tich_m2,
        cn1_0.doanh_thu_thang,
        cn1_0.gio_mo_cua,
        cn1_0.id_quan_ly,
        cn1_0.loai,
        cn1_0.loai_chi_nhanh,
        cn1_0.ma_chi_nhanh,
        cn1_0.ngay_cap_nhat,
        cn1_0.ngay_khai_truong,
        cn1_0.ngay_tao,
        cn1_0.nguoi_cap_nhat,
        cn1_0.nguoi_tao,
        cn1_0.quan_huyen,
        cn1_0.so_dien_thoai,
        cn1_0.ten_chi_nhanh,
        cn1_0.ten_quan_ly,
        cn1_0.tinh_thanh,
        cn1_0.trang_thai,
        cn1_0.vung_mien 
    from
        chi_nhanh cn1_0 
    where
        cn1_0.id=?
Hibernate: 
    select
        cn1_0.id,
        cn1_0.dang_hoat_dong,
        cn1_0.dia_chi,
        cn1_0.dia_chi_chi_tiet,
        cn1_0.dien_tich_m2,
        cn1_0.doanh_thu_thang,
        cn1_0.gio_mo_cua,
        cn1_0.id_quan_ly,
        cn1_0.loai,
        cn1_0.loai_chi_nhanh,
        cn1_0.ma_chi_nhanh,
        cn1_0.ngay_cap_nhat,
        cn1_0.ngay_khai_truong,
        cn1_0.ngay_tao,
        cn1_0.nguoi_cap_nhat,
        cn1_0.nguoi_tao,
        cn1_0.quan_huyen,
        cn1_0.so_dien_thoai,
        cn1_0.ten_chi_nhanh,
        cn1_0.ten_quan_ly,
        cn1_0.tinh_thanh,
        cn1_0.trang_thai,
        cn1_0.vung_mien 
    from
        chi_nhanh cn1_0 
    where
        cn1_0.id=?
2026-09-09T03:24:11.320+07:00 DEBUG 6752 --- [cuahangtienloi] [nio-8080-exec-1] org.hibernate.SQL                        : 
    select
        ncc1_0.id,
        ncc1_0.chuc_danh_lien_he,
        ncc1_0.dang_hoat_dong,
        ncc1_0.dia_chi,
        ncc1_0.dieu_khoan_thanh_toan,
        ncc1_0.email,
        ncc1_0.ghi_chu,
        ncc1_0.ma_ncc,
        ncc1_0.ma_so_thue,
        ncc1_0.ngay_cap_nhat,
        ncc1_0.ngay_tao,
        ncc1_0.nguoi_lien_he,
        ncc1_0.sdt_lien_he,
        ncc1_0.so_dien_thoai,
        ncc1_0.so_ngay_duoc_no,
        ncc1_0.ten_ncc,
        ncc1_0.tong_cong_no,
        ncc1_0.tong_don_hang 
    from
        nha_cung_cap ncc1_0 
    where
        ncc1_0.id=?
Hibernate: 
    select
        ncc1_0.id,
        ncc1_0.chuc_danh_lien_he,
        ncc1_0.dang_hoat_dong,
        ncc1_0.dia_chi,
        ncc1_0.dieu_khoan_thanh_toan,
        ncc1_0.email,
        ncc1_0.ghi_chu,
        ncc1_0.ma_ncc,
        ncc1_0.ma_so_thue,
        ncc1_0.ngay_cap_nhat,
        ncc1_0.ngay_tao,
        ncc1_0.nguoi_lien_he,
        ncc1_0.sdt_lien_he,
        ncc1_0.so_dien_thoai,
        ncc1_0.so_ngay_duoc_no,
        ncc1_0.ten_ncc,
        ncc1_0.tong_cong_no,
        ncc1_0.tong_don_hang 
    from
        nha_cung_cap ncc1_0 
    where
        ncc1_0.id=?
2026-09-09T03:24:11.433+07:00 DEBUG 6752 --- [cuahangtienloi] [nio-8080-exec-1] org.hibernate.SQL                        : 
    select
        nv1_0.id,
        nv1_0.ca_mac_dinh,
        nv1_0.email,
        nv1_0.ho_ten,
        nv1_0.id_chi_nhanh,
        nv1_0.loai_hop_dong,
        nv1_0.luong_cung,
        nv1_0.luong_theo_gio,
        nv1_0.ma_nhan_vien,
        nv1_0.mat_khau,
        nv1_0.ngay_cap_nhat,
        nv1_0.ngay_tao,
        nv1_0.ngay_vao_lam,
        nv1_0.nguoi_cap_nhat,
        nv1_0.nguoi_tao,
        nv1_0.so_dien_thoai,
        nv1_0.so_tai_khoan,
        nv1_0.ten_dang_nhap,
        nv1_0.ten_ngan_hang,
        nv1_0.trang_thai,
        nv1_0.vai_tro,
        nv1_0.vi_tri 
    from
        nhan_vien nv1_0 
    where
        nv1_0.id=?
Hibernate: 
    select
        nv1_0.id,
        nv1_0.ca_mac_dinh,
        nv1_0.email,
        nv1_0.ho_ten,
        nv1_0.id_chi_nhanh,
        nv1_0.loai_hop_dong,
        nv1_0.luong_cung,
        nv1_0.luong_theo_gio,
        nv1_0.ma_nhan_vien,
        nv1_0.mat_khau,
        nv1_0.ngay_cap_nhat,
        nv1_0.ngay_tao,
        nv1_0.ngay_vao_lam,
        nv1_0.nguoi_cap_nhat,
        nv1_0.nguoi_tao,
        nv1_0.so_dien_thoai,
        nv1_0.so_tai_khoan,
        nv1_0.ten_dang_nhap,
        nv1_0.ten_ngan_hang,
        nv1_0.trang_thai,
        nv1_0.vai_tro,
        nv1_0.vi_tri 
    from
        nhan_vien nv1_0 
    where
        nv1_0.id=?
2026-09-09T03:24:11.544+07:00 DEBUG 6752 --- [cuahangtienloi] [nio-8080-exec-1] org.hibernate.SQL                        : 
    select
        cn1_0.id,
        cn1_0.dang_hoat_dong,
        cn1_0.dia_chi,
        cn1_0.dia_chi_chi_tiet,
        cn1_0.dien_tich_m2,
        cn1_0.doanh_thu_thang,
        cn1_0.gio_mo_cua,
        cn1_0.id_quan_ly,
        cn1_0.loai,
        cn1_0.loai_chi_nhanh,
        cn1_0.ma_chi_nhanh,
        cn1_0.ngay_cap_nhat,
        cn1_0.ngay_khai_truong,
        cn1_0.ngay_tao,
        cn1_0.nguoi_cap_nhat,
        cn1_0.nguoi_tao,
        cn1_0.quan_huyen,
        cn1_0.so_dien_thoai,
        cn1_0.ten_chi_nhanh,
        cn1_0.ten_quan_ly,
        cn1_0.tinh_thanh,
        cn1_0.trang_thai,
        cn1_0.vung_mien 
    from
        chi_nhanh cn1_0 
    where
        cn1_0.id=?
Hibernate: 
    select
        cn1_0.id,
        cn1_0.dang_hoat_dong,
        cn1_0.dia_chi,
        cn1_0.dia_chi_chi_tiet,
        cn1_0.dien_tich_m2,
        cn1_0.doanh_thu_thang,
        cn1_0.gio_mo_cua,
        cn1_0.id_quan_ly,
        cn1_0.loai,
        cn1_0.loai_chi_nhanh,
        cn1_0.ma_chi_nhanh,
        cn1_0.ngay_cap_nhat,
        cn1_0.ngay_khai_truong,
        cn1_0.ngay_tao,
        cn1_0.nguoi_cap_nhat,
        cn1_0.nguoi_tao,
        cn1_0.quan_huyen,
        cn1_0.so_dien_thoai,
        cn1_0.ten_chi_nhanh,
        cn1_0.ten_quan_ly,
        cn1_0.tinh_thanh,
        cn1_0.trang_thai,
        cn1_0.vung_mien 
    from
        chi_nhanh cn1_0 
    where
        cn1_0.id=?
2026-09-09T03:24:11.658+07:00 DEBUG 6752 --- [cuahangtienloi] [nio-8080-exec-1] org.hibernate.SQL                        : 
    select
        ncc1_0.id,
        ncc1_0.chuc_danh_lien_he,
        ncc1_0.dang_hoat_dong,
        ncc1_0.dia_chi,
        ncc1_0.dieu_khoan_thanh_toan,
        ncc1_0.email,
        ncc1_0.ghi_chu,
        ncc1_0.ma_ncc,
        ncc1_0.ma_so_thue,
        ncc1_0.ngay_cap_nhat,
        ncc1_0.ngay_tao,
        ncc1_0.nguoi_lien_he,
        ncc1_0.sdt_lien_he,
        ncc1_0.so_dien_thoai,
        ncc1_0.so_ngay_duoc_no,
        ncc1_0.ten_ncc,
        ncc1_0.tong_cong_no,
        ncc1_0.tong_don_hang 
    from
        nha_cung_cap ncc1_0 
    where
        ncc1_0.id=?
Hibernate: 
    select
        ncc1_0.id,
        ncc1_0.chuc_danh_lien_he,
        ncc1_0.dang_hoat_dong,
        ncc1_0.dia_chi,
        ncc1_0.dieu_khoan_thanh_toan,
        ncc1_0.email,
        ncc1_0.ghi_chu,
        ncc1_0.ma_ncc,
        ncc1_0.ma_so_thue,
        ncc1_0.ngay_cap_nhat,
        ncc1_0.ngay_tao,
        ncc1_0.nguoi_lien_he,
        ncc1_0.sdt_lien_he,
        ncc1_0.so_dien_thoai,
        ncc1_0.so_ngay_duoc_no,
        ncc1_0.ten_ncc,
        ncc1_0.tong_cong_no,
        ncc1_0.tong_don_hang 
    from
        nha_cung_cap ncc1_0 
    where
        ncc1_0.id=?
2026-09-09T03:24:11.770+07:00 DEBUG 6752 --- [cuahangtienloi] [nio-8080-exec-1] org.hibernate.SQL                        : 
    select
        nv1_0.id,
        nv1_0.ca_mac_dinh,
        nv1_0.email,
        nv1_0.ho_ten,
        nv1_0.id_chi_nhanh,
        nv1_0.loai_hop_dong,
        nv1_0.luong_cung,
        nv1_0.luong_theo_gio,
        nv1_0.ma_nhan_vien,
        nv1_0.mat_khau,
        nv1_0.ngay_cap_nhat,
        nv1_0.ngay_tao,
        nv1_0.ngay_vao_lam,
        nv1_0.nguoi_cap_nhat,
        nv1_0.nguoi_tao,
        nv1_0.so_dien_thoai,
        nv1_0.so_tai_khoan,
        nv1_0.ten_dang_nhap,
        nv1_0.ten_ngan_hang,
        nv1_0.trang_thai,
        nv1_0.vai_tro,
        nv1_0.vi_tri 
    from
        nhan_vien nv1_0 
    where
        nv1_0.id=?
Hibernate: 
    select
        nv1_0.id,
        nv1_0.ca_mac_dinh,
        nv1_0.email,
        nv1_0.ho_ten,
        nv1_0.id_chi_nhanh,
        nv1_0.loai_hop_dong,
        nv1_0.luong_cung,
        nv1_0.luong_theo_gio,
        nv1_0.ma_nhan_vien,
        nv1_0.mat_khau,
        nv1_0.ngay_cap_nhat,
        nv1_0.ngay_tao,
        nv1_0.ngay_vao_lam,
        nv1_0.nguoi_cap_nhat,
        nv1_0.nguoi_tao,
        nv1_0.so_dien_thoai,
        nv1_0.so_tai_khoan,
        nv1_0.ten_dang_nhap,
        nv1_0.ten_ngan_hang,
        nv1_0.trang_thai,
        nv1_0.vai_tro,
        nv1_0.vi_tri 
    from
        nhan_vien nv1_0 
    where
        nv1_0.id=?
2026-09-09T03:24:11.883+07:00 DEBUG 6752 --- [cuahangtienloi] [nio-8080-exec-1] org.hibernate.SQL                        : 
    select
        cn1_0.id,
        cn1_0.dang_hoat_dong,
        cn1_0.dia_chi,
        cn1_0.dia_chi_chi_tiet,
        cn1_0.dien_tich_m2,
        cn1_0.doanh_thu_thang,
        cn1_0.gio_mo_cua,
        cn1_0.id_quan_ly,
        cn1_0.loai,
        cn1_0.loai_chi_nhanh,
        cn1_0.ma_chi_nhanh,
        cn1_0.ngay_cap_nhat,
        cn1_0.ngay_khai_truong,
        cn1_0.ngay_tao,
        cn1_0.nguoi_cap_nhat,
        cn1_0.nguoi_tao,
        cn1_0.quan_huyen,
        cn1_0.so_dien_thoai,
        cn1_0.ten_chi_nhanh,
        cn1_0.ten_quan_ly,
        cn1_0.tinh_thanh,
        cn1_0.trang_thai,
        cn1_0.vung_mien 
    from
        chi_nhanh cn1_0 
    where
        cn1_0.id=?
Hibernate: 
    select
        cn1_0.id,
        cn1_0.dang_hoat_dong,
        cn1_0.dia_chi,
        cn1_0.dia_chi_chi_tiet,
        cn1_0.dien_tich_m2,
        cn1_0.doanh_thu_thang,
        cn1_0.gio_mo_cua,
        cn1_0.id_quan_ly,
        cn1_0.loai,
        cn1_0.loai_chi_nhanh,
        cn1_0.ma_chi_nhanh,
        cn1_0.ngay_cap_nhat,
        cn1_0.ngay_khai_truong,
        cn1_0.ngay_tao,
        cn1_0.nguoi_cap_nhat,
        cn1_0.nguoi_tao,
        cn1_0.quan_huyen,
        cn1_0.so_dien_thoai,
        cn1_0.ten_chi_nhanh,
        cn1_0.ten_quan_ly,
        cn1_0.tinh_thanh,
        cn1_0.trang_thai,
        cn1_0.vung_mien 
    from
        chi_nhanh cn1_0 
    where
        cn1_0.id=?
2026-09-09T03:24:11.994+07:00 DEBUG 6752 --- [cuahangtienloi] [nio-8080-exec-1] org.hibernate.SQL                        : 
    select
        ncc1_0.id,
        ncc1_0.chuc_danh_lien_he,
        ncc1_0.dang_hoat_dong,
        ncc1_0.dia_chi,
        ncc1_0.dieu_khoan_thanh_toan,
        ncc1_0.email,
        ncc1_0.ghi_chu,
        ncc1_0.ma_ncc,
        ncc1_0.ma_so_thue,
        ncc1_0.ngay_cap_nhat,
        ncc1_0.ngay_tao,
        ncc1_0.nguoi_lien_he,
        ncc1_0.sdt_lien_he,
        ncc1_0.so_dien_thoai,
        ncc1_0.so_ngay_duoc_no,
        ncc1_0.ten_ncc,
        ncc1_0.tong_cong_no,
        ncc1_0.tong_don_hang 
    from
        nha_cung_cap ncc1_0 
    where
        ncc1_0.id=?
Hibernate: 
    select
        ncc1_0.id,
        ncc1_0.chuc_danh_lien_he,
        ncc1_0.dang_hoat_dong,
        ncc1_0.dia_chi,
        ncc1_0.dieu_khoan_thanh_toan,
        ncc1_0.email,
        ncc1_0.ghi_chu,
        ncc1_0.ma_ncc,
        ncc1_0.ma_so_thue,
        ncc1_0.ngay_cap_nhat,
        ncc1_0.ngay_tao,
        ncc1_0.nguoi_lien_he,
        ncc1_0.sdt_lien_he,
        ncc1_0.so_dien_thoai,
        ncc1_0.so_ngay_duoc_no,
        ncc1_0.ten_ncc,
        ncc1_0.tong_cong_no,
        ncc1_0.tong_don_hang 
    from
        nha_cung_cap ncc1_0 
    where
        ncc1_0.id=?
2026-09-09T03:24:12.106+07:00 DEBUG 6752 --- [cuahangtienloi] [nio-8080-exec-1] org.hibernate.SQL                        : 
    select
        nv1_0.id,
        nv1_0.ca_mac_dinh,
        nv1_0.email,
        nv1_0.ho_ten,
        nv1_0.id_chi_nhanh,
        nv1_0.loai_hop_dong,
        nv1_0.luong_cung,
        nv1_0.luong_theo_gio,
        nv1_0.ma_nhan_vien,
        nv1_0.mat_khau,
        nv1_0.ngay_cap_nhat,
        nv1_0.ngay_tao,
        nv1_0.ngay_vao_lam,
        nv1_0.nguoi_cap_nhat,
        nv1_0.nguoi_tao,
        nv1_0.so_dien_thoai,
        nv1_0.so_tai_khoan,
        nv1_0.ten_dang_nhap,
        nv1_0.ten_ngan_hang,
        nv1_0.trang_thai,
        nv1_0.vai_tro,
        nv1_0.vi_tri 
    from
        nhan_vien nv1_0 
    where
        nv1_0.id=?
Hibernate: 
    select
        nv1_0.id,
        nv1_0.ca_mac_dinh,
        nv1_0.email,
        nv1_0.ho_ten,
        nv1_0.id_chi_nhanh,
        nv1_0.loai_hop_dong,
        nv1_0.luong_cung,
        nv1_0.luong_theo_gio,
        nv1_0.ma_nhan_vien,
        nv1_0.mat_khau,
        nv1_0.ngay_cap_nhat,
        nv1_0.ngay_tao,
        nv1_0.ngay_vao_lam,
        nv1_0.nguoi_cap_nhat,
        nv1_0.nguoi_tao,
        nv1_0.so_dien_thoai,
        nv1_0.so_tai_khoan,
        nv1_0.ten_dang_nhap,
        nv1_0.ten_ngan_hang,
        nv1_0.trang_thai,
        nv1_0.vai_tro,
        nv1_0.vi_tri 
    from
        nhan_vien nv1_0 
    where
        nv1_0.id=?
2026-09-09T03:24:12.223+07:00 DEBUG 6752 --- [cuahangtienloi] [nio-8080-exec-1] org.hibernate.SQL                        : 
    select
        cn1_0.id,
        cn1_0.dang_hoat_dong,
        cn1_0.dia_chi,
        cn1_0.dia_chi_chi_tiet,
        cn1_0.dien_tich_m2,
        cn1_0.doanh_thu_thang,
        cn1_0.gio_mo_cua,
        cn1_0.id_quan_ly,
        cn1_0.loai,
        cn1_0.loai_chi_nhanh,
        cn1_0.ma_chi_nhanh,
        cn1_0.ngay_cap_nhat,
        cn1_0.ngay_khai_truong,
        cn1_0.ngay_tao,
        cn1_0.nguoi_cap_nhat,
        cn1_0.nguoi_tao,
        cn1_0.quan_huyen,
        cn1_0.so_dien_thoai,
        cn1_0.ten_chi_nhanh,
        cn1_0.ten_quan_ly,
        cn1_0.tinh_thanh,
        cn1_0.trang_thai,
        cn1_0.vung_mien 
    from
        chi_nhanh cn1_0 
    where
        cn1_0.id=?
Hibernate: 
    select
        cn1_0.id,
        cn1_0.dang_hoat_dong,
        cn1_0.dia_chi,
        cn1_0.dia_chi_chi_tiet,
        cn1_0.dien_tich_m2,
        cn1_0.doanh_thu_thang,
        cn1_0.gio_mo_cua,
        cn1_0.id_quan_ly,
        cn1_0.loai,
        cn1_0.loai_chi_nhanh,
        cn1_0.ma_chi_nhanh,
        cn1_0.ngay_cap_nhat,
        cn1_0.ngay_khai_truong,
        cn1_0.ngay_tao,
        cn1_0.nguoi_cap_nhat,
        cn1_0.nguoi_tao,
        cn1_0.quan_huyen,
        cn1_0.so_dien_thoai,
        cn1_0.ten_chi_nhanh,
        cn1_0.ten_quan_ly,
        cn1_0.tinh_thanh,
        cn1_0.trang_thai,
        cn1_0.vung_mien 
    from
        chi_nhanh cn1_0 
    where
        cn1_0.id=?
2026-09-09T03:24:12.343+07:00 DEBUG 6752 --- [cuahangtienloi] [nio-8080-exec-1] org.hibernate.SQL                        : 
    select
        ncc1_0.id,
        ncc1_0.chuc_danh_lien_he,
        ncc1_0.dang_hoat_dong,
        ncc1_0.dia_chi,
        ncc1_0.dieu_khoan_thanh_toan,
        ncc1_0.email,
        ncc1_0.ghi_chu,
        ncc1_0.ma_ncc,
        ncc1_0.ma_so_thue,
        ncc1_0.ngay_cap_nhat,
        ncc1_0.ngay_tao,
        ncc1_0.nguoi_lien_he,
        ncc1_0.sdt_lien_he,
        ncc1_0.so_dien_thoai,
        ncc1_0.so_ngay_duoc_no,
        ncc1_0.ten_ncc,
        ncc1_0.tong_cong_no,
        ncc1_0.tong_don_hang 
    from
        nha_cung_cap ncc1_0 
    where
        ncc1_0.id=?
Hibernate: 
    select
        ncc1_0.id,
        ncc1_0.chuc_danh_lien_he,
        ncc1_0.dang_hoat_dong,
        ncc1_0.dia_chi,
        ncc1_0.dieu_khoan_thanh_toan,
        ncc1_0.email,
        ncc1_0.ghi_chu,
        ncc1_0.ma_ncc,
        ncc1_0.ma_so_thue,
        ncc1_0.ngay_cap_nhat,
        ncc1_0.ngay_tao,
        ncc1_0.nguoi_lien_he,
        ncc1_0.sdt_lien_he,
        ncc1_0.so_dien_thoai,
        ncc1_0.so_ngay_duoc_no,
        ncc1_0.ten_ncc,
        ncc1_0.tong_cong_no,
        ncc1_0.tong_don_hang 
    from
        nha_cung_cap ncc1_0 
    where
        ncc1_0.id=?
2026-09-09T03:24:12.454+07:00 DEBUG 6752 --- [cuahangtienloi] [nio-8080-exec-1] org.hibernate.SQL                        : 
    select
        nv1_0.id,
        nv1_0.ca_mac_dinh,
        nv1_0.email,
        nv1_0.ho_ten,
        nv1_0.id_chi_nhanh,
        nv1_0.loai_hop_dong,
        nv1_0.luong_cung,
        nv1_0.luong_theo_gio,
        nv1_0.ma_nhan_vien,
        nv1_0.mat_khau,
        nv1_0.ngay_cap_nhat,
        nv1_0.ngay_tao,
        nv1_0.ngay_vao_lam,
        nv1_0.nguoi_cap_nhat,
        nv1_0.nguoi_tao,
        nv1_0.so_dien_thoai,
        nv1_0.so_tai_khoan,
        nv1_0.ten_dang_nhap,
        nv1_0.ten_ngan_hang,
        nv1_0.trang_thai,
        nv1_0.vai_tro,
        nv1_0.vi_tri 
    from
        nhan_vien nv1_0 
    where
        nv1_0.id=?
Hibernate: 
    select
        nv1_0.id,
        nv1_0.ca_mac_dinh,
        nv1_0.email,
        nv1_0.ho_ten,
        nv1_0.id_chi_nhanh,
        nv1_0.loai_hop_dong,
        nv1_0.luong_cung,
        nv1_0.luong_theo_gio,
        nv1_0.ma_nhan_vien,
        nv1_0.mat_khau,
        nv1_0.ngay_cap_nhat,
        nv1_0.ngay_tao,
        nv1_0.ngay_vao_lam,
        nv1_0.nguoi_cap_nhat,
        nv1_0.nguoi_tao,
        nv1_0.so_dien_thoai,
        nv1_0.so_tai_khoan,
        nv1_0.ten_dang_nhap,
        nv1_0.ten_ngan_hang,
        nv1_0.trang_thai,
        nv1_0.vai_tro,
        nv1_0.vi_tri 
    from
        nhan_vien nv1_0 
    where
        nv1_0.id=?
2026-09-09T03:24:12.567+07:00 DEBUG 6752 --- [cuahangtienloi] [nio-8080-exec-1] org.hibernate.SQL                        : 
    select
        cn1_0.id,
        cn1_0.dang_hoat_dong,
        cn1_0.dia_chi,
        cn1_0.dia_chi_chi_tiet,
        cn1_0.dien_tich_m2,
        cn1_0.doanh_thu_thang,
        cn1_0.gio_mo_cua,
        cn1_0.id_quan_ly,
        cn1_0.loai,
        cn1_0.loai_chi_nhanh,
        cn1_0.ma_chi_nhanh,
        cn1_0.ngay_cap_nhat,
        cn1_0.ngay_khai_truong,
        cn1_0.ngay_tao,
        cn1_0.nguoi_cap_nhat,
        cn1_0.nguoi_tao,
        cn1_0.quan_huyen,
        cn1_0.so_dien_thoai,
        cn1_0.ten_chi_nhanh,
        cn1_0.ten_quan_ly,
        cn1_0.tinh_thanh,
        cn1_0.trang_thai,
        cn1_0.vung_mien 
    from
        chi_nhanh cn1_0 
    where
        cn1_0.id=?
Hibernate: 
    select
        cn1_0.id,
        cn1_0.dang_hoat_dong,
        cn1_0.dia_chi,
        cn1_0.dia_chi_chi_tiet,
        cn1_0.dien_tich_m2,
        cn1_0.doanh_thu_thang,
        cn1_0.gio_mo_cua,
        cn1_0.id_quan_ly,
        cn1_0.loai,
        cn1_0.loai_chi_nhanh,
        cn1_0.ma_chi_nhanh,
        cn1_0.ngay_cap_nhat,
        cn1_0.ngay_khai_truong,
        cn1_0.ngay_tao,
        cn1_0.nguoi_cap_nhat,
        cn1_0.nguoi_tao,
        cn1_0.quan_huyen,
        cn1_0.so_dien_thoai,
        cn1_0.ten_chi_nhanh,
        cn1_0.ten_quan_ly,
        cn1_0.tinh_thanh,
        cn1_0.trang_thai,
        cn1_0.vung_mien 
    from
        chi_nhanh cn1_0 
    where
        cn1_0.id=?
2026-09-09T03:24:12.679+07:00 DEBUG 6752 --- [cuahangtienloi] [nio-8080-exec-1] org.hibernate.SQL                        : 
    select
        ncc1_0.id,
        ncc1_0.chuc_danh_lien_he,
        ncc1_0.dang_hoat_dong,
        ncc1_0.dia_chi,
        ncc1_0.dieu_khoan_thanh_toan,
        ncc1_0.email,
        ncc1_0.ghi_chu,
        ncc1_0.ma_ncc,
        ncc1_0.ma_so_thue,
        ncc1_0.ngay_cap_nhat,
        ncc1_0.ngay_tao,
        ncc1_0.nguoi_lien_he,
        ncc1_0.sdt_lien_he,
        ncc1_0.so_dien_thoai,
        ncc1_0.so_ngay_duoc_no,
        ncc1_0.ten_ncc,
        ncc1_0.tong_cong_no,
        ncc1_0.tong_don_hang 
    from
        nha_cung_cap ncc1_0 
    where
        ncc1_0.id=?
Hibernate: 
    select
        ncc1_0.id,
        ncc1_0.chuc_danh_lien_he,
        ncc1_0.dang_hoat_dong,
        ncc1_0.dia_chi,
        ncc1_0.dieu_khoan_thanh_toan,
        ncc1_0.email,
        ncc1_0.ghi_chu,
        ncc1_0.ma_ncc,
        ncc1_0.ma_so_thue,
        ncc1_0.ngay_cap_nhat,
        ncc1_0.ngay_tao,
        ncc1_0.nguoi_lien_he,
        ncc1_0.sdt_lien_he,
        ncc1_0.so_dien_thoai,
        ncc1_0.so_ngay_duoc_no,
        ncc1_0.ten_ncc,
        ncc1_0.tong_cong_no,
        ncc1_0.tong_don_hang 
    from
        nha_cung_cap ncc1_0 
    where
        ncc1_0.id=?
2026-09-09T03:24:12.800+07:00 DEBUG 6752 --- [cuahangtienloi] [nio-8080-exec-1] org.hibernate.SQL                        : 
    select
        nv1_0.id,
        nv1_0.ca_mac_dinh,
        nv1_0.email,
        nv1_0.ho_ten,
        nv1_0.id_chi_nhanh,
        nv1_0.loai_hop_dong,
        nv1_0.luong_cung,
        nv1_0.luong_theo_gio,
        nv1_0.ma_nhan_vien,
        nv1_0.mat_khau,
        nv1_0.ngay_cap_nhat,
        nv1_0.ngay_tao,
        nv1_0.ngay_vao_lam,
        nv1_0.nguoi_cap_nhat,
        nv1_0.nguoi_tao,
        nv1_0.so_dien_thoai,
        nv1_0.so_tai_khoan,
        nv1_0.ten_dang_nhap,
        nv1_0.ten_ngan_hang,
        nv1_0.trang_thai,
        nv1_0.vai_tro,
        nv1_0.vi_tri 
    from
        nhan_vien nv1_0 
    where
        nv1_0.id=?
Hibernate: 
    select
        nv1_0.id,
        nv1_0.ca_mac_dinh,
        nv1_0.email,
        nv1_0.ho_ten,
        nv1_0.id_chi_nhanh,
        nv1_0.loai_hop_dong,
        nv1_0.luong_cung,
        nv1_0.luong_theo_gio,
        nv1_0.ma_nhan_vien,
        nv1_0.mat_khau,
        nv1_0.ngay_cap_nhat,
        nv1_0.ngay_tao,
        nv1_0.ngay_vao_lam,
        nv1_0.nguoi_cap_nhat,
        nv1_0.nguoi_tao,
        nv1_0.so_dien_thoai,
        nv1_0.so_tai_khoan,
        nv1_0.ten_dang_nhap,
        nv1_0.ten_ngan_hang,
        nv1_0.trang_thai,
        nv1_0.vai_tro,
        nv1_0.vi_tri 
    from
        nhan_vien nv1_0 
    where
        nv1_0.id=?
2026-09-09T03:24:12.911+07:00 DEBUG 6752 --- [cuahangtienloi] [nio-8080-exec-1] org.hibernate.SQL                        : 
    select
        cn1_0.id,
        cn1_0.dang_hoat_dong,
        cn1_0.dia_chi,
        cn1_0.dia_chi_chi_tiet,
        cn1_0.dien_tich_m2,
        cn1_0.doanh_thu_thang,
        cn1_0.gio_mo_cua,
        cn1_0.id_quan_ly,
        cn1_0.loai,
        cn1_0.loai_chi_nhanh,
        cn1_0.ma_chi_nhanh,
        cn1_0.ngay_cap_nhat,
        cn1_0.ngay_khai_truong,
        cn1_0.ngay_tao,
        cn1_0.nguoi_cap_nhat,
        cn1_0.nguoi_tao,
        cn1_0.quan_huyen,
        cn1_0.so_dien_thoai,
        cn1_0.ten_chi_nhanh,
        cn1_0.ten_quan_ly,
        cn1_0.tinh_thanh,
        cn1_0.trang_thai,
        cn1_0.vung_mien 
    from
        chi_nhanh cn1_0 
    where
        cn1_0.id=?
Hibernate: 
    select
        cn1_0.id,
        cn1_0.dang_hoat_dong,
        cn1_0.dia_chi,
        cn1_0.dia_chi_chi_tiet,
        cn1_0.dien_tich_m2,
        cn1_0.doanh_thu_thang,
        cn1_0.gio_mo_cua,
        cn1_0.id_quan_ly,
        cn1_0.loai,
        cn1_0.loai_chi_nhanh,
        cn1_0.ma_chi_nhanh,
        cn1_0.ngay_cap_nhat,
        cn1_0.ngay_khai_truong,
        cn1_0.ngay_tao,
        cn1_0.nguoi_cap_nhat,
        cn1_0.nguoi_tao,
        cn1_0.quan_huyen,
        cn1_0.so_dien_thoai,
        cn1_0.ten_chi_nhanh,
        cn1_0.ten_quan_ly,
        cn1_0.tinh_thanh,
        cn1_0.trang_thai,
        cn1_0.vung_mien 
    from
        chi_nhanh cn1_0 
    where
        cn1_0.id=?
2026-09-09T03:24:13.023+07:00 DEBUG 6752 --- [cuahangtienloi] [nio-8080-exec-1] org.hibernate.SQL                        : 
    select
        ncc1_0.id,
        ncc1_0.chuc_danh_lien_he,
        ncc1_0.dang_hoat_dong,
        ncc1_0.dia_chi,
        ncc1_0.dieu_khoan_thanh_toan,
        ncc1_0.email,
        ncc1_0.ghi_chu,
        ncc1_0.ma_ncc,
        ncc1_0.ma_so_thue,
        ncc1_0.ngay_cap_nhat,
        ncc1_0.ngay_tao,
        ncc1_0.nguoi_lien_he,
        ncc1_0.sdt_lien_he,
        ncc1_0.so_dien_thoai,
        ncc1_0.so_ngay_duoc_no,
        ncc1_0.ten_ncc,
        ncc1_0.tong_cong_no,
        ncc1_0.tong_don_hang 
    from
        nha_cung_cap ncc1_0 
    where
        ncc1_0.id=?
Hibernate: 
    select
        ncc1_0.id,
        ncc1_0.chuc_danh_lien_he,
        ncc1_0.dang_hoat_dong,
        ncc1_0.dia_chi,
        ncc1_0.dieu_khoan_thanh_toan,
        ncc1_0.email,
        ncc1_0.ghi_chu,
        ncc1_0.ma_ncc,
        ncc1_0.ma_so_thue,
        ncc1_0.ngay_cap_nhat,
        ncc1_0.ngay_tao,
        ncc1_0.nguoi_lien_he,
        ncc1_0.sdt_lien_he,
        ncc1_0.so_dien_thoai,
        ncc1_0.so_ngay_duoc_no,
        ncc1_0.ten_ncc,
        ncc1_0.tong_cong_no,
        ncc1_0.tong_don_hang 
    from
        nha_cung_cap ncc1_0 
    where
        ncc1_0.id=?
2026-09-09T03:24:13.134+07:00 DEBUG 6752 --- [cuahangtienloi] [nio-8080-exec-1] org.hibernate.SQL                        : 
    select
        nv1_0.id,
        nv1_0.ca_mac_dinh,
        nv1_0.email,
        nv1_0.ho_ten,
        nv1_0.id_chi_nhanh,
        nv1_0.loai_hop_dong,
        nv1_0.luong_cung,
        nv1_0.luong_theo_gio,
        nv1_0.ma_nhan_vien,
        nv1_0.mat_khau,
        nv1_0.ngay_cap_nhat,
        nv1_0.ngay_tao,
        nv1_0.ngay_vao_lam,
        nv1_0.nguoi_cap_nhat,
        nv1_0.nguoi_tao,
        nv1_0.so_dien_thoai,
        nv1_0.so_tai_khoan,
        nv1_0.ten_dang_nhap,
        nv1_0.ten_ngan_hang,
        nv1_0.trang_thai,
        nv1_0.vai_tro,
        nv1_0.vi_tri 
    from
        nhan_vien nv1_0 
    where
        nv1_0.id=?
Hibernate: 
    select
        nv1_0.id,
        nv1_0.ca_mac_dinh,
        nv1_0.email,
        nv1_0.ho_ten,
        nv1_0.id_chi_nhanh,
        nv1_0.loai_hop_dong,
        nv1_0.luong_cung,
        nv1_0.luong_theo_gio,
        nv1_0.ma_nhan_vien,
        nv1_0.mat_khau,
        nv1_0.ngay_cap_nhat,
        nv1_0.ngay_tao,
        nv1_0.ngay_vao_lam,
        nv1_0.nguoi_cap_nhat,
        nv1_0.nguoi_tao,
        nv1_0.so_dien_thoai,
        nv1_0.so_tai_khoan,
        nv1_0.ten_dang_nhap,
        nv1_0.ten_ngan_hang,
        nv1_0.trang_thai,
        nv1_0.vai_tro,
        nv1_0.vi_tri 
    from
        nhan_vien nv1_0 
    where
        nv1_0.id=?
2026-09-09T03:24:13.246+07:00 DEBUG 6752 --- [cuahangtienloi] [nio-8080-exec-1] org.hibernate.SQL                        : 
    select
        cn1_0.id,
        cn1_0.dang_hoat_dong,
        cn1_0.dia_chi,
        cn1_0.dia_chi_chi_tiet,
        cn1_0.dien_tich_m2,
        cn1_0.doanh_thu_thang,
        cn1_0.gio_mo_cua,
        cn1_0.id_quan_ly,
        cn1_0.loai,
        cn1_0.loai_chi_nhanh,
        cn1_0.ma_chi_nhanh,
        cn1_0.ngay_cap_nhat,
        cn1_0.ngay_khai_truong,
        cn1_0.ngay_tao,
        cn1_0.nguoi_cap_nhat,
        cn1_0.nguoi_tao,
        cn1_0.quan_huyen,
        cn1_0.so_dien_thoai,
        cn1_0.ten_chi_nhanh,
        cn1_0.ten_quan_ly,
        cn1_0.tinh_thanh,
        cn1_0.trang_thai,
        cn1_0.vung_mien 
    from
        chi_nhanh cn1_0 
    where
        cn1_0.id=?
Hibernate: 
    select
        cn1_0.id,
        cn1_0.dang_hoat_dong,
        cn1_0.dia_chi,
        cn1_0.dia_chi_chi_tiet,
        cn1_0.dien_tich_m2,
        cn1_0.doanh_thu_thang,
        cn1_0.gio_mo_cua,
        cn1_0.id_quan_ly,
        cn1_0.loai,
        cn1_0.loai_chi_nhanh,
        cn1_0.ma_chi_nhanh,
        cn1_0.ngay_cap_nhat,
        cn1_0.ngay_khai_truong,
        cn1_0.ngay_tao,
        cn1_0.nguoi_cap_nhat,
        cn1_0.nguoi_tao,
        cn1_0.quan_huyen,
        cn1_0.so_dien_thoai,
        cn1_0.ten_chi_nhanh,
        cn1_0.ten_quan_ly,
        cn1_0.tinh_thanh,
        cn1_0.trang_thai,
        cn1_0.vung_mien 
    from
        chi_nhanh cn1_0 
    where
        cn1_0.id=?
2026-09-09T03:24:13.357+07:00 DEBUG 6752 --- [cuahangtienloi] [nio-8080-exec-1] org.hibernate.SQL                        : 
    select
        ncc1_0.id,
        ncc1_0.chuc_danh_lien_he,
        ncc1_0.dang_hoat_dong,
        ncc1_0.dia_chi,
        ncc1_0.dieu_khoan_thanh_toan,
        ncc1_0.email,
        ncc1_0.ghi_chu,
        ncc1_0.ma_ncc,
        ncc1_0.ma_so_thue,
        ncc1_0.ngay_cap_nhat,
        ncc1_0.ngay_tao,
        ncc1_0.nguoi_lien_he,
        ncc1_0.sdt_lien_he,
        ncc1_0.so_dien_thoai,
        ncc1_0.so_ngay_duoc_no,
        ncc1_0.ten_ncc,
        ncc1_0.tong_cong_no,
        ncc1_0.tong_don_hang 
    from
        nha_cung_cap ncc1_0 
    where
        ncc1_0.id=?
Hibernate: 
    select
        ncc1_0.id,
        ncc1_0.chuc_danh_lien_he,
        ncc1_0.dang_hoat_dong,
        ncc1_0.dia_chi,
        ncc1_0.dieu_khoan_thanh_toan,
        ncc1_0.email,
        ncc1_0.ghi_chu,
        ncc1_0.ma_ncc,
        ncc1_0.ma_so_thue,
        ncc1_0.ngay_cap_nhat,
        ncc1_0.ngay_tao,
        ncc1_0.nguoi_lien_he,
        ncc1_0.sdt_lien_he,
        ncc1_0.so_dien_thoai,
        ncc1_0.so_ngay_duoc_no,
        ncc1_0.ten_ncc,
        ncc1_0.tong_cong_no,
        ncc1_0.tong_don_hang 
    from
        nha_cung_cap ncc1_0 
    where
        ncc1_0.id=?
2026-09-09T03:24:13.467+07:00 DEBUG 6752 --- [cuahangtienloi] [nio-8080-exec-1] org.hibernate.SQL                        : 
    select
        nv1_0.id,
        nv1_0.ca_mac_dinh,
        nv1_0.email,
        nv1_0.ho_ten,
        nv1_0.id_chi_nhanh,
        nv1_0.loai_hop_dong,
        nv1_0.luong_cung,
        nv1_0.luong_theo_gio,
        nv1_0.ma_nhan_vien,
        nv1_0.mat_khau,
        nv1_0.ngay_cap_nhat,
        nv1_0.ngay_tao,
        nv1_0.ngay_vao_lam,
        nv1_0.nguoi_cap_nhat,
        nv1_0.nguoi_tao,
        nv1_0.so_dien_thoai,
        nv1_0.so_tai_khoan,
        nv1_0.ten_dang_nhap,
        nv1_0.ten_ngan_hang,
        nv1_0.trang_thai,
        nv1_0.vai_tro,
        nv1_0.vi_tri 
    from
        nhan_vien nv1_0 
    where
        nv1_0.id=?
Hibernate: 
    select
        nv1_0.id,
        nv1_0.ca_mac_dinh,
        nv1_0.email,
        nv1_0.ho_ten,
        nv1_0.id_chi_nhanh,
        nv1_0.loai_hop_dong,
        nv1_0.luong_cung,
        nv1_0.luong_theo_gio,
        nv1_0.ma_nhan_vien,
        nv1_0.mat_khau,
        nv1_0.ngay_cap_nhat,
        nv1_0.ngay_tao,
        nv1_0.ngay_vao_lam,
        nv1_0.nguoi_cap_nhat,
        nv1_0.nguoi_tao,
        nv1_0.so_dien_thoai,
        nv1_0.so_tai_khoan,
        nv1_0.ten_dang_nhap,
        nv1_0.ten_ngan_hang,
        nv1_0.trang_thai,
        nv1_0.vai_tro,
        nv1_0.vi_tri 
    from
        nhan_vien nv1_0 
    where
        nv1_0.id=?
2026-09-09T03:24:13.579+07:00 DEBUG 6752 --- [cuahangtienloi] [nio-8080-exec-1] org.hibernate.SQL                        : 
    select
        cn1_0.id,
        cn1_0.dang_hoat_dong,
        cn1_0.dia_chi,
        cn1_0.dia_chi_chi_tiet,
        cn1_0.dien_tich_m2,
        cn1_0.doanh_thu_thang,
        cn1_0.gio_mo_cua,
        cn1_0.id_quan_ly,
        cn1_0.loai,
        cn1_0.loai_chi_nhanh,
        cn1_0.ma_chi_nhanh,
        cn1_0.ngay_cap_nhat,
        cn1_0.ngay_khai_truong,
        cn1_0.ngay_tao,
        cn1_0.nguoi_cap_nhat,
        cn1_0.nguoi_tao,
        cn1_0.quan_huyen,
        cn1_0.so_dien_thoai,
        cn1_0.ten_chi_nhanh,
        cn1_0.ten_quan_ly,
        cn1_0.tinh_thanh,
        cn1_0.trang_thai,
        cn1_0.vung_mien 
    from
        chi_nhanh cn1_0 
    where
        cn1_0.id=?
Hibernate: 
    select
        cn1_0.id,
        cn1_0.dang_hoat_dong,
        cn1_0.dia_chi,
        cn1_0.dia_chi_chi_tiet,
        cn1_0.dien_tich_m2,
        cn1_0.doanh_thu_thang,
        cn1_0.gio_mo_cua,
        cn1_0.id_quan_ly,
        cn1_0.loai,
        cn1_0.loai_chi_nhanh,
        cn1_0.ma_chi_nhanh,
        cn1_0.ngay_cap_nhat,
        cn1_0.ngay_khai_truong,
        cn1_0.ngay_tao,
        cn1_0.nguoi_cap_nhat,
        cn1_0.nguoi_tao,
        cn1_0.quan_huyen,
        cn1_0.so_dien_thoai,
        cn1_0.ten_chi_nhanh,
        cn1_0.ten_quan_ly,
        cn1_0.tinh_thanh,
        cn1_0.trang_thai,
        cn1_0.vung_mien 
    from
        chi_nhanh cn1_0 
    where
        cn1_0.id=?
2026-09-09T03:24:13.690+07:00 DEBUG 6752 --- [cuahangtienloi] [nio-8080-exec-1] org.hibernate.SQL                        : 
    select
        ncc1_0.id,
        ncc1_0.chuc_danh_lien_he,
        ncc1_0.dang_hoat_dong,
        ncc1_0.dia_chi,
        ncc1_0.dieu_khoan_thanh_toan,
        ncc1_0.email,
        ncc1_0.ghi_chu,
        ncc1_0.ma_ncc,
        ncc1_0.ma_so_thue,
        ncc1_0.ngay_cap_nhat,
        ncc1_0.ngay_tao,
        ncc1_0.nguoi_lien_he,
        ncc1_0.sdt_lien_he,
        ncc1_0.so_dien_thoai,
        ncc1_0.so_ngay_duoc_no,
        ncc1_0.ten_ncc,
        ncc1_0.tong_cong_no,
        ncc1_0.tong_don_hang 
    from
        nha_cung_cap ncc1_0 
    where
        ncc1_0.id=?
Hibernate: 
    select
        ncc1_0.id,
        ncc1_0.chuc_danh_lien_he,
        ncc1_0.dang_hoat_dong,
        ncc1_0.dia_chi,
        ncc1_0.dieu_khoan_thanh_toan,
        ncc1_0.email,
        ncc1_0.ghi_chu,
        ncc1_0.ma_ncc,
        ncc1_0.ma_so_thue,
        ncc1_0.ngay_cap_nhat,
        ncc1_0.ngay_tao,
        ncc1_0.nguoi_lien_he,
        ncc1_0.sdt_lien_he,
        ncc1_0.so_dien_thoai,
        ncc1_0.so_ngay_duoc_no,
        ncc1_0.ten_ncc,
        ncc1_0.tong_cong_no,
        ncc1_0.tong_don_hang 
    from
        nha_cung_cap ncc1_0 
    where
        ncc1_0.id=?
2026-09-09T03:24:13.799+07:00 DEBUG 6752 --- [cuahangtienloi] [nio-8080-exec-1] org.hibernate.SQL                        : 
    select
        nv1_0.id,
        nv1_0.ca_mac_dinh,
        nv1_0.email,
        nv1_0.ho_ten,
        nv1_0.id_chi_nhanh,
        nv1_0.loai_hop_dong,
        nv1_0.luong_cung,
        nv1_0.luong_theo_gio,
        nv1_0.ma_nhan_vien,
        nv1_0.mat_khau,
        nv1_0.ngay_cap_nhat,
        nv1_0.ngay_tao,
        nv1_0.ngay_vao_lam,
        nv1_0.nguoi_cap_nhat,
        nv1_0.nguoi_tao,
        nv1_0.so_dien_thoai,
        nv1_0.so_tai_khoan,
        nv1_0.ten_dang_nhap,
        nv1_0.ten_ngan_hang,
        nv1_0.trang_thai,
        nv1_0.vai_tro,
        nv1_0.vi_tri 
    from
        nhan_vien nv1_0 
    where
        nv1_0.id=?
Hibernate: 
    select
        nv1_0.id,
        nv1_0.ca_mac_dinh,
        nv1_0.email,
        nv1_0.ho_ten,
        nv1_0.id_chi_nhanh,
        nv1_0.loai_hop_dong,
        nv1_0.luong_cung,
        nv1_0.luong_theo_gio,
        nv1_0.ma_nhan_vien,
        nv1_0.mat_khau,
        nv1_0.ngay_cap_nhat,
        nv1_0.ngay_tao,
        nv1_0.ngay_vao_lam,
        nv1_0.nguoi_cap_nhat,
        nv1_0.nguoi_tao,
        nv1_0.so_dien_thoai,
        nv1_0.so_tai_khoan,
        nv1_0.ten_dang_nhap,
        nv1_0.ten_ngan_hang,
        nv1_0.trang_thai,
        nv1_0.vai_tro,
        nv1_0.vi_tri 
    from
        nhan_vien nv1_0 
    where
        nv1_0.id=?
2026-09-09T03:24:13.911+07:00 DEBUG 6752 --- [cuahangtienloi] [nio-8080-exec-1] org.hibernate.SQL                        : 
    select
        cn1_0.id,
        cn1_0.dang_hoat_dong,
        cn1_0.dia_chi,
        cn1_0.dia_chi_chi_tiet,
        cn1_0.dien_tich_m2,
        cn1_0.doanh_thu_thang,
        cn1_0.gio_mo_cua,
        cn1_0.id_quan_ly,
        cn1_0.loai,
        cn1_0.loai_chi_nhanh,
        cn1_0.ma_chi_nhanh,
        cn1_0.ngay_cap_nhat,
        cn1_0.ngay_khai_truong,
        cn1_0.ngay_tao,
        cn1_0.nguoi_cap_nhat,
        cn1_0.nguoi_tao,
        cn1_0.quan_huyen,
        cn1_0.so_dien_thoai,
        cn1_0.ten_chi_nhanh,
        cn1_0.ten_quan_ly,
        cn1_0.tinh_thanh,
        cn1_0.trang_thai,
        cn1_0.vung_mien 
    from
        chi_nhanh cn1_0 
    where
        cn1_0.id=?
Hibernate: 
    select
        cn1_0.id,
        cn1_0.dang_hoat_dong,
        cn1_0.dia_chi,
        cn1_0.dia_chi_chi_tiet,
        cn1_0.dien_tich_m2,
        cn1_0.doanh_thu_thang,
        cn1_0.gio_mo_cua,
        cn1_0.id_quan_ly,
        cn1_0.loai,
        cn1_0.loai_chi_nhanh,
        cn1_0.ma_chi_nhanh,
        cn1_0.ngay_cap_nhat,
        cn1_0.ngay_khai_truong,
        cn1_0.ngay_tao,
        cn1_0.nguoi_cap_nhat,
        cn1_0.nguoi_tao,
        cn1_0.quan_huyen,
        cn1_0.so_dien_thoai,
        cn1_0.ten_chi_nhanh,
        cn1_0.ten_quan_ly,
        cn1_0.tinh_thanh,
        cn1_0.trang_thai,
        cn1_0.vung_mien 
    from
        chi_nhanh cn1_0 
    where
        cn1_0.id=?
2026-09-09T03:24:14.021+07:00 DEBUG 6752 --- [cuahangtienloi] [nio-8080-exec-1] org.hibernate.SQL                        : 
    select
        ncc1_0.id,
        ncc1_0.chuc_danh_lien_he,
        ncc1_0.dang_hoat_dong,
        ncc1_0.dia_chi,
        ncc1_0.dieu_khoan_thanh_toan,
        ncc1_0.email,
        ncc1_0.ghi_chu,
        ncc1_0.ma_ncc,
        ncc1_0.ma_so_thue,
        ncc1_0.ngay_cap_nhat,
        ncc1_0.ngay_tao,
        ncc1_0.nguoi_lien_he,
        ncc1_0.sdt_lien_he,
        ncc1_0.so_dien_thoai,
        ncc1_0.so_ngay_duoc_no,
        ncc1_0.ten_ncc,
        ncc1_0.tong_cong_no,
        ncc1_0.tong_don_hang 
    from
        nha_cung_cap ncc1_0 
    where
        ncc1_0.id=?
Hibernate: 
    select
        ncc1_0.id,
        ncc1_0.chuc_danh_lien_he,
        ncc1_0.dang_hoat_dong,
        ncc1_0.dia_chi,
        ncc1_0.dieu_khoan_thanh_toan,
        ncc1_0.email,
        ncc1_0.ghi_chu,
        ncc1_0.ma_ncc,
        ncc1_0.ma_so_thue,
        ncc1_0.ngay_cap_nhat,
        ncc1_0.ngay_tao,
        ncc1_0.nguoi_lien_he,
        ncc1_0.sdt_lien_he,
        ncc1_0.so_dien_thoai,
        ncc1_0.so_ngay_duoc_no,
        ncc1_0.ten_ncc,
        ncc1_0.tong_cong_no,
        ncc1_0.tong_don_hang 
    from
        nha_cung_cap ncc1_0 
    where
        ncc1_0.id=?
2026-09-09T03:24:14.132+07:00 DEBUG 6752 --- [cuahangtienloi] [nio-8080-exec-1] org.hibernate.SQL                        : 
    select
        nv1_0.id,
        nv1_0.ca_mac_dinh,
        nv1_0.email,
        nv1_0.ho_ten,
        nv1_0.id_chi_nhanh,
        nv1_0.loai_hop_dong,
        nv1_0.luong_cung,
        nv1_0.luong_theo_gio,
        nv1_0.ma_nhan_vien,
        nv1_0.mat_khau,
        nv1_0.ngay_cap_nhat,
        nv1_0.ngay_tao,
        nv1_0.ngay_vao_lam,
        nv1_0.nguoi_cap_nhat,
        nv1_0.nguoi_tao,
        nv1_0.so_dien_thoai,
        nv1_0.so_tai_khoan,
        nv1_0.ten_dang_nhap,
        nv1_0.ten_ngan_hang,
        nv1_0.trang_thai,
        nv1_0.vai_tro,
        nv1_0.vi_tri 
    from
        nhan_vien nv1_0 
    where
        nv1_0.id=?
Hibernate: 
    select
        nv1_0.id,
        nv1_0.ca_mac_dinh,
        nv1_0.email,
        nv1_0.ho_ten,
        nv1_0.id_chi_nhanh,
        nv1_0.loai_hop_dong,
        nv1_0.luong_cung,
        nv1_0.luong_theo_gio,
        nv1_0.ma_nhan_vien,
        nv1_0.mat_khau,
        nv1_0.ngay_cap_nhat,
        nv1_0.ngay_tao,
        nv1_0.ngay_vao_lam,
        nv1_0.nguoi_cap_nhat,
        nv1_0.nguoi_tao,
        nv1_0.so_dien_thoai,
        nv1_0.so_tai_khoan,
        nv1_0.ten_dang_nhap,
        nv1_0.ten_ngan_hang,
        nv1_0.trang_thai,
        nv1_0.vai_tro,
        nv1_0.vi_tri 
    from
        nhan_vien nv1_0 
    where
        nv1_0.id=?
2026-09-09T03:24:14.244+07:00 DEBUG 6752 --- [cuahangtienloi] [nio-8080-exec-1] org.hibernate.SQL                        : 
    select
        cn1_0.id,
        cn1_0.dang_hoat_dong,
        cn1_0.dia_chi,
        cn1_0.dia_chi_chi_tiet,
        cn1_0.dien_tich_m2,
        cn1_0.doanh_thu_thang,
        cn1_0.gio_mo_cua,
        cn1_0.id_quan_ly,
        cn1_0.loai,
        cn1_0.loai_chi_nhanh,
        cn1_0.ma_chi_nhanh,
        cn1_0.ngay_cap_nhat,
        cn1_0.ngay_khai_truong,
        cn1_0.ngay_tao,
        cn1_0.nguoi_cap_nhat,
        cn1_0.nguoi_tao,
        cn1_0.quan_huyen,
        cn1_0.so_dien_thoai,
        cn1_0.ten_chi_nhanh,
        cn1_0.ten_quan_ly,
        cn1_0.tinh_thanh,
        cn1_0.trang_thai,
        cn1_0.vung_mien 
    from
        chi_nhanh cn1_0 
    where
        cn1_0.id=?
Hibernate: 
    select
        cn1_0.id,
        cn1_0.dang_hoat_dong,
        cn1_0.dia_chi,
        cn1_0.dia_chi_chi_tiet,
        cn1_0.dien_tich_m2,
        cn1_0.doanh_thu_thang,
        cn1_0.gio_mo_cua,
        cn1_0.id_quan_ly,
        cn1_0.loai,
        cn1_0.loai_chi_nhanh,
        cn1_0.ma_chi_nhanh,
        cn1_0.ngay_cap_nhat,
        cn1_0.ngay_khai_truong,
        cn1_0.ngay_tao,
        cn1_0.nguoi_cap_nhat,
        cn1_0.nguoi_tao,
        cn1_0.quan_huyen,
        cn1_0.so_dien_thoai,
        cn1_0.ten_chi_nhanh,
        cn1_0.ten_quan_ly,
        cn1_0.tinh_thanh,
        cn1_0.trang_thai,
        cn1_0.vung_mien 
    from
        chi_nhanh cn1_0 
    where
        cn1_0.id=?
2026-09-09T03:24:14.355+07:00 DEBUG 6752 --- [cuahangtienloi] [nio-8080-exec-1] org.hibernate.SQL                        : 
    select
        ncc1_0.id,
        ncc1_0.chuc_danh_lien_he,
        ncc1_0.dang_hoat_dong,
        ncc1_0.dia_chi,
        ncc1_0.dieu_khoan_thanh_toan,
        ncc1_0.email,
        ncc1_0.ghi_chu,
        ncc1_0.ma_ncc,
        ncc1_0.ma_so_thue,
        ncc1_0.ngay_cap_nhat,
        ncc1_0.ngay_tao,
        ncc1_0.nguoi_lien_he,
        ncc1_0.sdt_lien_he,
        ncc1_0.so_dien_thoai,
        ncc1_0.so_ngay_duoc_no,
        ncc1_0.ten_ncc,
        ncc1_0.tong_cong_no,
        ncc1_0.tong_don_hang 
    from
        nha_cung_cap ncc1_0 
    where
        ncc1_0.id=?
Hibernate: 
    select
        ncc1_0.id,
        ncc1_0.chuc_danh_lien_he,
        ncc1_0.dang_hoat_dong,
        ncc1_0.dia_chi,
        ncc1_0.dieu_khoan_thanh_toan,
        ncc1_0.email,
        ncc1_0.ghi_chu,
        ncc1_0.ma_ncc,
        ncc1_0.ma_so_thue,
        ncc1_0.ngay_cap_nhat,
        ncc1_0.ngay_tao,
        ncc1_0.nguoi_lien_he,
        ncc1_0.sdt_lien_he,
        ncc1_0.so_dien_thoai,
        ncc1_0.so_ngay_duoc_no,
        ncc1_0.ten_ncc,
        ncc1_0.tong_cong_no,
        ncc1_0.tong_don_hang 
    from
        nha_cung_cap ncc1_0 
    where
        ncc1_0.id=?
2026-09-09T03:24:14.466+07:00 DEBUG 6752 --- [cuahangtienloi] [nio-8080-exec-1] org.hibernate.SQL                        : 
    select
        nv1_0.id,
        nv1_0.ca_mac_dinh,
        nv1_0.email,
        nv1_0.ho_ten,
        nv1_0.id_chi_nhanh,
        nv1_0.loai_hop_dong,
        nv1_0.luong_cung,
        nv1_0.luong_theo_gio,
        nv1_0.ma_nhan_vien,
        nv1_0.mat_khau,
        nv1_0.ngay_cap_nhat,
        nv1_0.ngay_tao,
        nv1_0.ngay_vao_lam,
        nv1_0.nguoi_cap_nhat,
        nv1_0.nguoi_tao,
        nv1_0.so_dien_thoai,
        nv1_0.so_tai_khoan,
        nv1_0.ten_dang_nhap,
        nv1_0.ten_ngan_hang,
        nv1_0.trang_thai,
        nv1_0.vai_tro,
        nv1_0.vi_tri 
    from
        nhan_vien nv1_0 
    where
        nv1_0.id=?
Hibernate: 
    select
        nv1_0.id,
        nv1_0.ca_mac_dinh,
        nv1_0.email,
        nv1_0.ho_ten,
        nv1_0.id_chi_nhanh,
        nv1_0.loai_hop_dong,
        nv1_0.luong_cung,
        nv1_0.luong_theo_gio,
        nv1_0.ma_nhan_vien,
        nv1_0.mat_khau,
        nv1_0.ngay_cap_nhat,
        nv1_0.ngay_tao,
        nv1_0.ngay_vao_lam,
        nv1_0.nguoi_cap_nhat,
        nv1_0.nguoi_tao,
        nv1_0.so_dien_thoai,
        nv1_0.so_tai_khoan,
        nv1_0.ten_dang_nhap,
        nv1_0.ten_ngan_hang,
        nv1_0.trang_thai,
        nv1_0.vai_tro,
        nv1_0.vi_tri 
    from
        nhan_vien nv1_0 
    where
        nv1_0.id=?
2026-09-09T03:24:14.577+07:00 DEBUG 6752 --- [cuahangtienloi] [nio-8080-exec-1] org.hibernate.SQL                        : 
    select
        cn1_0.id,
        cn1_0.dang_hoat_dong,
        cn1_0.dia_chi,
        cn1_0.dia_chi_chi_tiet,
        cn1_0.dien_tich_m2,
        cn1_0.doanh_thu_thang,
        cn1_0.gio_mo_cua,
        cn1_0.id_quan_ly,
        cn1_0.loai,
        cn1_0.loai_chi_nhanh,
        cn1_0.ma_chi_nhanh,
        cn1_0.ngay_cap_nhat,
        cn1_0.ngay_khai_truong,
        cn1_0.ngay_tao,
        cn1_0.nguoi_cap_nhat,
        cn1_0.nguoi_tao,
        cn1_0.quan_huyen,
        cn1_0.so_dien_thoai,
        cn1_0.ten_chi_nhanh,
        cn1_0.ten_quan_ly,
        cn1_0.tinh_thanh,
        cn1_0.trang_thai,
        cn1_0.vung_mien 
    from
        chi_nhanh cn1_0 
    where
        cn1_0.id=?
Hibernate: 
    select
        cn1_0.id,
        cn1_0.dang_hoat_dong,
        cn1_0.dia_chi,
        cn1_0.dia_chi_chi_tiet,
        cn1_0.dien_tich_m2,
        cn1_0.doanh_thu_thang,
        cn1_0.gio_mo_cua,
        cn1_0.id_quan_ly,
        cn1_0.loai,
        cn1_0.loai_chi_nhanh,
        cn1_0.ma_chi_nhanh,
        cn1_0.ngay_cap_nhat,
        cn1_0.ngay_khai_truong,
        cn1_0.ngay_tao,
        cn1_0.nguoi_cap_nhat,
        cn1_0.nguoi_tao,
        cn1_0.quan_huyen,
        cn1_0.so_dien_thoai,
        cn1_0.ten_chi_nhanh,
        cn1_0.ten_quan_ly,
        cn1_0.tinh_thanh,
        cn1_0.trang_thai,
        cn1_0.vung_mien 
    from
        chi_nhanh cn1_0 
    where
        cn1_0.id=?
2026-09-09T03:24:14.688+07:00 DEBUG 6752 --- [cuahangtienloi] [nio-8080-exec-1] org.hibernate.SQL                        : 
    select
        ncc1_0.id,
        ncc1_0.chuc_danh_lien_he,
        ncc1_0.dang_hoat_dong,
        ncc1_0.dia_chi,
        ncc1_0.dieu_khoan_thanh_toan,
        ncc1_0.email,
        ncc1_0.ghi_chu,
        ncc1_0.ma_ncc,
        ncc1_0.ma_so_thue,
        ncc1_0.ngay_cap_nhat,
        ncc1_0.ngay_tao,
        ncc1_0.nguoi_lien_he,
        ncc1_0.sdt_lien_he,
        ncc1_0.so_dien_thoai,
        ncc1_0.so_ngay_duoc_no,
        ncc1_0.ten_ncc,
        ncc1_0.tong_cong_no,
        ncc1_0.tong_don_hang 
    from
        nha_cung_cap ncc1_0 
    where
        ncc1_0.id=?
Hibernate: 
    select
        ncc1_0.id,
        ncc1_0.chuc_danh_lien_he,
        ncc1_0.dang_hoat_dong,
        ncc1_0.dia_chi,
        ncc1_0.dieu_khoan_thanh_toan,
        ncc1_0.email,
        ncc1_0.ghi_chu,
        ncc1_0.ma_ncc,
        ncc1_0.ma_so_thue,
        ncc1_0.ngay_cap_nhat,
        ncc1_0.ngay_tao,
        ncc1_0.nguoi_lien_he,
        ncc1_0.sdt_lien_he,
        ncc1_0.so_dien_thoai,
        ncc1_0.so_ngay_duoc_no,
        ncc1_0.ten_ncc,
        ncc1_0.tong_cong_no,
        ncc1_0.tong_don_hang 
    from
        nha_cung_cap ncc1_0 
    where
        ncc1_0.id=?
2026-09-09T03:24:14.799+07:00 DEBUG 6752 --- [cuahangtienloi] [nio-8080-exec-1] org.hibernate.SQL                        : 
    select
        nv1_0.id,
        nv1_0.ca_mac_dinh,
        nv1_0.email,
        nv1_0.ho_ten,
        nv1_0.id_chi_nhanh,
        nv1_0.loai_hop_dong,
        nv1_0.luong_cung,
        nv1_0.luong_theo_gio,
        nv1_0.ma_nhan_vien,
        nv1_0.mat_khau,
        nv1_0.ngay_cap_nhat,
        nv1_0.ngay_tao,
        nv1_0.ngay_vao_lam,
        nv1_0.nguoi_cap_nhat,
        nv1_0.nguoi_tao,
        nv1_0.so_dien_thoai,
        nv1_0.so_tai_khoan,
        nv1_0.ten_dang_nhap,
        nv1_0.ten_ngan_hang,
        nv1_0.trang_thai,
        nv1_0.vai_tro,
        nv1_0.vi_tri 
    from
        nhan_vien nv1_0 
    where
        nv1_0.id=?
Hibernate: 
    select
        nv1_0.id,
        nv1_0.ca_mac_dinh,
        nv1_0.email,
        nv1_0.ho_ten,
        nv1_0.id_chi_nhanh,
        nv1_0.loai_hop_dong,
        nv1_0.luong_cung,
        nv1_0.luong_theo_gio,
        nv1_0.ma_nhan_vien,
        nv1_0.mat_khau,
        nv1_0.ngay_cap_nhat,
        nv1_0.ngay_tao,
        nv1_0.ngay_vao_lam,
        nv1_0.nguoi_cap_nhat,
        nv1_0.nguoi_tao,
        nv1_0.so_dien_thoai,
        nv1_0.so_tai_khoan,
        nv1_0.ten_dang_nhap,
        nv1_0.ten_ngan_hang,
        nv1_0.trang_thai,
        nv1_0.vai_tro,
        nv1_0.vi_tri 
    from
        nhan_vien nv1_0 
    where
        nv1_0.id=?
2026-09-09T03:24:14.909+07:00 DEBUG 6752 --- [cuahangtienloi] [nio-8080-exec-1] org.hibernate.SQL                        : 
    select
        cn1_0.id,
        cn1_0.dang_hoat_dong,
        cn1_0.dia_chi,
        cn1_0.dia_chi_chi_tiet,
        cn1_0.dien_tich_m2,
        cn1_0.doanh_thu_thang,
        cn1_0.gio_mo_cua,
        cn1_0.id_quan_ly,
        cn1_0.loai,
        cn1_0.loai_chi_nhanh,
        cn1_0.ma_chi_nhanh,
        cn1_0.ngay_cap_nhat,
        cn1_0.ngay_khai_truong,
        cn1_0.ngay_tao,
        cn1_0.nguoi_cap_nhat,
        cn1_0.nguoi_tao,
        cn1_0.quan_huyen,
        cn1_0.so_dien_thoai,
        cn1_0.ten_chi_nhanh,
        cn1_0.ten_quan_ly,
        cn1_0.tinh_thanh,
        cn1_0.trang_thai,
        cn1_0.vung_mien 
    from
        chi_nhanh cn1_0 
    where
        cn1_0.id=?
Hibernate: 
    select
        cn1_0.id,
        cn1_0.dang_hoat_dong,
        cn1_0.dia_chi,
        cn1_0.dia_chi_chi_tiet,
        cn1_0.dien_tich_m2,
        cn1_0.doanh_thu_thang,
        cn1_0.gio_mo_cua,
        cn1_0.id_quan_ly,
        cn1_0.loai,
        cn1_0.loai_chi_nhanh,
        cn1_0.ma_chi_nhanh,
        cn1_0.ngay_cap_nhat,
        cn1_0.ngay_khai_truong,
        cn1_0.ngay_tao,
        cn1_0.nguoi_cap_nhat,
        cn1_0.nguoi_tao,
        cn1_0.quan_huyen,
        cn1_0.so_dien_thoai,
        cn1_0.ten_chi_nhanh,
        cn1_0.ten_quan_ly,
        cn1_0.tinh_thanh,
        cn1_0.trang_thai,
        cn1_0.vung_mien 
    from
        chi_nhanh cn1_0 
    where
        cn1_0.id=?
2026-09-09T03:24:15.022+07:00 DEBUG 6752 --- [cuahangtienloi] [nio-8080-exec-1] org.hibernate.SQL                        : 
    select
        ncc1_0.id,
        ncc1_0.chuc_danh_lien_he,
        ncc1_0.dang_hoat_dong,
        ncc1_0.dia_chi,
        ncc1_0.dieu_khoan_thanh_toan,
        ncc1_0.email,
        ncc1_0.ghi_chu,
        ncc1_0.ma_ncc,
        ncc1_0.ma_so_thue,
        ncc1_0.ngay_cap_nhat,
        ncc1_0.ngay_tao,
        ncc1_0.nguoi_lien_he,
        ncc1_0.sdt_lien_he,
        ncc1_0.so_dien_thoai,
        ncc1_0.so_ngay_duoc_no,
        ncc1_0.ten_ncc,
        ncc1_0.tong_cong_no,
        ncc1_0.tong_don_hang 
    from
        nha_cung_cap ncc1_0 
    where
        ncc1_0.id=?
Hibernate: 
    select
        ncc1_0.id,
        ncc1_0.chuc_danh_lien_he,
        ncc1_0.dang_hoat_dong,
        ncc1_0.dia_chi,
        ncc1_0.dieu_khoan_thanh_toan,
        ncc1_0.email,
        ncc1_0.ghi_chu,
        ncc1_0.ma_ncc,
        ncc1_0.ma_so_thue,
        ncc1_0.ngay_cap_nhat,
        ncc1_0.ngay_tao,
        ncc1_0.nguoi_lien_he,
        ncc1_0.sdt_lien_he,
        ncc1_0.so_dien_thoai,
        ncc1_0.so_ngay_duoc_no,
        ncc1_0.ten_ncc,
        ncc1_0.tong_cong_no,
        ncc1_0.tong_don_hang 
    from
        nha_cung_cap ncc1_0 
    where
        ncc1_0.id=?
2026-09-09T03:24:15.133+07:00 DEBUG 6752 --- [cuahangtienloi] [nio-8080-exec-1] org.hibernate.SQL                        : 
    select
        nv1_0.id,
        nv1_0.ca_mac_dinh,
        nv1_0.email,
        nv1_0.ho_ten,
        nv1_0.id_chi_nhanh,
        nv1_0.loai_hop_dong,
        nv1_0.luong_cung,
        nv1_0.luong_theo_gio,
        nv1_0.ma_nhan_vien,
        nv1_0.mat_khau,
        nv1_0.ngay_cap_nhat,
        nv1_0.ngay_tao,
        nv1_0.ngay_vao_lam,
        nv1_0.nguoi_cap_nhat,
        nv1_0.nguoi_tao,
        nv1_0.so_dien_thoai,
        nv1_0.so_tai_khoan,
        nv1_0.ten_dang_nhap,
        nv1_0.ten_ngan_hang,
        nv1_0.trang_thai,
        nv1_0.vai_tro,
        nv1_0.vi_tri 
    from
        nhan_vien nv1_0 
    where
        nv1_0.id=?
Hibernate: 
    select
        nv1_0.id,
        nv1_0.ca_mac_dinh,
        nv1_0.email,
        nv1_0.ho_ten,
        nv1_0.id_chi_nhanh,
        nv1_0.loai_hop_dong,
        nv1_0.luong_cung,
        nv1_0.luong_theo_gio,
        nv1_0.ma_nhan_vien,
        nv1_0.mat_khau,
        nv1_0.ngay_cap_nhat,
        nv1_0.ngay_tao,
        nv1_0.ngay_vao_lam,
        nv1_0.nguoi_cap_nhat,
        nv1_0.nguoi_tao,
        nv1_0.so_dien_thoai,
        nv1_0.so_tai_khoan,
        nv1_0.ten_dang_nhap,
        nv1_0.ten_ngan_hang,
        nv1_0.trang_thai,
        nv1_0.vai_tro,
        nv1_0.vi_tri 
    from
        nhan_vien nv1_0 
    where
        nv1_0.id=?
2026-09-09T03:24:15.244+07:00 DEBUG 6752 --- [cuahangtienloi] [nio-8080-exec-1] org.hibernate.SQL                        : 
    select
        cn1_0.id,
        cn1_0.dang_hoat_dong,
        cn1_0.dia_chi,
        cn1_0.dia_chi_chi_tiet,
        cn1_0.dien_tich_m2,
        cn1_0.doanh_thu_thang,
        cn1_0.gio_mo_cua,
        cn1_0.id_quan_ly,
        cn1_0.loai,
        cn1_0.loai_chi_nhanh,
        cn1_0.ma_chi_nhanh,
        cn1_0.ngay_cap_nhat,
        cn1_0.ngay_khai_truong,
        cn1_0.ngay_tao,
        cn1_0.nguoi_cap_nhat,
        cn1_0.nguoi_tao,
        cn1_0.quan_huyen,
        cn1_0.so_dien_thoai,
        cn1_0.ten_chi_nhanh,
        cn1_0.ten_quan_ly,
        cn1_0.tinh_thanh,
        cn1_0.trang_thai,
        cn1_0.vung_mien 
    from
        chi_nhanh cn1_0 
    where
        cn1_0.id=?
Hibernate: 
    select
        cn1_0.id,
        cn1_0.dang_hoat_dong,
        cn1_0.dia_chi,
        cn1_0.dia_chi_chi_tiet,
        cn1_0.dien_tich_m2,
        cn1_0.doanh_thu_thang,
        cn1_0.gio_mo_cua,
        cn1_0.id_quan_ly,
        cn1_0.loai,
        cn1_0.loai_chi_nhanh,
        cn1_0.ma_chi_nhanh,
        cn1_0.ngay_cap_nhat,
        cn1_0.ngay_khai_truong,
        cn1_0.ngay_tao,
        cn1_0.nguoi_cap_nhat,
        cn1_0.nguoi_tao,
        cn1_0.quan_huyen,
        cn1_0.so_dien_thoai,
        cn1_0.ten_chi_nhanh,
        cn1_0.ten_quan_ly,
        cn1_0.tinh_thanh,
        cn1_0.trang_thai,
        cn1_0.vung_mien 
    from
        chi_nhanh cn1_0 
    where
        cn1_0.id=?
2026-09-09T03:24:15.355+07:00 DEBUG 6752 --- [cuahangtienloi] [nio-8080-exec-1] org.hibernate.SQL                        : 
    select
        ncc1_0.id,
        ncc1_0.chuc_danh_lien_he,
        ncc1_0.dang_hoat_dong,
        ncc1_0.dia_chi,
        ncc1_0.dieu_khoan_thanh_toan,
        ncc1_0.email,
        ncc1_0.ghi_chu,
        ncc1_0.ma_ncc,
        ncc1_0.ma_so_thue,
        ncc1_0.ngay_cap_nhat,
        ncc1_0.ngay_tao,
        ncc1_0.nguoi_lien_he,
        ncc1_0.sdt_lien_he,
        ncc1_0.so_dien_thoai,
        ncc1_0.so_ngay_duoc_no,
        ncc1_0.ten_ncc,
        ncc1_0.tong_cong_no,
        ncc1_0.tong_don_hang 
    from
        nha_cung_cap ncc1_0 
    where
        ncc1_0.id=?
Hibernate: 
    select
        ncc1_0.id,
        ncc1_0.chuc_danh_lien_he,
        ncc1_0.dang_hoat_dong,
        ncc1_0.dia_chi,
        ncc1_0.dieu_khoan_thanh_toan,
        ncc1_0.email,
        ncc1_0.ghi_chu,
        ncc1_0.ma_ncc,
        ncc1_0.ma_so_thue,
        ncc1_0.ngay_cap_nhat,
        ncc1_0.ngay_tao,
        ncc1_0.nguoi_lien_he,
        ncc1_0.sdt_lien_he,
        ncc1_0.so_dien_thoai,
        ncc1_0.so_ngay_duoc_no,
        ncc1_0.ten_ncc,
        ncc1_0.tong_cong_no,
        ncc1_0.tong_don_hang 
    from
        nha_cung_cap ncc1_0 
    where
        ncc1_0.id=?
2026-09-09T03:24:15.466+07:00 DEBUG 6752 --- [cuahangtienloi] [nio-8080-exec-1] org.hibernate.SQL                        : 
    select
        nv1_0.id,
        nv1_0.ca_mac_dinh,
        nv1_0.email,
        nv1_0.ho_ten,
        nv1_0.id_chi_nhanh,
        nv1_0.loai_hop_dong,
        nv1_0.luong_cung,
        nv1_0.luong_theo_gio,
        nv1_0.ma_nhan_vien,
        nv1_0.mat_khau,
        nv1_0.ngay_cap_nhat,
        nv1_0.ngay_tao,
        nv1_0.ngay_vao_lam,
        nv1_0.nguoi_cap_nhat,
        nv1_0.nguoi_tao,
        nv1_0.so_dien_thoai,
        nv1_0.so_tai_khoan,
        nv1_0.ten_dang_nhap,
        nv1_0.ten_ngan_hang,
        nv1_0.trang_thai,
        nv1_0.vai_tro,
        nv1_0.vi_tri 
    from
        nhan_vien nv1_0 
    where
        nv1_0.id=?
Hibernate: 
    select
        nv1_0.id,
        nv1_0.ca_mac_dinh,
        nv1_0.email,
        nv1_0.ho_ten,
        nv1_0.id_chi_nhanh,
        nv1_0.loai_hop_dong,
        nv1_0.luong_cung,
        nv1_0.luong_theo_gio,
        nv1_0.ma_nhan_vien,
        nv1_0.mat_khau,
        nv1_0.ngay_cap_nhat,
        nv1_0.ngay_tao,
        nv1_0.ngay_vao_lam,
        nv1_0.nguoi_cap_nhat,
        nv1_0.nguoi_tao,
        nv1_0.so_dien_thoai,
        nv1_0.so_tai_khoan,
        nv1_0.ten_dang_nhap,
        nv1_0.ten_ngan_hang,
        nv1_0.trang_thai,
        nv1_0.vai_tro,
        nv1_0.vi_tri 
    from
        nhan_vien nv1_0 
    where
        nv1_0.id=?
2026-09-09T03:24:15.578+07:00 DEBUG 6752 --- [cuahangtienloi] [nio-8080-exec-1] org.hibernate.SQL                        : 
    select
        cn1_0.id,
        cn1_0.dang_hoat_dong,
        cn1_0.dia_chi,
        cn1_0.dia_chi_chi_tiet,
        cn1_0.dien_tich_m2,
        cn1_0.doanh_thu_thang,
        cn1_0.gio_mo_cua,
        cn1_0.id_quan_ly,
        cn1_0.loai,
        cn1_0.loai_chi_nhanh,
        cn1_0.ma_chi_nhanh,
        cn1_0.ngay_cap_nhat,
        cn1_0.ngay_khai_truong,
        cn1_0.ngay_tao,
        cn1_0.nguoi_cap_nhat,
        cn1_0.nguoi_tao,
        cn1_0.quan_huyen,
        cn1_0.so_dien_thoai,
        cn1_0.ten_chi_nhanh,
        cn1_0.ten_quan_ly,
        cn1_0.tinh_thanh,
        cn1_0.trang_thai,
        cn1_0.vung_mien 
    from
        chi_nhanh cn1_0 
    where
        cn1_0.id=?
Hibernate: 
    select
        cn1_0.id,
        cn1_0.dang_hoat_dong,
        cn1_0.dia_chi,
        cn1_0.dia_chi_chi_tiet,
        cn1_0.dien_tich_m2,
        cn1_0.doanh_thu_thang,
        cn1_0.gio_mo_cua,
        cn1_0.id_quan_ly,
        cn1_0.loai,
        cn1_0.loai_chi_nhanh,
        cn1_0.ma_chi_nhanh,
        cn1_0.ngay_cap_nhat,
        cn1_0.ngay_khai_truong,
        cn1_0.ngay_tao,
        cn1_0.nguoi_cap_nhat,
        cn1_0.nguoi_tao,
        cn1_0.quan_huyen,
        cn1_0.so_dien_thoai,
        cn1_0.ten_chi_nhanh,
        cn1_0.ten_quan_ly,
        cn1_0.tinh_thanh,
        cn1_0.trang_thai,
        cn1_0.vung_mien 
    from
        chi_nhanh cn1_0 
    where
        cn1_0.id=?
2026-09-09T03:24:15.690+07:00 DEBUG 6752 --- [cuahangtienloi] [nio-8080-exec-1] org.hibernate.SQL                        : 
    select
        ncc1_0.id,
        ncc1_0.chuc_danh_lien_he,
        ncc1_0.dang_hoat_dong,
        ncc1_0.dia_chi,
        ncc1_0.dieu_khoan_thanh_toan,
        ncc1_0.email,
        ncc1_0.ghi_chu,
        ncc1_0.ma_ncc,
        ncc1_0.ma_so_thue,
        ncc1_0.ngay_cap_nhat,
        ncc1_0.ngay_tao,
        ncc1_0.nguoi_lien_he,
        ncc1_0.sdt_lien_he,
        ncc1_0.so_dien_thoai,
        ncc1_0.so_ngay_duoc_no,
        ncc1_0.ten_ncc,
        ncc1_0.tong_cong_no,
        ncc1_0.tong_don_hang 
    from
        nha_cung_cap ncc1_0 
    where
        ncc1_0.id=?
Hibernate: 
    select
        ncc1_0.id,
        ncc1_0.chuc_danh_lien_he,
        ncc1_0.dang_hoat_dong,
        ncc1_0.dia_chi,
        ncc1_0.dieu_khoan_thanh_toan,
        ncc1_0.email,
        ncc1_0.ghi_chu,
        ncc1_0.ma_ncc,
        ncc1_0.ma_so_thue,
        ncc1_0.ngay_cap_nhat,
        ncc1_0.ngay_tao,
        ncc1_0.nguoi_lien_he,
        ncc1_0.sdt_lien_he,
        ncc1_0.so_dien_thoai,
        ncc1_0.so_ngay_duoc_no,
        ncc1_0.ten_ncc,
        ncc1_0.tong_cong_no,
        ncc1_0.tong_don_hang 
    from
        nha_cung_cap ncc1_0 
    where
        ncc1_0.id=?
2026-09-09T03:24:15.801+07:00 DEBUG 6752 --- [cuahangtienloi] [nio-8080-exec-1] org.hibernate.SQL                        : 
    select
        nv1_0.id,
        nv1_0.ca_mac_dinh,
        nv1_0.email,
        nv1_0.ho_ten,
        nv1_0.id_chi_nhanh,
        nv1_0.loai_hop_dong,
        nv1_0.luong_cung,
        nv1_0.luong_theo_gio,
        nv1_0.ma_nhan_vien,
        nv1_0.mat_khau,
        nv1_0.ngay_cap_nhat,
        nv1_0.ngay_tao,
        nv1_0.ngay_vao_lam,
        nv1_0.nguoi_cap_nhat,
        nv1_0.nguoi_tao,
        nv1_0.so_dien_thoai,
        nv1_0.so_tai_khoan,
        nv1_0.ten_dang_nhap,
        nv1_0.ten_ngan_hang,
        nv1_0.trang_thai,
        nv1_0.vai_tro,
        nv1_0.vi_tri 
    from
        nhan_vien nv1_0 
    where
        nv1_0.id=?
Hibernate: 
    select
        nv1_0.id,
        nv1_0.ca_mac_dinh,
        nv1_0.email,
        nv1_0.ho_ten,
        nv1_0.id_chi_nhanh,
        nv1_0.loai_hop_dong,
        nv1_0.luong_cung,
        nv1_0.luong_theo_gio,
        nv1_0.ma_nhan_vien,
        nv1_0.mat_khau,
        nv1_0.ngay_cap_nhat,
        nv1_0.ngay_tao,
        nv1_0.ngay_vao_lam,
        nv1_0.nguoi_cap_nhat,
        nv1_0.nguoi_tao,
        nv1_0.so_dien_thoai,
        nv1_0.so_tai_khoan,
        nv1_0.ten_dang_nhap,
        nv1_0.ten_ngan_hang,
        nv1_0.trang_thai,
        nv1_0.vai_tro,
        nv1_0.vi_tri 
    from
        nhan_vien nv1_0 
    where
        nv1_0.id=?
2026-09-09T03:24:15.912+07:00 DEBUG 6752 --- [cuahangtienloi] [nio-8080-exec-1] org.hibernate.SQL                        : 
    select
        cn1_0.id,
        cn1_0.dang_hoat_dong,
        cn1_0.dia_chi,
        cn1_0.dia_chi_chi_tiet,
        cn1_0.dien_tich_m2,
        cn1_0.doanh_thu_thang,
        cn1_0.gio_mo_cua,
        cn1_0.id_quan_ly,
        cn1_0.loai,
        cn1_0.loai_chi_nhanh,
        cn1_0.ma_chi_nhanh,
        cn1_0.ngay_cap_nhat,
        cn1_0.ngay_khai_truong,
        cn1_0.ngay_tao,
        cn1_0.nguoi_cap_nhat,
        cn1_0.nguoi_tao,
        cn1_0.quan_huyen,
        cn1_0.so_dien_thoai,
        cn1_0.ten_chi_nhanh,
        cn1_0.ten_quan_ly,
        cn1_0.tinh_thanh,
        cn1_0.trang_thai,
        cn1_0.vung_mien 
    from
        chi_nhanh cn1_0 
    where
        cn1_0.id=?
Hibernate: 
    select
        cn1_0.id,
        cn1_0.dang_hoat_dong,
        cn1_0.dia_chi,
        cn1_0.dia_chi_chi_tiet,
        cn1_0.dien_tich_m2,
        cn1_0.doanh_thu_thang,
        cn1_0.gio_mo_cua,
        cn1_0.id_quan_ly,
        cn1_0.loai,
        cn1_0.loai_chi_nhanh,
        cn1_0.ma_chi_nhanh,
        cn1_0.ngay_cap_nhat,
        cn1_0.ngay_khai_truong,
        cn1_0.ngay_tao,
        cn1_0.nguoi_cap_nhat,
        cn1_0.nguoi_tao,
        cn1_0.quan_huyen,
        cn1_0.so_dien_thoai,
        cn1_0.ten_chi_nhanh,
        cn1_0.ten_quan_ly,
        cn1_0.tinh_thanh,
        cn1_0.trang_thai,
        cn1_0.vung_mien 
    from
        chi_nhanh cn1_0 
    where
        cn1_0.id=?
2026-09-09T03:24:16.023+07:00 DEBUG 6752 --- [cuahangtienloi] [nio-8080-exec-1] org.hibernate.SQL                        : 
    select
        ncc1_0.id,
        ncc1_0.chuc_danh_lien_he,
        ncc1_0.dang_hoat_dong,
        ncc1_0.dia_chi,
        ncc1_0.dieu_khoan_thanh_toan,
        ncc1_0.email,
        ncc1_0.ghi_chu,
        ncc1_0.ma_ncc,
        ncc1_0.ma_so_thue,
        ncc1_0.ngay_cap_nhat,
        ncc1_0.ngay_tao,
        ncc1_0.nguoi_lien_he,
        ncc1_0.sdt_lien_he,
        ncc1_0.so_dien_thoai,
        ncc1_0.so_ngay_duoc_no,
        ncc1_0.ten_ncc,
        ncc1_0.tong_cong_no,
        ncc1_0.tong_don_hang 
    from
        nha_cung_cap ncc1_0 
    where
        ncc1_0.id=?
Hibernate: 
    select
        ncc1_0.id,
        ncc1_0.chuc_danh_lien_he,
        ncc1_0.dang_hoat_dong,
        ncc1_0.dia_chi,
        ncc1_0.dieu_khoan_thanh_toan,
        ncc1_0.email,
        ncc1_0.ghi_chu,
        ncc1_0.ma_ncc,
        ncc1_0.ma_so_thue,
        ncc1_0.ngay_cap_nhat,
        ncc1_0.ngay_tao,
        ncc1_0.nguoi_lien_he,
        ncc1_0.sdt_lien_he,
        ncc1_0.so_dien_thoai,
        ncc1_0.so_ngay_duoc_no,
        ncc1_0.ten_ncc,
        ncc1_0.tong_cong_no,
        ncc1_0.tong_don_hang 
    from
        nha_cung_cap ncc1_0 
    where
        ncc1_0.id=?
2026-09-09T03:24:16.135+07:00 DEBUG 6752 --- [cuahangtienloi] [nio-8080-exec-1] org.hibernate.SQL                        : 
    select
        nv1_0.id,
        nv1_0.ca_mac_dinh,
        nv1_0.email,
        nv1_0.ho_ten,
        nv1_0.id_chi_nhanh,
        nv1_0.loai_hop_dong,
        nv1_0.luong_cung,
        nv1_0.luong_theo_gio,
        nv1_0.ma_nhan_vien,
        nv1_0.mat_khau,
        nv1_0.ngay_cap_nhat,
        nv1_0.ngay_tao,
        nv1_0.ngay_vao_lam,
        nv1_0.nguoi_cap_nhat,
        nv1_0.nguoi_tao,
        nv1_0.so_dien_thoai,
        nv1_0.so_tai_khoan,
        nv1_0.ten_dang_nhap,
        nv1_0.ten_ngan_hang,
        nv1_0.trang_thai,
        nv1_0.vai_tro,
        nv1_0.vi_tri 
    from
        nhan_vien nv1_0 
    where
        nv1_0.id=?
Hibernate: 
    select
        nv1_0.id,
        nv1_0.ca_mac_dinh,
        nv1_0.email,
        nv1_0.ho_ten,
        nv1_0.id_chi_nhanh,
        nv1_0.loai_hop_dong,
        nv1_0.luong_cung,
        nv1_0.luong_theo_gio,
        nv1_0.ma_nhan_vien,
        nv1_0.mat_khau,
        nv1_0.ngay_cap_nhat,
        nv1_0.ngay_tao,
        nv1_0.ngay_vao_lam,
        nv1_0.nguoi_cap_nhat,
        nv1_0.nguoi_tao,
        nv1_0.so_dien_thoai,
        nv1_0.so_tai_khoan,
        nv1_0.ten_dang_nhap,
        nv1_0.ten_ngan_hang,
        nv1_0.trang_thai,
        nv1_0.vai_tro,
        nv1_0.vi_tri 
    from
        nhan_vien nv1_0 
    where
        nv1_0.id=?
2026-09-09T03:26:01.860+07:00 DEBUG 6752 --- [cuahangtienloi] [nio-8080-exec-3] org.hibernate.SQL                        : 
    select
        pn1_0.id,
        pn1_0.cong_no,
        pn1_0.da_thanh_toan,
        pn1_0.ghi_chu,
        pn1_0.giam_gia,
        pn1_0.grand_total,
        pn1_0.id_chi_nhanh,
        pn1_0.id_ncc,
        pn1_0.id_nguoi_nhap,
        pn1_0.ma_phieu,
        pn1_0.ngay_cap_nhat,
        pn1_0.ngay_dat_hang,
        pn1_0.ngay_du_kien_giao,
        pn1_0.ngay_nhan_thuc_te,
        pn1_0.ngay_tao,
        pn1_0.sub_total,
        pn1_0.trang_thai,
        pn1_0.vat_total 
    from
        phieu_nhap pn1_0
Hibernate: 
    select
        pn1_0.id,
        pn1_0.cong_no,
        pn1_0.da_thanh_toan,
        pn1_0.ghi_chu,
        pn1_0.giam_gia,
        pn1_0.grand_total,
        pn1_0.id_chi_nhanh,
        pn1_0.id_ncc,
        pn1_0.id_nguoi_nhap,
        pn1_0.ma_phieu,
        pn1_0.ngay_cap_nhat,
        pn1_0.ngay_dat_hang,
        pn1_0.ngay_du_kien_giao,
        pn1_0.ngay_nhan_thuc_te,
        pn1_0.ngay_tao,
        pn1_0.sub_total,
        pn1_0.trang_thai,
        pn1_0.vat_total 
    from
        phieu_nhap pn1_0
2026-09-09T03:26:01.974+07:00 DEBUG 6752 --- [cuahangtienloi] [nio-8080-exec-3] org.hibernate.SQL                        : 
    select
        cn1_0.id,
        cn1_0.dang_hoat_dong,
        cn1_0.dia_chi,
        cn1_0.dia_chi_chi_tiet,
        cn1_0.dien_tich_m2,
        cn1_0.doanh_thu_thang,
        cn1_0.gio_mo_cua,
        cn1_0.id_quan_ly,
        cn1_0.loai,
        cn1_0.loai_chi_nhanh,
        cn1_0.ma_chi_nhanh,
        cn1_0.ngay_cap_nhat,
        cn1_0.ngay_khai_truong,
        cn1_0.ngay_tao,
        cn1_0.nguoi_cap_nhat,
        cn1_0.nguoi_tao,
        cn1_0.quan_huyen,
        cn1_0.so_dien_thoai,
        cn1_0.ten_chi_nhanh,
        cn1_0.ten_quan_ly,
        cn1_0.tinh_thanh,
        cn1_0.trang_thai,
        cn1_0.vung_mien 
    from
        chi_nhanh cn1_0 
    where
        cn1_0.id=?
Hibernate: 
    select
        cn1_0.id,
        cn1_0.dang_hoat_dong,
        cn1_0.dia_chi,
        cn1_0.dia_chi_chi_tiet,
        cn1_0.dien_tich_m2,
        cn1_0.doanh_thu_thang,
        cn1_0.gio_mo_cua,
        cn1_0.id_quan_ly,
        cn1_0.loai,
        cn1_0.loai_chi_nhanh,
        cn1_0.ma_chi_nhanh,
        cn1_0.ngay_cap_nhat,
        cn1_0.ngay_khai_truong,
        cn1_0.ngay_tao,
        cn1_0.nguoi_cap_nhat,
        cn1_0.nguoi_tao,
        cn1_0.quan_huyen,
        cn1_0.so_dien_thoai,
        cn1_0.ten_chi_nhanh,
        cn1_0.ten_quan_ly,
        cn1_0.tinh_thanh,
        cn1_0.trang_thai,
        cn1_0.vung_mien 
    from
        chi_nhanh cn1_0 
    where
        cn1_0.id=?
2026-09-09T03:26:02.085+07:00 DEBUG 6752 --- [cuahangtienloi] [nio-8080-exec-3] org.hibernate.SQL                        : 
    select
        ncc1_0.id,
        ncc1_0.chuc_danh_lien_he,
        ncc1_0.dang_hoat_dong,
        ncc1_0.dia_chi,
        ncc1_0.dieu_khoan_thanh_toan,
        ncc1_0.email,
        ncc1_0.ghi_chu,
        ncc1_0.ma_ncc,
        ncc1_0.ma_so_thue,
        ncc1_0.ngay_cap_nhat,
        ncc1_0.ngay_tao,
        ncc1_0.nguoi_lien_he,
        ncc1_0.sdt_lien_he,
        ncc1_0.so_dien_thoai,
        ncc1_0.so_ngay_duoc_no,
        ncc1_0.ten_ncc,
        ncc1_0.tong_cong_no,
        ncc1_0.tong_don_hang 
    from
        nha_cung_cap ncc1_0 
    where
        ncc1_0.id=?
Hibernate: 
    select
        ncc1_0.id,
        ncc1_0.chuc_danh_lien_he,
        ncc1_0.dang_hoat_dong,
        ncc1_0.dia_chi,
        ncc1_0.dieu_khoan_thanh_toan,
        ncc1_0.email,
        ncc1_0.ghi_chu,
        ncc1_0.ma_ncc,
        ncc1_0.ma_so_thue,
        ncc1_0.ngay_cap_nhat,
        ncc1_0.ngay_tao,
        ncc1_0.nguoi_lien_he,
        ncc1_0.sdt_lien_he,
        ncc1_0.so_dien_thoai,
        ncc1_0.so_ngay_duoc_no,
        ncc1_0.ten_ncc,
        ncc1_0.tong_cong_no,
        ncc1_0.tong_don_hang 
    from
        nha_cung_cap ncc1_0 
    where
        ncc1_0.id=?
2026-09-09T03:26:02.197+07:00 DEBUG 6752 --- [cuahangtienloi] [nio-8080-exec-3] org.hibernate.SQL                        : 
    select
        nv1_0.id,
        nv1_0.ca_mac_dinh,
        nv1_0.email,
        nv1_0.ho_ten,
        nv1_0.id_chi_nhanh,
        nv1_0.loai_hop_dong,
        nv1_0.luong_cung,
        nv1_0.luong_theo_gio,
        nv1_0.ma_nhan_vien,
        nv1_0.mat_khau,
        nv1_0.ngay_cap_nhat,
        nv1_0.ngay_tao,
        nv1_0.ngay_vao_lam,
        nv1_0.nguoi_cap_nhat,
        nv1_0.nguoi_tao,
        nv1_0.so_dien_thoai,
        nv1_0.so_tai_khoan,
        nv1_0.ten_dang_nhap,
        nv1_0.ten_ngan_hang,
        nv1_0.trang_thai,
        nv1_0.vai_tro,
        nv1_0.vi_tri 
    from
        nhan_vien nv1_0 
    where
        nv1_0.id=?
Hibernate: 
    select
        nv1_0.id,
        nv1_0.ca_mac_dinh,
        nv1_0.email,
        nv1_0.ho_ten,
        nv1_0.id_chi_nhanh,
        nv1_0.loai_hop_dong,
        nv1_0.luong_cung,
        nv1_0.luong_theo_gio,
        nv1_0.ma_nhan_vien,
        nv1_0.mat_khau,
        nv1_0.ngay_cap_nhat,
        nv1_0.ngay_tao,
        nv1_0.ngay_vao_lam,
        nv1_0.nguoi_cap_nhat,
        nv1_0.nguoi_tao,
        nv1_0.so_dien_thoai,
        nv1_0.so_tai_khoan,
        nv1_0.ten_dang_nhap,
        nv1_0.ten_ngan_hang,
        nv1_0.trang_thai,
        nv1_0.vai_tro,
        nv1_0.vi_tri 
    from
        nhan_vien nv1_0 
    where
        nv1_0.id=?
2026-09-09T03:26:02.308+07:00 DEBUG 6752 --- [cuahangtienloi] [nio-8080-exec-3] org.hibernate.SQL                        : 
    select
        cn1_0.id,
        cn1_0.dang_hoat_dong,
        cn1_0.dia_chi,
        cn1_0.dia_chi_chi_tiet,
        cn1_0.dien_tich_m2,
        cn1_0.doanh_thu_thang,
        cn1_0.gio_mo_cua,
        cn1_0.id_quan_ly,
        cn1_0.loai,
        cn1_0.loai_chi_nhanh,
        cn1_0.ma_chi_nhanh,
        cn1_0.ngay_cap_nhat,
        cn1_0.ngay_khai_truong,
        cn1_0.ngay_tao,
        cn1_0.nguoi_cap_nhat,
        cn1_0.nguoi_tao,
        cn1_0.quan_huyen,
        cn1_0.so_dien_thoai,
        cn1_0.ten_chi_nhanh,
        cn1_0.ten_quan_ly,
        cn1_0.tinh_thanh,
        cn1_0.trang_thai,
        cn1_0.vung_mien 
    from
        chi_nhanh cn1_0 
    where
        cn1_0.id=?
Hibernate: 
    select
        cn1_0.id,
        cn1_0.dang_hoat_dong,
        cn1_0.dia_chi,
        cn1_0.dia_chi_chi_tiet,
        cn1_0.dien_tich_m2,
        cn1_0.doanh_thu_thang,
        cn1_0.gio_mo_cua,
        cn1_0.id_quan_ly,
        cn1_0.loai,
        cn1_0.loai_chi_nhanh,
        cn1_0.ma_chi_nhanh,
        cn1_0.ngay_cap_nhat,
        cn1_0.ngay_khai_truong,
        cn1_0.ngay_tao,
        cn1_0.nguoi_cap_nhat,
        cn1_0.nguoi_tao,
        cn1_0.quan_huyen,
        cn1_0.so_dien_thoai,
        cn1_0.ten_chi_nhanh,
        cn1_0.ten_quan_ly,
        cn1_0.tinh_thanh,
        cn1_0.trang_thai,
        cn1_0.vung_mien 
    from
        chi_nhanh cn1_0 
    where
        cn1_0.id=?
2026-09-09T03:26:02.419+07:00 DEBUG 6752 --- [cuahangtienloi] [nio-8080-exec-3] org.hibernate.SQL                        : 
    select
        ncc1_0.id,
        ncc1_0.chuc_danh_lien_he,
        ncc1_0.dang_hoat_dong,
        ncc1_0.dia_chi,
        ncc1_0.dieu_khoan_thanh_toan,
        ncc1_0.email,
        ncc1_0.ghi_chu,
        ncc1_0.ma_ncc,
        ncc1_0.ma_so_thue,
        ncc1_0.ngay_cap_nhat,
        ncc1_0.ngay_tao,
        ncc1_0.nguoi_lien_he,
        ncc1_0.sdt_lien_he,
        ncc1_0.so_dien_thoai,
        ncc1_0.so_ngay_duoc_no,
        ncc1_0.ten_ncc,
        ncc1_0.tong_cong_no,
        ncc1_0.tong_don_hang 
    from
        nha_cung_cap ncc1_0 
    where
        ncc1_0.id=?
Hibernate: 
    select
        ncc1_0.id,
        ncc1_0.chuc_danh_lien_he,
        ncc1_0.dang_hoat_dong,
        ncc1_0.dia_chi,
        ncc1_0.dieu_khoan_thanh_toan,
        ncc1_0.email,
        ncc1_0.ghi_chu,
        ncc1_0.ma_ncc,
        ncc1_0.ma_so_thue,
        ncc1_0.ngay_cap_nhat,
        ncc1_0.ngay_tao,
        ncc1_0.nguoi_lien_he,
        ncc1_0.sdt_lien_he,
        ncc1_0.so_dien_thoai,
        ncc1_0.so_ngay_duoc_no,
        ncc1_0.ten_ncc,
        ncc1_0.tong_cong_no,
        ncc1_0.tong_don_hang 
    from
        nha_cung_cap ncc1_0 
    where
        ncc1_0.id=?
2026-09-09T03:26:02.530+07:00 DEBUG 6752 --- [cuahangtienloi] [nio-8080-exec-3] org.hibernate.SQL                        : 
    select
        nv1_0.id,
        nv1_0.ca_mac_dinh,
        nv1_0.email,
        nv1_0.ho_ten,
        nv1_0.id_chi_nhanh,
        nv1_0.loai_hop_dong,
        nv1_0.luong_cung,
        nv1_0.luong_theo_gio,
        nv1_0.ma_nhan_vien,
        nv1_0.mat_khau,
        nv1_0.ngay_cap_nhat,
        nv1_0.ngay_tao,
        nv1_0.ngay_vao_lam,
        nv1_0.nguoi_cap_nhat,
        nv1_0.nguoi_tao,
        nv1_0.so_dien_thoai,
        nv1_0.so_tai_khoan,
        nv1_0.ten_dang_nhap,
        nv1_0.ten_ngan_hang,
        nv1_0.trang_thai,
        nv1_0.vai_tro,
        nv1_0.vi_tri 
    from
        nhan_vien nv1_0 
    where
        nv1_0.id=?
Hibernate: 
    select
        nv1_0.id,
        nv1_0.ca_mac_dinh,
        nv1_0.email,
        nv1_0.ho_ten,
        nv1_0.id_chi_nhanh,
        nv1_0.loai_hop_dong,
        nv1_0.luong_cung,
        nv1_0.luong_theo_gio,
        nv1_0.ma_nhan_vien,
        nv1_0.mat_khau,
        nv1_0.ngay_cap_nhat,
        nv1_0.ngay_tao,
        nv1_0.ngay_vao_lam,
        nv1_0.nguoi_cap_nhat,
        nv1_0.nguoi_tao,
        nv1_0.so_dien_thoai,
        nv1_0.so_tai_khoan,
        nv1_0.ten_dang_nhap,
        nv1_0.ten_ngan_hang,
        nv1_0.trang_thai,
        nv1_0.vai_tro,
        nv1_0.vi_tri 
    from
        nhan_vien nv1_0 
    where
        nv1_0.id=?
2026-09-09T03:26:02.642+07:00 DEBUG 6752 --- [cuahangtienloi] [nio-8080-exec-3] org.hibernate.SQL                        : 
    select
        cn1_0.id,
        cn1_0.dang_hoat_dong,
        cn1_0.dia_chi,
        cn1_0.dia_chi_chi_tiet,
        cn1_0.dien_tich_m2,
        cn1_0.doanh_thu_thang,
        cn1_0.gio_mo_cua,
        cn1_0.id_quan_ly,
        cn1_0.loai,
        cn1_0.loai_chi_nhanh,
        cn1_0.ma_chi_nhanh,
        cn1_0.ngay_cap_nhat,
        cn1_0.ngay_khai_truong,
        cn1_0.ngay_tao,
        cn1_0.nguoi_cap_nhat,
        cn1_0.nguoi_tao,
        cn1_0.quan_huyen,
        cn1_0.so_dien_thoai,
        cn1_0.ten_chi_nhanh,
        cn1_0.ten_quan_ly,
        cn1_0.tinh_thanh,
        cn1_0.trang_thai,
        cn1_0.vung_mien 
    from
        chi_nhanh cn1_0 
    where
        cn1_0.id=?
Hibernate: 
    select
        cn1_0.id,
        cn1_0.dang_hoat_dong,
        cn1_0.dia_chi,
        cn1_0.dia_chi_chi_tiet,
        cn1_0.dien_tich_m2,
        cn1_0.doanh_thu_thang,
        cn1_0.gio_mo_cua,
        cn1_0.id_quan_ly,
        cn1_0.loai,
        cn1_0.loai_chi_nhanh,
        cn1_0.ma_chi_nhanh,
        cn1_0.ngay_cap_nhat,
        cn1_0.ngay_khai_truong,
        cn1_0.ngay_tao,
        cn1_0.nguoi_cap_nhat,
        cn1_0.nguoi_tao,
        cn1_0.quan_huyen,
        cn1_0.so_dien_thoai,
        cn1_0.ten_chi_nhanh,
        cn1_0.ten_quan_ly,
        cn1_0.tinh_thanh,
        cn1_0.trang_thai,
        cn1_0.vung_mien 
    from
        chi_nhanh cn1_0 
    where
        cn1_0.id=?
2026-09-09T03:26:02.752+07:00 DEBUG 6752 --- [cuahangtienloi] [nio-8080-exec-3] org.hibernate.SQL                        : 
    select
        ncc1_0.id,
        ncc1_0.chuc_danh_lien_he,
        ncc1_0.dang_hoat_dong,
        ncc1_0.dia_chi,
        ncc1_0.dieu_khoan_thanh_toan,
        ncc1_0.email,
        ncc1_0.ghi_chu,
        ncc1_0.ma_ncc,
        ncc1_0.ma_so_thue,
        ncc1_0.ngay_cap_nhat,
        ncc1_0.ngay_tao,
        ncc1_0.nguoi_lien_he,
        ncc1_0.sdt_lien_he,
        ncc1_0.so_dien_thoai,
        ncc1_0.so_ngay_duoc_no,
        ncc1_0.ten_ncc,
        ncc1_0.tong_cong_no,
        ncc1_0.tong_don_hang 
    from
        nha_cung_cap ncc1_0 
    where
        ncc1_0.id=?
Hibernate: 
    select
        ncc1_0.id,
        ncc1_0.chuc_danh_lien_he,
        ncc1_0.dang_hoat_dong,
        ncc1_0.dia_chi,
        ncc1_0.dieu_khoan_thanh_toan,
        ncc1_0.email,
        ncc1_0.ghi_chu,
        ncc1_0.ma_ncc,
        ncc1_0.ma_so_thue,
        ncc1_0.ngay_cap_nhat,
        ncc1_0.ngay_tao,
        ncc1_0.nguoi_lien_he,
        ncc1_0.sdt_lien_he,
        ncc1_0.so_dien_thoai,
        ncc1_0.so_ngay_duoc_no,
        ncc1_0.ten_ncc,
        ncc1_0.tong_cong_no,
        ncc1_0.tong_don_hang 
    from
        nha_cung_cap ncc1_0 
    where
        ncc1_0.id=?
2026-09-09T03:26:02.863+07:00 DEBUG 6752 --- [cuahangtienloi] [nio-8080-exec-3] org.hibernate.SQL                        : 
    select
        nv1_0.id,
        nv1_0.ca_mac_dinh,
        nv1_0.email,
        nv1_0.ho_ten,
        nv1_0.id_chi_nhanh,
        nv1_0.loai_hop_dong,
        nv1_0.luong_cung,
        nv1_0.luong_theo_gio,
        nv1_0.ma_nhan_vien,
        nv1_0.mat_khau,
        nv1_0.ngay_cap_nhat,
        nv1_0.ngay_tao,
        nv1_0.ngay_vao_lam,
        nv1_0.nguoi_cap_nhat,
        nv1_0.nguoi_tao,
        nv1_0.so_dien_thoai,
        nv1_0.so_tai_khoan,
        nv1_0.ten_dang_nhap,
        nv1_0.ten_ngan_hang,
        nv1_0.trang_thai,
        nv1_0.vai_tro,
        nv1_0.vi_tri 
    from
        nhan_vien nv1_0 
    where
        nv1_0.id=?
Hibernate: 
    select
        nv1_0.id,
        nv1_0.ca_mac_dinh,
        nv1_0.email,
        nv1_0.ho_ten,
        nv1_0.id_chi_nhanh,
        nv1_0.loai_hop_dong,
        nv1_0.luong_cung,
        nv1_0.luong_theo_gio,
        nv1_0.ma_nhan_vien,
        nv1_0.mat_khau,
        nv1_0.ngay_cap_nhat,
        nv1_0.ngay_tao,
        nv1_0.ngay_vao_lam,
        nv1_0.nguoi_cap_nhat,
        nv1_0.nguoi_tao,
        nv1_0.so_dien_thoai,
        nv1_0.so_tai_khoan,
        nv1_0.ten_dang_nhap,
        nv1_0.ten_ngan_hang,
        nv1_0.trang_thai,
        nv1_0.vai_tro,
        nv1_0.vi_tri 
    from
        nhan_vien nv1_0 
    where
        nv1_0.id=?
2026-09-09T03:26:02.974+07:00 DEBUG 6752 --- [cuahangtienloi] [nio-8080-exec-3] org.hibernate.SQL                        : 
    select
        cn1_0.id,
        cn1_0.dang_hoat_dong,
        cn1_0.dia_chi,
        cn1_0.dia_chi_chi_tiet,
        cn1_0.dien_tich_m2,
        cn1_0.doanh_thu_thang,
        cn1_0.gio_mo_cua,
        cn1_0.id_quan_ly,
        cn1_0.loai,
        cn1_0.loai_chi_nhanh,
        cn1_0.ma_chi_nhanh,
        cn1_0.ngay_cap_nhat,
        cn1_0.ngay_khai_truong,
        cn1_0.ngay_tao,
        cn1_0.nguoi_cap_nhat,
        cn1_0.nguoi_tao,
        cn1_0.quan_huyen,
        cn1_0.so_dien_thoai,
        cn1_0.ten_chi_nhanh,
        cn1_0.ten_quan_ly,
        cn1_0.tinh_thanh,
        cn1_0.trang_thai,
        cn1_0.vung_mien 
    from
        chi_nhanh cn1_0 
    where
        cn1_0.id=?
Hibernate: 
    select
        cn1_0.id,
        cn1_0.dang_hoat_dong,
        cn1_0.dia_chi,
        cn1_0.dia_chi_chi_tiet,
        cn1_0.dien_tich_m2,
        cn1_0.doanh_thu_thang,
        cn1_0.gio_mo_cua,
        cn1_0.id_quan_ly,
        cn1_0.loai,
        cn1_0.loai_chi_nhanh,
        cn1_0.ma_chi_nhanh,
        cn1_0.ngay_cap_nhat,
        cn1_0.ngay_khai_truong,
        cn1_0.ngay_tao,
        cn1_0.nguoi_cap_nhat,
        cn1_0.nguoi_tao,
        cn1_0.quan_huyen,
        cn1_0.so_dien_thoai,
        cn1_0.ten_chi_nhanh,
        cn1_0.ten_quan_ly,
        cn1_0.tinh_thanh,
        cn1_0.trang_thai,
        cn1_0.vung_mien 
    from
        chi_nhanh cn1_0 
    where
        cn1_0.id=?
2026-09-09T03:26:03.085+07:00 DEBUG 6752 --- [cuahangtienloi] [nio-8080-exec-3] org.hibernate.SQL                        : 
    select
        ncc1_0.id,
        ncc1_0.chuc_danh_lien_he,
        ncc1_0.dang_hoat_dong,
        ncc1_0.dia_chi,
        ncc1_0.dieu_khoan_thanh_toan,
        ncc1_0.email,
        ncc1_0.ghi_chu,
        ncc1_0.ma_ncc,
        ncc1_0.ma_so_thue,
        ncc1_0.ngay_cap_nhat,
        ncc1_0.ngay_tao,
        ncc1_0.nguoi_lien_he,
        ncc1_0.sdt_lien_he,
        ncc1_0.so_dien_thoai,
        ncc1_0.so_ngay_duoc_no,
        ncc1_0.ten_ncc,
        ncc1_0.tong_cong_no,
        ncc1_0.tong_don_hang 
    from
        nha_cung_cap ncc1_0 
    where
        ncc1_0.id=?
Hibernate: 
    select
        ncc1_0.id,
        ncc1_0.chuc_danh_lien_he,
        ncc1_0.dang_hoat_dong,
        ncc1_0.dia_chi,
        ncc1_0.dieu_khoan_thanh_toan,
        ncc1_0.email,
        ncc1_0.ghi_chu,
        ncc1_0.ma_ncc,
        ncc1_0.ma_so_thue,
        ncc1_0.ngay_cap_nhat,
        ncc1_0.ngay_tao,
        ncc1_0.nguoi_lien_he,
        ncc1_0.sdt_lien_he,
        ncc1_0.so_dien_thoai,
        ncc1_0.so_ngay_duoc_no,
        ncc1_0.ten_ncc,
        ncc1_0.tong_cong_no,
        ncc1_0.tong_don_hang 
    from
        nha_cung_cap ncc1_0 
    where
        ncc1_0.id=?
2026-09-09T03:26:03.197+07:00 DEBUG 6752 --- [cuahangtienloi] [nio-8080-exec-3] org.hibernate.SQL                        : 
    select
        nv1_0.id,
        nv1_0.ca_mac_dinh,
        nv1_0.email,
        nv1_0.ho_ten,
        nv1_0.id_chi_nhanh,
        nv1_0.loai_hop_dong,
        nv1_0.luong_cung,
        nv1_0.luong_theo_gio,
        nv1_0.ma_nhan_vien,
        nv1_0.mat_khau,
        nv1_0.ngay_cap_nhat,
        nv1_0.ngay_tao,
        nv1_0.ngay_vao_lam,
        nv1_0.nguoi_cap_nhat,
        nv1_0.nguoi_tao,
        nv1_0.so_dien_thoai,
        nv1_0.so_tai_khoan,
        nv1_0.ten_dang_nhap,
        nv1_0.ten_ngan_hang,
        nv1_0.trang_thai,
        nv1_0.vai_tro,
        nv1_0.vi_tri 
    from
        nhan_vien nv1_0 
    where
        nv1_0.id=?
Hibernate: 
    select
        nv1_0.id,
        nv1_0.ca_mac_dinh,
        nv1_0.email,
        nv1_0.ho_ten,
        nv1_0.id_chi_nhanh,
        nv1_0.loai_hop_dong,
        nv1_0.luong_cung,
        nv1_0.luong_theo_gio,
        nv1_0.ma_nhan_vien,
        nv1_0.mat_khau,
        nv1_0.ngay_cap_nhat,
        nv1_0.ngay_tao,
        nv1_0.ngay_vao_lam,
        nv1_0.nguoi_cap_nhat,
        nv1_0.nguoi_tao,
        nv1_0.so_dien_thoai,
        nv1_0.so_tai_khoan,
        nv1_0.ten_dang_nhap,
        nv1_0.ten_ngan_hang,
        nv1_0.trang_thai,
        nv1_0.vai_tro,
        nv1_0.vi_tri 
    from
        nhan_vien nv1_0 
    where
        nv1_0.id=?
2026-09-09T03:26:03.314+07:00 DEBUG 6752 --- [cuahangtienloi] [nio-8080-exec-3] org.hibernate.SQL                        : 
    select
        cn1_0.id,
        cn1_0.dang_hoat_dong,
        cn1_0.dia_chi,
        cn1_0.dia_chi_chi_tiet,
        cn1_0.dien_tich_m2,
        cn1_0.doanh_thu_thang,
        cn1_0.gio_mo_cua,
        cn1_0.id_quan_ly,
        cn1_0.loai,
        cn1_0.loai_chi_nhanh,
        cn1_0.ma_chi_nhanh,
        cn1_0.ngay_cap_nhat,
        cn1_0.ngay_khai_truong,
        cn1_0.ngay_tao,
        cn1_0.nguoi_cap_nhat,
        cn1_0.nguoi_tao,
        cn1_0.quan_huyen,
        cn1_0.so_dien_thoai,
        cn1_0.ten_chi_nhanh,
        cn1_0.ten_quan_ly,
        cn1_0.tinh_thanh,
        cn1_0.trang_thai,
        cn1_0.vung_mien 
    from
        chi_nhanh cn1_0 
    where
        cn1_0.id=?
Hibernate: 
    select
        cn1_0.id,
        cn1_0.dang_hoat_dong,
        cn1_0.dia_chi,
        cn1_0.dia_chi_chi_tiet,
        cn1_0.dien_tich_m2,
        cn1_0.doanh_thu_thang,
        cn1_0.gio_mo_cua,
        cn1_0.id_quan_ly,
        cn1_0.loai,
        cn1_0.loai_chi_nhanh,
        cn1_0.ma_chi_nhanh,
        cn1_0.ngay_cap_nhat,
        cn1_0.ngay_khai_truong,
        cn1_0.ngay_tao,
        cn1_0.nguoi_cap_nhat,
        cn1_0.nguoi_tao,
        cn1_0.quan_huyen,
        cn1_0.so_dien_thoai,
        cn1_0.ten_chi_nhanh,
        cn1_0.ten_quan_ly,
        cn1_0.tinh_thanh,
        cn1_0.trang_thai,
        cn1_0.vung_mien 
    from
        chi_nhanh cn1_0 
    where
        cn1_0.id=?
2026-09-09T03:26:03.546+07:00 DEBUG 6752 --- [cuahangtienloi] [nio-8080-exec-3] org.hibernate.SQL                        : 
    select
        ncc1_0.id,
        ncc1_0.chuc_danh_lien_he,
        ncc1_0.dang_hoat_dong,
        ncc1_0.dia_chi,
        ncc1_0.dieu_khoan_thanh_toan,
        ncc1_0.email,
        ncc1_0.ghi_chu,
        ncc1_0.ma_ncc,
        ncc1_0.ma_so_thue,
        ncc1_0.ngay_cap_nhat,
        ncc1_0.ngay_tao,
        ncc1_0.nguoi_lien_he,
        ncc1_0.sdt_lien_he,
        ncc1_0.so_dien_thoai,
        ncc1_0.so_ngay_duoc_no,
        ncc1_0.ten_ncc,
        ncc1_0.tong_cong_no,
        ncc1_0.tong_don_hang 
    from
        nha_cung_cap ncc1_0 
    where
        ncc1_0.id=?
Hibernate: 
    select
        ncc1_0.id,
        ncc1_0.chuc_danh_lien_he,
        ncc1_0.dang_hoat_dong,
        ncc1_0.dia_chi,
        ncc1_0.dieu_khoan_thanh_toan,
        ncc1_0.email,
        ncc1_0.ghi_chu,
        ncc1_0.ma_ncc,
        ncc1_0.ma_so_thue,
        ncc1_0.ngay_cap_nhat,
        ncc1_0.ngay_tao,
        ncc1_0.nguoi_lien_he,
        ncc1_0.sdt_lien_he,
        ncc1_0.so_dien_thoai,
        ncc1_0.so_ngay_duoc_no,
        ncc1_0.ten_ncc,
        ncc1_0.tong_cong_no,
        ncc1_0.tong_don_hang 
    from
        nha_cung_cap ncc1_0 
    where
        ncc1_0.id=?
2026-09-09T03:26:03.662+07:00 DEBUG 6752 --- [cuahangtienloi] [nio-8080-exec-3] org.hibernate.SQL                        : 
    select
        nv1_0.id,
        nv1_0.ca_mac_dinh,
        nv1_0.email,
        nv1_0.ho_ten,
        nv1_0.id_chi_nhanh,
        nv1_0.loai_hop_dong,
        nv1_0.luong_cung,
        nv1_0.luong_theo_gio,
        nv1_0.ma_nhan_vien,
        nv1_0.mat_khau,
        nv1_0.ngay_cap_nhat,
        nv1_0.ngay_tao,
        nv1_0.ngay_vao_lam,
        nv1_0.nguoi_cap_nhat,
        nv1_0.nguoi_tao,
        nv1_0.so_dien_thoai,
        nv1_0.so_tai_khoan,
        nv1_0.ten_dang_nhap,
        nv1_0.ten_ngan_hang,
        nv1_0.trang_thai,
        nv1_0.vai_tro,
        nv1_0.vi_tri 
    from
        nhan_vien nv1_0 
    where
        nv1_0.id=?
Hibernate: 
    select
        nv1_0.id,
        nv1_0.ca_mac_dinh,
        nv1_0.email,
        nv1_0.ho_ten,
        nv1_0.id_chi_nhanh,
        nv1_0.loai_hop_dong,
        nv1_0.luong_cung,
        nv1_0.luong_theo_gio,
        nv1_0.ma_nhan_vien,
        nv1_0.mat_khau,
        nv1_0.ngay_cap_nhat,
        nv1_0.ngay_tao,
        nv1_0.ngay_vao_lam,
        nv1_0.nguoi_cap_nhat,
        nv1_0.nguoi_tao,
        nv1_0.so_dien_thoai,
        nv1_0.so_tai_khoan,
        nv1_0.ten_dang_nhap,
        nv1_0.ten_ngan_hang,
        nv1_0.trang_thai,
        nv1_0.vai_tro,
        nv1_0.vi_tri 
    from
        nhan_vien nv1_0 
    where
        nv1_0.id=?
2026-09-09T03:26:03.773+07:00 DEBUG 6752 --- [cuahangtienloi] [nio-8080-exec-3] org.hibernate.SQL                        : 
    select
        cn1_0.id,
        cn1_0.dang_hoat_dong,
        cn1_0.dia_chi,
        cn1_0.dia_chi_chi_tiet,
        cn1_0.dien_tich_m2,
        cn1_0.doanh_thu_thang,
        cn1_0.gio_mo_cua,
        cn1_0.id_quan_ly,
        cn1_0.loai,
        cn1_0.loai_chi_nhanh,
        cn1_0.ma_chi_nhanh,
        cn1_0.ngay_cap_nhat,
        cn1_0.ngay_khai_truong,
        cn1_0.ngay_tao,
        cn1_0.nguoi_cap_nhat,
        cn1_0.nguoi_tao,
        cn1_0.quan_huyen,
        cn1_0.so_dien_thoai,
        cn1_0.ten_chi_nhanh,
        cn1_0.ten_quan_ly,
        cn1_0.tinh_thanh,
        cn1_0.trang_thai,
        cn1_0.vung_mien 
    from
        chi_nhanh cn1_0 
    where
        cn1_0.id=?
Hibernate: 
    select
        cn1_0.id,
        cn1_0.dang_hoat_dong,
        cn1_0.dia_chi,
        cn1_0.dia_chi_chi_tiet,
        cn1_0.dien_tich_m2,
        cn1_0.doanh_thu_thang,
        cn1_0.gio_mo_cua,
        cn1_0.id_quan_ly,
        cn1_0.loai,
        cn1_0.loai_chi_nhanh,
        cn1_0.ma_chi_nhanh,
        cn1_0.ngay_cap_nhat,
        cn1_0.ngay_khai_truong,
        cn1_0.ngay_tao,
        cn1_0.nguoi_cap_nhat,
        cn1_0.nguoi_tao,
        cn1_0.quan_huyen,
        cn1_0.so_dien_thoai,
        cn1_0.ten_chi_nhanh,
        cn1_0.ten_quan_ly,
        cn1_0.tinh_thanh,
        cn1_0.trang_thai,
        cn1_0.vung_mien 
    from
        chi_nhanh cn1_0 
    where
        cn1_0.id=?
2026-09-09T03:26:03.885+07:00 DEBUG 6752 --- [cuahangtienloi] [nio-8080-exec-3] org.hibernate.SQL                        : 
    select
        ncc1_0.id,
        ncc1_0.chuc_danh_lien_he,
        ncc1_0.dang_hoat_dong,
        ncc1_0.dia_chi,
        ncc1_0.dieu_khoan_thanh_toan,
        ncc1_0.email,
        ncc1_0.ghi_chu,
        ncc1_0.ma_ncc,
        ncc1_0.ma_so_thue,
        ncc1_0.ngay_cap_nhat,
        ncc1_0.ngay_tao,
        ncc1_0.nguoi_lien_he,
        ncc1_0.sdt_lien_he,
        ncc1_0.so_dien_thoai,
        ncc1_0.so_ngay_duoc_no,
        ncc1_0.ten_ncc,
        ncc1_0.tong_cong_no,
        ncc1_0.tong_don_hang 
    from
        nha_cung_cap ncc1_0 
    where
        ncc1_0.id=?
Hibernate: 
    select
        ncc1_0.id,
        ncc1_0.chuc_danh_lien_he,
        ncc1_0.dang_hoat_dong,
        ncc1_0.dia_chi,
        ncc1_0.dieu_khoan_thanh_toan,
        ncc1_0.email,
        ncc1_0.ghi_chu,
        ncc1_0.ma_ncc,
        ncc1_0.ma_so_thue,
        ncc1_0.ngay_cap_nhat,
        ncc1_0.ngay_tao,
        ncc1_0.nguoi_lien_he,
        ncc1_0.sdt_lien_he,
        ncc1_0.so_dien_thoai,
        ncc1_0.so_ngay_duoc_no,
        ncc1_0.ten_ncc,
        ncc1_0.tong_cong_no,
        ncc1_0.tong_don_hang 
    from
        nha_cung_cap ncc1_0 
    where
        ncc1_0.id=?
2026-09-09T03:26:03.995+07:00 DEBUG 6752 --- [cuahangtienloi] [nio-8080-exec-3] org.hibernate.SQL                        : 
    select
        nv1_0.id,
        nv1_0.ca_mac_dinh,
        nv1_0.email,
        nv1_0.ho_ten,
        nv1_0.id_chi_nhanh,
        nv1_0.loai_hop_dong,
        nv1_0.luong_cung,
        nv1_0.luong_theo_gio,
        nv1_0.ma_nhan_vien,
        nv1_0.mat_khau,
        nv1_0.ngay_cap_nhat,
        nv1_0.ngay_tao,
        nv1_0.ngay_vao_lam,
        nv1_0.nguoi_cap_nhat,
        nv1_0.nguoi_tao,
        nv1_0.so_dien_thoai,
        nv1_0.so_tai_khoan,
        nv1_0.ten_dang_nhap,
        nv1_0.ten_ngan_hang,
        nv1_0.trang_thai,
        nv1_0.vai_tro,
        nv1_0.vi_tri 
    from
        nhan_vien nv1_0 
    where
        nv1_0.id=?
Hibernate: 
    select
        nv1_0.id,
        nv1_0.ca_mac_dinh,
        nv1_0.email,
        nv1_0.ho_ten,
        nv1_0.id_chi_nhanh,
        nv1_0.loai_hop_dong,
        nv1_0.luong_cung,
        nv1_0.luong_theo_gio,
        nv1_0.ma_nhan_vien,
        nv1_0.mat_khau,
        nv1_0.ngay_cap_nhat,
        nv1_0.ngay_tao,
        nv1_0.ngay_vao_lam,
        nv1_0.nguoi_cap_nhat,
        nv1_0.nguoi_tao,
        nv1_0.so_dien_thoai,
        nv1_0.so_tai_khoan,
        nv1_0.ten_dang_nhap,
        nv1_0.ten_ngan_hang,
        nv1_0.trang_thai,
        nv1_0.vai_tro,
        nv1_0.vi_tri 
    from
        nhan_vien nv1_0 
    where
        nv1_0.id=?
2026-09-09T03:26:04.107+07:00 DEBUG 6752 --- [cuahangtienloi] [nio-8080-exec-3] org.hibernate.SQL                        : 
    select
        cn1_0.id,
        cn1_0.dang_hoat_dong,
        cn1_0.dia_chi,
        cn1_0.dia_chi_chi_tiet,
        cn1_0.dien_tich_m2,
        cn1_0.doanh_thu_thang,
        cn1_0.gio_mo_cua,
        cn1_0.id_quan_ly,
        cn1_0.loai,
        cn1_0.loai_chi_nhanh,
        cn1_0.ma_chi_nhanh,
        cn1_0.ngay_cap_nhat,
        cn1_0.ngay_khai_truong,
        cn1_0.ngay_tao,
        cn1_0.nguoi_cap_nhat,
        cn1_0.nguoi_tao,
        cn1_0.quan_huyen,
        cn1_0.so_dien_thoai,
        cn1_0.ten_chi_nhanh,
        cn1_0.ten_quan_ly,
        cn1_0.tinh_thanh,
        cn1_0.trang_thai,
        cn1_0.vung_mien 
    from
        chi_nhanh cn1_0 
    where
        cn1_0.id=?
Hibernate: 
    select
        cn1_0.id,
        cn1_0.dang_hoat_dong,
        cn1_0.dia_chi,
        cn1_0.dia_chi_chi_tiet,
        cn1_0.dien_tich_m2,
        cn1_0.doanh_thu_thang,
        cn1_0.gio_mo_cua,
        cn1_0.id_quan_ly,
        cn1_0.loai,
        cn1_0.loai_chi_nhanh,
        cn1_0.ma_chi_nhanh,
        cn1_0.ngay_cap_nhat,
        cn1_0.ngay_khai_truong,
        cn1_0.ngay_tao,
        cn1_0.nguoi_cap_nhat,
        cn1_0.nguoi_tao,
        cn1_0.quan_huyen,
        cn1_0.so_dien_thoai,
        cn1_0.ten_chi_nhanh,
        cn1_0.ten_quan_ly,
        cn1_0.tinh_thanh,
        cn1_0.trang_thai,
        cn1_0.vung_mien 
    from
        chi_nhanh cn1_0 
    where
        cn1_0.id=?
2026-09-09T03:26:04.218+07:00 DEBUG 6752 --- [cuahangtienloi] [nio-8080-exec-3] org.hibernate.SQL                        : 
    select
        ncc1_0.id,
        ncc1_0.chuc_danh_lien_he,
        ncc1_0.dang_hoat_dong,
        ncc1_0.dia_chi,
        ncc1_0.dieu_khoan_thanh_toan,
        ncc1_0.email,
        ncc1_0.ghi_chu,
        ncc1_0.ma_ncc,
        ncc1_0.ma_so_thue,
        ncc1_0.ngay_cap_nhat,
        ncc1_0.ngay_tao,
        ncc1_0.nguoi_lien_he,
        ncc1_0.sdt_lien_he,
        ncc1_0.so_dien_thoai,
        ncc1_0.so_ngay_duoc_no,
        ncc1_0.ten_ncc,
        ncc1_0.tong_cong_no,
        ncc1_0.tong_don_hang 
    from
        nha_cung_cap ncc1_0 
    where
        ncc1_0.id=?
Hibernate: 
    select
        ncc1_0.id,
        ncc1_0.chuc_danh_lien_he,
        ncc1_0.dang_hoat_dong,
        ncc1_0.dia_chi,
        ncc1_0.dieu_khoan_thanh_toan,
        ncc1_0.email,
        ncc1_0.ghi_chu,
        ncc1_0.ma_ncc,
        ncc1_0.ma_so_thue,
        ncc1_0.ngay_cap_nhat,
        ncc1_0.ngay_tao,
        ncc1_0.nguoi_lien_he,
        ncc1_0.sdt_lien_he,
        ncc1_0.so_dien_thoai,
        ncc1_0.so_ngay_duoc_no,
        ncc1_0.ten_ncc,
        ncc1_0.tong_cong_no,
        ncc1_0.tong_don_hang 
    from
        nha_cung_cap ncc1_0 
    where
        ncc1_0.id=?
2026-09-09T03:26:04.329+07:00 DEBUG 6752 --- [cuahangtienloi] [nio-8080-exec-3] org.hibernate.SQL                        : 
    select
        nv1_0.id,
        nv1_0.ca_mac_dinh,
        nv1_0.email,
        nv1_0.ho_ten,
        nv1_0.id_chi_nhanh,
        nv1_0.loai_hop_dong,
        nv1_0.luong_cung,
        nv1_0.luong_theo_gio,
        nv1_0.ma_nhan_vien,
        nv1_0.mat_khau,
        nv1_0.ngay_cap_nhat,
        nv1_0.ngay_tao,
        nv1_0.ngay_vao_lam,
        nv1_0.nguoi_cap_nhat,
        nv1_0.nguoi_tao,
        nv1_0.so_dien_thoai,
        nv1_0.so_tai_khoan,
        nv1_0.ten_dang_nhap,
        nv1_0.ten_ngan_hang,
        nv1_0.trang_thai,
        nv1_0.vai_tro,
        nv1_0.vi_tri 
    from
        nhan_vien nv1_0 
    where
        nv1_0.id=?
Hibernate: 
    select
        nv1_0.id,
        nv1_0.ca_mac_dinh,
        nv1_0.email,
        nv1_0.ho_ten,
        nv1_0.id_chi_nhanh,
        nv1_0.loai_hop_dong,
        nv1_0.luong_cung,
        nv1_0.luong_theo_gio,
        nv1_0.ma_nhan_vien,
        nv1_0.mat_khau,
        nv1_0.ngay_cap_nhat,
        nv1_0.ngay_tao,
        nv1_0.ngay_vao_lam,
        nv1_0.nguoi_cap_nhat,
        nv1_0.nguoi_tao,
        nv1_0.so_dien_thoai,
        nv1_0.so_tai_khoan,
        nv1_0.ten_dang_nhap,
        nv1_0.ten_ngan_hang,
        nv1_0.trang_thai,
        nv1_0.vai_tro,
        nv1_0.vi_tri 
    from
        nhan_vien nv1_0 
    where
        nv1_0.id=?
2026-09-09T03:26:04.440+07:00 DEBUG 6752 --- [cuahangtienloi] [nio-8080-exec-3] org.hibernate.SQL                        : 
    select
        cn1_0.id,
        cn1_0.dang_hoat_dong,
        cn1_0.dia_chi,
        cn1_0.dia_chi_chi_tiet,
        cn1_0.dien_tich_m2,
        cn1_0.doanh_thu_thang,
        cn1_0.gio_mo_cua,
        cn1_0.id_quan_ly,
        cn1_0.loai,
        cn1_0.loai_chi_nhanh,
        cn1_0.ma_chi_nhanh,
        cn1_0.ngay_cap_nhat,
        cn1_0.ngay_khai_truong,
        cn1_0.ngay_tao,
        cn1_0.nguoi_cap_nhat,
        cn1_0.nguoi_tao,
        cn1_0.quan_huyen,
        cn1_0.so_dien_thoai,
        cn1_0.ten_chi_nhanh,
        cn1_0.ten_quan_ly,
        cn1_0.tinh_thanh,
        cn1_0.trang_thai,
        cn1_0.vung_mien 
    from
        chi_nhanh cn1_0 
    where
        cn1_0.id=?
Hibernate: 
    select
        cn1_0.id,
        cn1_0.dang_hoat_dong,
        cn1_0.dia_chi,
        cn1_0.dia_chi_chi_tiet,
        cn1_0.dien_tich_m2,
        cn1_0.doanh_thu_thang,
        cn1_0.gio_mo_cua,
        cn1_0.id_quan_ly,
        cn1_0.loai,
        cn1_0.loai_chi_nhanh,
        cn1_0.ma_chi_nhanh,
        cn1_0.ngay_cap_nhat,
        cn1_0.ngay_khai_truong,
        cn1_0.ngay_tao,
        cn1_0.nguoi_cap_nhat,
        cn1_0.nguoi_tao,
        cn1_0.quan_huyen,
        cn1_0.so_dien_thoai,
        cn1_0.ten_chi_nhanh,
        cn1_0.ten_quan_ly,
        cn1_0.tinh_thanh,
        cn1_0.trang_thai,
        cn1_0.vung_mien 
    from
        chi_nhanh cn1_0 
    where
        cn1_0.id=?
2026-09-09T03:26:04.551+07:00 DEBUG 6752 --- [cuahangtienloi] [nio-8080-exec-3] org.hibernate.SQL                        : 
    select
        ncc1_0.id,
        ncc1_0.chuc_danh_lien_he,
        ncc1_0.dang_hoat_dong,
        ncc1_0.dia_chi,
        ncc1_0.dieu_khoan_thanh_toan,
        ncc1_0.email,
        ncc1_0.ghi_chu,
        ncc1_0.ma_ncc,
        ncc1_0.ma_so_thue,
        ncc1_0.ngay_cap_nhat,
        ncc1_0.ngay_tao,
        ncc1_0.nguoi_lien_he,
        ncc1_0.sdt_lien_he,
        ncc1_0.so_dien_thoai,
        ncc1_0.so_ngay_duoc_no,
        ncc1_0.ten_ncc,
        ncc1_0.tong_cong_no,
        ncc1_0.tong_don_hang 
    from
        nha_cung_cap ncc1_0 
    where
        ncc1_0.id=?
Hibernate: 
    select
        ncc1_0.id,
        ncc1_0.chuc_danh_lien_he,
        ncc1_0.dang_hoat_dong,
        ncc1_0.dia_chi,
        ncc1_0.dieu_khoan_thanh_toan,
        ncc1_0.email,
        ncc1_0.ghi_chu,
        ncc1_0.ma_ncc,
        ncc1_0.ma_so_thue,
        ncc1_0.ngay_cap_nhat,
        ncc1_0.ngay_tao,
        ncc1_0.nguoi_lien_he,
        ncc1_0.sdt_lien_he,
        ncc1_0.so_dien_thoai,
        ncc1_0.so_ngay_duoc_no,
        ncc1_0.ten_ncc,
        ncc1_0.tong_cong_no,
        ncc1_0.tong_don_hang 
    from
        nha_cung_cap ncc1_0 
    where
        ncc1_0.id=?
2026-09-09T03:26:04.662+07:00 DEBUG 6752 --- [cuahangtienloi] [nio-8080-exec-3] org.hibernate.SQL                        : 
    select
        nv1_0.id,
        nv1_0.ca_mac_dinh,
        nv1_0.email,
        nv1_0.ho_ten,
        nv1_0.id_chi_nhanh,
        nv1_0.loai_hop_dong,
        nv1_0.luong_cung,
        nv1_0.luong_theo_gio,
        nv1_0.ma_nhan_vien,
        nv1_0.mat_khau,
        nv1_0.ngay_cap_nhat,
        nv1_0.ngay_tao,
        nv1_0.ngay_vao_lam,
        nv1_0.nguoi_cap_nhat,
        nv1_0.nguoi_tao,
        nv1_0.so_dien_thoai,
        nv1_0.so_tai_khoan,
        nv1_0.ten_dang_nhap,
        nv1_0.ten_ngan_hang,
        nv1_0.trang_thai,
        nv1_0.vai_tro,
        nv1_0.vi_tri 
    from
        nhan_vien nv1_0 
    where
        nv1_0.id=?
Hibernate: 
    select
        nv1_0.id,
        nv1_0.ca_mac_dinh,
        nv1_0.email,
        nv1_0.ho_ten,
        nv1_0.id_chi_nhanh,
        nv1_0.loai_hop_dong,
        nv1_0.luong_cung,
        nv1_0.luong_theo_gio,
        nv1_0.ma_nhan_vien,
        nv1_0.mat_khau,
        nv1_0.ngay_cap_nhat,
        nv1_0.ngay_tao,
        nv1_0.ngay_vao_lam,
        nv1_0.nguoi_cap_nhat,
        nv1_0.nguoi_tao,
        nv1_0.so_dien_thoai,
        nv1_0.so_tai_khoan,
        nv1_0.ten_dang_nhap,
        nv1_0.ten_ngan_hang,
        nv1_0.trang_thai,
        nv1_0.vai_tro,
        nv1_0.vi_tri 
    from
        nhan_vien nv1_0 
    where
        nv1_0.id=?
2026-09-09T03:26:04.773+07:00 DEBUG 6752 --- [cuahangtienloi] [nio-8080-exec-3] org.hibernate.SQL                        : 
    select
        cn1_0.id,
        cn1_0.dang_hoat_dong,
        cn1_0.dia_chi,
        cn1_0.dia_chi_chi_tiet,
        cn1_0.dien_tich_m2,
        cn1_0.doanh_thu_thang,
        cn1_0.gio_mo_cua,
        cn1_0.id_quan_ly,
        cn1_0.loai,
        cn1_0.loai_chi_nhanh,
        cn1_0.ma_chi_nhanh,
        cn1_0.ngay_cap_nhat,
        cn1_0.ngay_khai_truong,
        cn1_0.ngay_tao,
        cn1_0.nguoi_cap_nhat,
        cn1_0.nguoi_tao,
        cn1_0.quan_huyen,
        cn1_0.so_dien_thoai,
        cn1_0.ten_chi_nhanh,
        cn1_0.ten_quan_ly,
        cn1_0.tinh_thanh,
        cn1_0.trang_thai,
        cn1_0.vung_mien 
    from
        chi_nhanh cn1_0 
    where
        cn1_0.id=?
Hibernate: 
    select
        cn1_0.id,
        cn1_0.dang_hoat_dong,
        cn1_0.dia_chi,
        cn1_0.dia_chi_chi_tiet,
        cn1_0.dien_tich_m2,
        cn1_0.doanh_thu_thang,
        cn1_0.gio_mo_cua,
        cn1_0.id_quan_ly,
        cn1_0.loai,
        cn1_0.loai_chi_nhanh,
        cn1_0.ma_chi_nhanh,
        cn1_0.ngay_cap_nhat,
        cn1_0.ngay_khai_truong,
        cn1_0.ngay_tao,
        cn1_0.nguoi_cap_nhat,
        cn1_0.nguoi_tao,
        cn1_0.quan_huyen,
        cn1_0.so_dien_thoai,
        cn1_0.ten_chi_nhanh,
        cn1_0.ten_quan_ly,
        cn1_0.tinh_thanh,
        cn1_0.trang_thai,
        cn1_0.vung_mien 
    from
        chi_nhanh cn1_0 
    where
        cn1_0.id=?
2026-09-09T03:26:04.884+07:00 DEBUG 6752 --- [cuahangtienloi] [nio-8080-exec-3] org.hibernate.SQL                        : 
    select
        ncc1_0.id,
        ncc1_0.chuc_danh_lien_he,
        ncc1_0.dang_hoat_dong,
        ncc1_0.dia_chi,
        ncc1_0.dieu_khoan_thanh_toan,
        ncc1_0.email,
        ncc1_0.ghi_chu,
        ncc1_0.ma_ncc,
        ncc1_0.ma_so_thue,
        ncc1_0.ngay_cap_nhat,
        ncc1_0.ngay_tao,
        ncc1_0.nguoi_lien_he,
        ncc1_0.sdt_lien_he,
        ncc1_0.so_dien_thoai,
        ncc1_0.so_ngay_duoc_no,
        ncc1_0.ten_ncc,
        ncc1_0.tong_cong_no,
        ncc1_0.tong_don_hang 
    from
        nha_cung_cap ncc1_0 
    where
        ncc1_0.id=?
Hibernate: 
    select
        ncc1_0.id,
        ncc1_0.chuc_danh_lien_he,
        ncc1_0.dang_hoat_dong,
        ncc1_0.dia_chi,
        ncc1_0.dieu_khoan_thanh_toan,
        ncc1_0.email,
        ncc1_0.ghi_chu,
        ncc1_0.ma_ncc,
        ncc1_0.ma_so_thue,
        ncc1_0.ngay_cap_nhat,
        ncc1_0.ngay_tao,
        ncc1_0.nguoi_lien_he,
        ncc1_0.sdt_lien_he,
        ncc1_0.so_dien_thoai,
        ncc1_0.so_ngay_duoc_no,
        ncc1_0.ten_ncc,
        ncc1_0.tong_cong_no,
        ncc1_0.tong_don_hang 
    from
        nha_cung_cap ncc1_0 
    where
        ncc1_0.id=?
2026-09-09T03:26:04.995+07:00 DEBUG 6752 --- [cuahangtienloi] [nio-8080-exec-3] org.hibernate.SQL                        : 
    select
        nv1_0.id,
        nv1_0.ca_mac_dinh,
        nv1_0.email,
        nv1_0.ho_ten,
        nv1_0.id_chi_nhanh,
        nv1_0.loai_hop_dong,
        nv1_0.luong_cung,
        nv1_0.luong_theo_gio,
        nv1_0.ma_nhan_vien,
        nv1_0.mat_khau,
        nv1_0.ngay_cap_nhat,
        nv1_0.ngay_tao,
        nv1_0.ngay_vao_lam,
        nv1_0.nguoi_cap_nhat,
        nv1_0.nguoi_tao,
        nv1_0.so_dien_thoai,
        nv1_0.so_tai_khoan,
        nv1_0.ten_dang_nhap,
        nv1_0.ten_ngan_hang,
        nv1_0.trang_thai,
        nv1_0.vai_tro,
        nv1_0.vi_tri 
    from
        nhan_vien nv1_0 
    where
        nv1_0.id=?
Hibernate: 
    select
        nv1_0.id,
        nv1_0.ca_mac_dinh,
        nv1_0.email,
        nv1_0.ho_ten,
        nv1_0.id_chi_nhanh,
        nv1_0.loai_hop_dong,
        nv1_0.luong_cung,
        nv1_0.luong_theo_gio,
        nv1_0.ma_nhan_vien,
        nv1_0.mat_khau,
        nv1_0.ngay_cap_nhat,
        nv1_0.ngay_tao,
        nv1_0.ngay_vao_lam,
        nv1_0.nguoi_cap_nhat,
        nv1_0.nguoi_tao,
        nv1_0.so_dien_thoai,
        nv1_0.so_tai_khoan,
        nv1_0.ten_dang_nhap,
        nv1_0.ten_ngan_hang,
        nv1_0.trang_thai,
        nv1_0.vai_tro,
        nv1_0.vi_tri 
    from
        nhan_vien nv1_0 
    where
        nv1_0.id=?
2026-09-09T03:26:05.108+07:00 DEBUG 6752 --- [cuahangtienloi] [nio-8080-exec-3] org.hibernate.SQL                        : 
    select
        cn1_0.id,
        cn1_0.dang_hoat_dong,
        cn1_0.dia_chi,
        cn1_0.dia_chi_chi_tiet,
        cn1_0.dien_tich_m2,
        cn1_0.doanh_thu_thang,
        cn1_0.gio_mo_cua,
        cn1_0.id_quan_ly,
        cn1_0.loai,
        cn1_0.loai_chi_nhanh,
        cn1_0.ma_chi_nhanh,
        cn1_0.ngay_cap_nhat,
        cn1_0.ngay_khai_truong,
        cn1_0.ngay_tao,
        cn1_0.nguoi_cap_nhat,
        cn1_0.nguoi_tao,
        cn1_0.quan_huyen,
        cn1_0.so_dien_thoai,
        cn1_0.ten_chi_nhanh,
        cn1_0.ten_quan_ly,
        cn1_0.tinh_thanh,
        cn1_0.trang_thai,
        cn1_0.vung_mien 
    from
        chi_nhanh cn1_0 
    where
        cn1_0.id=?
Hibernate: 
    select
        cn1_0.id,
        cn1_0.dang_hoat_dong,
        cn1_0.dia_chi,
        cn1_0.dia_chi_chi_tiet,
        cn1_0.dien_tich_m2,
        cn1_0.doanh_thu_thang,
        cn1_0.gio_mo_cua,
        cn1_0.id_quan_ly,
        cn1_0.loai,
        cn1_0.loai_chi_nhanh,
        cn1_0.ma_chi_nhanh,
        cn1_0.ngay_cap_nhat,
        cn1_0.ngay_khai_truong,
        cn1_0.ngay_tao,
        cn1_0.nguoi_cap_nhat,
        cn1_0.nguoi_tao,
        cn1_0.quan_huyen,
        cn1_0.so_dien_thoai,
        cn1_0.ten_chi_nhanh,
        cn1_0.ten_quan_ly,
        cn1_0.tinh_thanh,
        cn1_0.trang_thai,
        cn1_0.vung_mien 
    from
        chi_nhanh cn1_0 
    where
        cn1_0.id=?
2026-09-09T03:26:05.220+07:00 DEBUG 6752 --- [cuahangtienloi] [nio-8080-exec-3] org.hibernate.SQL                        : 
    select
        ncc1_0.id,
        ncc1_0.chuc_danh_lien_he,
        ncc1_0.dang_hoat_dong,
        ncc1_0.dia_chi,
        ncc1_0.dieu_khoan_thanh_toan,
        ncc1_0.email,
        ncc1_0.ghi_chu,
        ncc1_0.ma_ncc,
        ncc1_0.ma_so_thue,
        ncc1_0.ngay_cap_nhat,
        ncc1_0.ngay_tao,
        ncc1_0.nguoi_lien_he,
        ncc1_0.sdt_lien_he,
        ncc1_0.so_dien_thoai,
        ncc1_0.so_ngay_duoc_no,
        ncc1_0.ten_ncc,
        ncc1_0.tong_cong_no,
        ncc1_0.tong_don_hang 
    from
        nha_cung_cap ncc1_0 
    where
        ncc1_0.id=?
Hibernate: 
    select
        ncc1_0.id,
        ncc1_0.chuc_danh_lien_he,
        ncc1_0.dang_hoat_dong,
        ncc1_0.dia_chi,
        ncc1_0.dieu_khoan_thanh_toan,
        ncc1_0.email,
        ncc1_0.ghi_chu,
        ncc1_0.ma_ncc,
        ncc1_0.ma_so_thue,
        ncc1_0.ngay_cap_nhat,
        ncc1_0.ngay_tao,
        ncc1_0.nguoi_lien_he,
        ncc1_0.sdt_lien_he,
        ncc1_0.so_dien_thoai,
        ncc1_0.so_ngay_duoc_no,
        ncc1_0.ten_ncc,
        ncc1_0.tong_cong_no,
        ncc1_0.tong_don_hang 
    from
        nha_cung_cap ncc1_0 
    where
        ncc1_0.id=?
2026-09-09T03:26:05.331+07:00 DEBUG 6752 --- [cuahangtienloi] [nio-8080-exec-3] org.hibernate.SQL                        : 
    select
        nv1_0.id,
        nv1_0.ca_mac_dinh,
        nv1_0.email,
        nv1_0.ho_ten,
        nv1_0.id_chi_nhanh,
        nv1_0.loai_hop_dong,
        nv1_0.luong_cung,
        nv1_0.luong_theo_gio,
        nv1_0.ma_nhan_vien,
        nv1_0.mat_khau,
        nv1_0.ngay_cap_nhat,
        nv1_0.ngay_tao,
        nv1_0.ngay_vao_lam,
        nv1_0.nguoi_cap_nhat,
        nv1_0.nguoi_tao,
        nv1_0.so_dien_thoai,
        nv1_0.so_tai_khoan,
        nv1_0.ten_dang_nhap,
        nv1_0.ten_ngan_hang,
        nv1_0.trang_thai,
        nv1_0.vai_tro,
        nv1_0.vi_tri 
    from
        nhan_vien nv1_0 
    where
        nv1_0.id=?
Hibernate: 
    select
        nv1_0.id,
        nv1_0.ca_mac_dinh,
        nv1_0.email,
        nv1_0.ho_ten,
        nv1_0.id_chi_nhanh,
        nv1_0.loai_hop_dong,
        nv1_0.luong_cung,
        nv1_0.luong_theo_gio,
        nv1_0.ma_nhan_vien,
        nv1_0.mat_khau,
        nv1_0.ngay_cap_nhat,
        nv1_0.ngay_tao,
        nv1_0.ngay_vao_lam,
        nv1_0.nguoi_cap_nhat,
        nv1_0.nguoi_tao,
        nv1_0.so_dien_thoai,
        nv1_0.so_tai_khoan,
        nv1_0.ten_dang_nhap,
        nv1_0.ten_ngan_hang,
        nv1_0.trang_thai,
        nv1_0.vai_tro,
        nv1_0.vi_tri 
    from
        nhan_vien nv1_0 
    where
        nv1_0.id=?
2026-09-09T03:26:05.442+07:00 DEBUG 6752 --- [cuahangtienloi] [nio-8080-exec-3] org.hibernate.SQL                        : 
    select
        cn1_0.id,
        cn1_0.dang_hoat_dong,
        cn1_0.dia_chi,
        cn1_0.dia_chi_chi_tiet,
        cn1_0.dien_tich_m2,
        cn1_0.doanh_thu_thang,
        cn1_0.gio_mo_cua,
        cn1_0.id_quan_ly,
        cn1_0.loai,
        cn1_0.loai_chi_nhanh,
        cn1_0.ma_chi_nhanh,
        cn1_0.ngay_cap_nhat,
        cn1_0.ngay_khai_truong,
        cn1_0.ngay_tao,
        cn1_0.nguoi_cap_nhat,
        cn1_0.nguoi_tao,
        cn1_0.quan_huyen,
        cn1_0.so_dien_thoai,
        cn1_0.ten_chi_nhanh,
        cn1_0.ten_quan_ly,
        cn1_0.tinh_thanh,
        cn1_0.trang_thai,
        cn1_0.vung_mien 
    from
        chi_nhanh cn1_0 
    where
        cn1_0.id=?
Hibernate: 
    select
        cn1_0.id,
        cn1_0.dang_hoat_dong,
        cn1_0.dia_chi,
        cn1_0.dia_chi_chi_tiet,
        cn1_0.dien_tich_m2,
        cn1_0.doanh_thu_thang,
        cn1_0.gio_mo_cua,
        cn1_0.id_quan_ly,
        cn1_0.loai,
        cn1_0.loai_chi_nhanh,
        cn1_0.ma_chi_nhanh,
        cn1_0.ngay_cap_nhat,
        cn1_0.ngay_khai_truong,
        cn1_0.ngay_tao,
        cn1_0.nguoi_cap_nhat,
        cn1_0.nguoi_tao,
        cn1_0.quan_huyen,
        cn1_0.so_dien_thoai,
        cn1_0.ten_chi_nhanh,
        cn1_0.ten_quan_ly,
        cn1_0.tinh_thanh,
        cn1_0.trang_thai,
        cn1_0.vung_mien 
    from
        chi_nhanh cn1_0 
    where
        cn1_0.id=?
2026-09-09T03:26:05.553+07:00 DEBUG 6752 --- [cuahangtienloi] [nio-8080-exec-3] org.hibernate.SQL                        : 
    select
        ncc1_0.id,
        ncc1_0.chuc_danh_lien_he,
        ncc1_0.dang_hoat_dong,
        ncc1_0.dia_chi,
        ncc1_0.dieu_khoan_thanh_toan,
        ncc1_0.email,
        ncc1_0.ghi_chu,
        ncc1_0.ma_ncc,
        ncc1_0.ma_so_thue,
        ncc1_0.ngay_cap_nhat,
        ncc1_0.ngay_tao,
        ncc1_0.nguoi_lien_he,
        ncc1_0.sdt_lien_he,
        ncc1_0.so_dien_thoai,
        ncc1_0.so_ngay_duoc_no,
        ncc1_0.ten_ncc,
        ncc1_0.tong_cong_no,
        ncc1_0.tong_don_hang 
    from
        nha_cung_cap ncc1_0 
    where
        ncc1_0.id=?
Hibernate: 
    select
        ncc1_0.id,
        ncc1_0.chuc_danh_lien_he,
        ncc1_0.dang_hoat_dong,
        ncc1_0.dia_chi,
        ncc1_0.dieu_khoan_thanh_toan,
        ncc1_0.email,
        ncc1_0.ghi_chu,
        ncc1_0.ma_ncc,
        ncc1_0.ma_so_thue,
        ncc1_0.ngay_cap_nhat,
        ncc1_0.ngay_tao,
        ncc1_0.nguoi_lien_he,
        ncc1_0.sdt_lien_he,
        ncc1_0.so_dien_thoai,
        ncc1_0.so_ngay_duoc_no,
        ncc1_0.ten_ncc,
        ncc1_0.tong_cong_no,
        ncc1_0.tong_don_hang 
    from
        nha_cung_cap ncc1_0 
    where
        ncc1_0.id=?
2026-09-09T03:26:05.665+07:00 DEBUG 6752 --- [cuahangtienloi] [nio-8080-exec-3] org.hibernate.SQL                        : 
    select
        nv1_0.id,
        nv1_0.ca_mac_dinh,
        nv1_0.email,
        nv1_0.ho_ten,
        nv1_0.id_chi_nhanh,
        nv1_0.loai_hop_dong,
        nv1_0.luong_cung,
        nv1_0.luong_theo_gio,
        nv1_0.ma_nhan_vien,
        nv1_0.mat_khau,
        nv1_0.ngay_cap_nhat,
        nv1_0.ngay_tao,
        nv1_0.ngay_vao_lam,
        nv1_0.nguoi_cap_nhat,
        nv1_0.nguoi_tao,
        nv1_0.so_dien_thoai,
        nv1_0.so_tai_khoan,
        nv1_0.ten_dang_nhap,
        nv1_0.ten_ngan_hang,
        nv1_0.trang_thai,
        nv1_0.vai_tro,
        nv1_0.vi_tri 
    from
        nhan_vien nv1_0 
    where
        nv1_0.id=?
Hibernate: 
    select
        nv1_0.id,
        nv1_0.ca_mac_dinh,
        nv1_0.email,
        nv1_0.ho_ten,
        nv1_0.id_chi_nhanh,
        nv1_0.loai_hop_dong,
        nv1_0.luong_cung,
        nv1_0.luong_theo_gio,
        nv1_0.ma_nhan_vien,
        nv1_0.mat_khau,
        nv1_0.ngay_cap_nhat,
        nv1_0.ngay_tao,
        nv1_0.ngay_vao_lam,
        nv1_0.nguoi_cap_nhat,
        nv1_0.nguoi_tao,
        nv1_0.so_dien_thoai,
        nv1_0.so_tai_khoan,
        nv1_0.ten_dang_nhap,
        nv1_0.ten_ngan_hang,
        nv1_0.trang_thai,
        nv1_0.vai_tro,
        nv1_0.vi_tri 
    from
        nhan_vien nv1_0 
    where
        nv1_0.id=?
2026-09-09T03:26:05.776+07:00 DEBUG 6752 --- [cuahangtienloi] [nio-8080-exec-3] org.hibernate.SQL                        : 
    select
        cn1_0.id,
        cn1_0.dang_hoat_dong,
        cn1_0.dia_chi,
        cn1_0.dia_chi_chi_tiet,
        cn1_0.dien_tich_m2,
        cn1_0.doanh_thu_thang,
        cn1_0.gio_mo_cua,
        cn1_0.id_quan_ly,
        cn1_0.loai,
        cn1_0.loai_chi_nhanh,
        cn1_0.ma_chi_nhanh,
        cn1_0.ngay_cap_nhat,
        cn1_0.ngay_khai_truong,
        cn1_0.ngay_tao,
        cn1_0.nguoi_cap_nhat,
        cn1_0.nguoi_tao,
        cn1_0.quan_huyen,
        cn1_0.so_dien_thoai,
        cn1_0.ten_chi_nhanh,
        cn1_0.ten_quan_ly,
        cn1_0.tinh_thanh,
        cn1_0.trang_thai,
        cn1_0.vung_mien 
    from
        chi_nhanh cn1_0 
    where
        cn1_0.id=?
Hibernate: 
    select
        cn1_0.id,
        cn1_0.dang_hoat_dong,
        cn1_0.dia_chi,
        cn1_0.dia_chi_chi_tiet,
        cn1_0.dien_tich_m2,
        cn1_0.doanh_thu_thang,
        cn1_0.gio_mo_cua,
        cn1_0.id_quan_ly,
        cn1_0.loai,
        cn1_0.loai_chi_nhanh,
        cn1_0.ma_chi_nhanh,
        cn1_0.ngay_cap_nhat,
        cn1_0.ngay_khai_truong,
        cn1_0.ngay_tao,
        cn1_0.nguoi_cap_nhat,
        cn1_0.nguoi_tao,
        cn1_0.quan_huyen,
        cn1_0.so_dien_thoai,
        cn1_0.ten_chi_nhanh,
        cn1_0.ten_quan_ly,
        cn1_0.tinh_thanh,
        cn1_0.trang_thai,
        cn1_0.vung_mien 
    from
        chi_nhanh cn1_0 
    where
        cn1_0.id=?
2026-09-09T03:26:05.887+07:00 DEBUG 6752 --- [cuahangtienloi] [nio-8080-exec-3] org.hibernate.SQL                        : 
    select
        ncc1_0.id,
        ncc1_0.chuc_danh_lien_he,
        ncc1_0.dang_hoat_dong,
        ncc1_0.dia_chi,
        ncc1_0.dieu_khoan_thanh_toan,
        ncc1_0.email,
        ncc1_0.ghi_chu,
        ncc1_0.ma_ncc,
        ncc1_0.ma_so_thue,
        ncc1_0.ngay_cap_nhat,
        ncc1_0.ngay_tao,
        ncc1_0.nguoi_lien_he,
        ncc1_0.sdt_lien_he,
        ncc1_0.so_dien_thoai,
        ncc1_0.so_ngay_duoc_no,
        ncc1_0.ten_ncc,
        ncc1_0.tong_cong_no,
        ncc1_0.tong_don_hang 
    from
        nha_cung_cap ncc1_0 
    where
        ncc1_0.id=?
Hibernate: 
    select
        ncc1_0.id,
        ncc1_0.chuc_danh_lien_he,
        ncc1_0.dang_hoat_dong,
        ncc1_0.dia_chi,
        ncc1_0.dieu_khoan_thanh_toan,
        ncc1_0.email,
        ncc1_0.ghi_chu,
        ncc1_0.ma_ncc,
        ncc1_0.ma_so_thue,
        ncc1_0.ngay_cap_nhat,
        ncc1_0.ngay_tao,
        ncc1_0.nguoi_lien_he,
        ncc1_0.sdt_lien_he,
        ncc1_0.so_dien_thoai,
        ncc1_0.so_ngay_duoc_no,
        ncc1_0.ten_ncc,
        ncc1_0.tong_cong_no,
        ncc1_0.tong_don_hang 
    from
        nha_cung_cap ncc1_0 
    where
        ncc1_0.id=?
2026-09-09T03:26:05.998+07:00 DEBUG 6752 --- [cuahangtienloi] [nio-8080-exec-3] org.hibernate.SQL                        : 
    select
        nv1_0.id,
        nv1_0.ca_mac_dinh,
        nv1_0.email,
        nv1_0.ho_ten,
        nv1_0.id_chi_nhanh,
        nv1_0.loai_hop_dong,
        nv1_0.luong_cung,
        nv1_0.luong_theo_gio,
        nv1_0.ma_nhan_vien,
        nv1_0.mat_khau,
        nv1_0.ngay_cap_nhat,
        nv1_0.ngay_tao,
        nv1_0.ngay_vao_lam,
        nv1_0.nguoi_cap_nhat,
        nv1_0.nguoi_tao,
        nv1_0.so_dien_thoai,
        nv1_0.so_tai_khoan,
        nv1_0.ten_dang_nhap,
        nv1_0.ten_ngan_hang,
        nv1_0.trang_thai,
        nv1_0.vai_tro,
        nv1_0.vi_tri 
    from
        nhan_vien nv1_0 
    where
        nv1_0.id=?
Hibernate: 
    select
        nv1_0.id,
        nv1_0.ca_mac_dinh,
        nv1_0.email,
        nv1_0.ho_ten,
        nv1_0.id_chi_nhanh,
        nv1_0.loai_hop_dong,
        nv1_0.luong_cung,
        nv1_0.luong_theo_gio,
        nv1_0.ma_nhan_vien,
        nv1_0.mat_khau,
        nv1_0.ngay_cap_nhat,
        nv1_0.ngay_tao,
        nv1_0.ngay_vao_lam,
        nv1_0.nguoi_cap_nhat,
        nv1_0.nguoi_tao,
        nv1_0.so_dien_thoai,
        nv1_0.so_tai_khoan,
        nv1_0.ten_dang_nhap,
        nv1_0.ten_ngan_hang,
        nv1_0.trang_thai,
        nv1_0.vai_tro,
        nv1_0.vi_tri 
    from
        nhan_vien nv1_0 
    where
        nv1_0.id=?
2026-09-09T03:26:06.110+07:00 DEBUG 6752 --- [cuahangtienloi] [nio-8080-exec-3] org.hibernate.SQL                        : 
    select
        cn1_0.id,
        cn1_0.dang_hoat_dong,
        cn1_0.dia_chi,
        cn1_0.dia_chi_chi_tiet,
        cn1_0.dien_tich_m2,
        cn1_0.doanh_thu_thang,
        cn1_0.gio_mo_cua,
        cn1_0.id_quan_ly,
        cn1_0.loai,
        cn1_0.loai_chi_nhanh,
        cn1_0.ma_chi_nhanh,
        cn1_0.ngay_cap_nhat,
        cn1_0.ngay_khai_truong,
        cn1_0.ngay_tao,
        cn1_0.nguoi_cap_nhat,
        cn1_0.nguoi_tao,
        cn1_0.quan_huyen,
        cn1_0.so_dien_thoai,
        cn1_0.ten_chi_nhanh,
        cn1_0.ten_quan_ly,
        cn1_0.tinh_thanh,
        cn1_0.trang_thai,
        cn1_0.vung_mien 
    from
        chi_nhanh cn1_0 
    where
        cn1_0.id=?
Hibernate: 
    select
        cn1_0.id,
        cn1_0.dang_hoat_dong,
        cn1_0.dia_chi,
        cn1_0.dia_chi_chi_tiet,
        cn1_0.dien_tich_m2,
        cn1_0.doanh_thu_thang,
        cn1_0.gio_mo_cua,
        cn1_0.id_quan_ly,
        cn1_0.loai,
        cn1_0.loai_chi_nhanh,
        cn1_0.ma_chi_nhanh,
        cn1_0.ngay_cap_nhat,
        cn1_0.ngay_khai_truong,
        cn1_0.ngay_tao,
        cn1_0.nguoi_cap_nhat,
        cn1_0.nguoi_tao,
        cn1_0.quan_huyen,
        cn1_0.so_dien_thoai,
        cn1_0.ten_chi_nhanh,
        cn1_0.ten_quan_ly,
        cn1_0.tinh_thanh,
        cn1_0.trang_thai,
        cn1_0.vung_mien 
    from
        chi_nhanh cn1_0 
    where
        cn1_0.id=?
2026-09-09T03:26:06.220+07:00 DEBUG 6752 --- [cuahangtienloi] [nio-8080-exec-3] org.hibernate.SQL                        : 
    select
        ncc1_0.id,
        ncc1_0.chuc_danh_lien_he,
        ncc1_0.dang_hoat_dong,
        ncc1_0.dia_chi,
        ncc1_0.dieu_khoan_thanh_toan,
        ncc1_0.email,
        ncc1_0.ghi_chu,
        ncc1_0.ma_ncc,
        ncc1_0.ma_so_thue,
        ncc1_0.ngay_cap_nhat,
        ncc1_0.ngay_tao,
        ncc1_0.nguoi_lien_he,
        ncc1_0.sdt_lien_he,
        ncc1_0.so_dien_thoai,
        ncc1_0.so_ngay_duoc_no,
        ncc1_0.ten_ncc,
        ncc1_0.tong_cong_no,
        ncc1_0.tong_don_hang 
    from
        nha_cung_cap ncc1_0 
    where
        ncc1_0.id=?
Hibernate: 
    select
        ncc1_0.id,
        ncc1_0.chuc_danh_lien_he,
        ncc1_0.dang_hoat_dong,
        ncc1_0.dia_chi,
        ncc1_0.dieu_khoan_thanh_toan,
        ncc1_0.email,
        ncc1_0.ghi_chu,
        ncc1_0.ma_ncc,
        ncc1_0.ma_so_thue,
        ncc1_0.ngay_cap_nhat,
        ncc1_0.ngay_tao,
        ncc1_0.nguoi_lien_he,
        ncc1_0.sdt_lien_he,
        ncc1_0.so_dien_thoai,
        ncc1_0.so_ngay_duoc_no,
        ncc1_0.ten_ncc,
        ncc1_0.tong_cong_no,
        ncc1_0.tong_don_hang 
    from
        nha_cung_cap ncc1_0 
    where
        ncc1_0.id=?
2026-09-09T03:26:06.330+07:00 DEBUG 6752 --- [cuahangtienloi] [nio-8080-exec-3] org.hibernate.SQL                        : 
    select
        nv1_0.id,
        nv1_0.ca_mac_dinh,
        nv1_0.email,
        nv1_0.ho_ten,
        nv1_0.id_chi_nhanh,
        nv1_0.loai_hop_dong,
        nv1_0.luong_cung,
        nv1_0.luong_theo_gio,
        nv1_0.ma_nhan_vien,
        nv1_0.mat_khau,
        nv1_0.ngay_cap_nhat,
        nv1_0.ngay_tao,
        nv1_0.ngay_vao_lam,
        nv1_0.nguoi_cap_nhat,
        nv1_0.nguoi_tao,
        nv1_0.so_dien_thoai,
        nv1_0.so_tai_khoan,
        nv1_0.ten_dang_nhap,
        nv1_0.ten_ngan_hang,
        nv1_0.trang_thai,
        nv1_0.vai_tro,
        nv1_0.vi_tri 
    from
        nhan_vien nv1_0 
    where
        nv1_0.id=?
Hibernate: 
    select
        nv1_0.id,
        nv1_0.ca_mac_dinh,
        nv1_0.email,
        nv1_0.ho_ten,
        nv1_0.id_chi_nhanh,
        nv1_0.loai_hop_dong,
        nv1_0.luong_cung,
        nv1_0.luong_theo_gio,
        nv1_0.ma_nhan_vien,
        nv1_0.mat_khau,
        nv1_0.ngay_cap_nhat,
        nv1_0.ngay_tao,
        nv1_0.ngay_vao_lam,
        nv1_0.nguoi_cap_nhat,
        nv1_0.nguoi_tao,
        nv1_0.so_dien_thoai,
        nv1_0.so_tai_khoan,
        nv1_0.ten_dang_nhap,
        nv1_0.ten_ngan_hang,
        nv1_0.trang_thai,
        nv1_0.vai_tro,
        nv1_0.vi_tri 
    from
        nhan_vien nv1_0 
    where
        nv1_0.id=?
2026-09-09T03:26:06.441+07:00 DEBUG 6752 --- [cuahangtienloi] [nio-8080-exec-3] org.hibernate.SQL                        : 
    select
        cn1_0.id,
        cn1_0.dang_hoat_dong,
        cn1_0.dia_chi,
        cn1_0.dia_chi_chi_tiet,
        cn1_0.dien_tich_m2,
        cn1_0.doanh_thu_thang,
        cn1_0.gio_mo_cua,
        cn1_0.id_quan_ly,
        cn1_0.loai,
        cn1_0.loai_chi_nhanh,
        cn1_0.ma_chi_nhanh,
        cn1_0.ngay_cap_nhat,
        cn1_0.ngay_khai_truong,
        cn1_0.ngay_tao,
        cn1_0.nguoi_cap_nhat,
        cn1_0.nguoi_tao,
        cn1_0.quan_huyen,
        cn1_0.so_dien_thoai,
        cn1_0.ten_chi_nhanh,
        cn1_0.ten_quan_ly,
        cn1_0.tinh_thanh,
        cn1_0.trang_thai,
        cn1_0.vung_mien 
    from
        chi_nhanh cn1_0 
    where
        cn1_0.id=?
Hibernate: 
    select
        cn1_0.id,
        cn1_0.dang_hoat_dong,
        cn1_0.dia_chi,
        cn1_0.dia_chi_chi_tiet,
        cn1_0.dien_tich_m2,
        cn1_0.doanh_thu_thang,
        cn1_0.gio_mo_cua,
        cn1_0.id_quan_ly,
        cn1_0.loai,
        cn1_0.loai_chi_nhanh,
        cn1_0.ma_chi_nhanh,
        cn1_0.ngay_cap_nhat,
        cn1_0.ngay_khai_truong,
        cn1_0.ngay_tao,
        cn1_0.nguoi_cap_nhat,
        cn1_0.nguoi_tao,
        cn1_0.quan_huyen,
        cn1_0.so_dien_thoai,
        cn1_0.ten_chi_nhanh,
        cn1_0.ten_quan_ly,
        cn1_0.tinh_thanh,
        cn1_0.trang_thai,
        cn1_0.vung_mien 
    from
        chi_nhanh cn1_0 
    where
        cn1_0.id=?
2026-09-09T03:26:06.552+07:00 DEBUG 6752 --- [cuahangtienloi] [nio-8080-exec-3] org.hibernate.SQL                        : 
    select
        ncc1_0.id,
        ncc1_0.chuc_danh_lien_he,
        ncc1_0.dang_hoat_dong,
        ncc1_0.dia_chi,
        ncc1_0.dieu_khoan_thanh_toan,
        ncc1_0.email,
        ncc1_0.ghi_chu,
        ncc1_0.ma_ncc,
        ncc1_0.ma_so_thue,
        ncc1_0.ngay_cap_nhat,
        ncc1_0.ngay_tao,
        ncc1_0.nguoi_lien_he,
        ncc1_0.sdt_lien_he,
        ncc1_0.so_dien_thoai,
        ncc1_0.so_ngay_duoc_no,
        ncc1_0.ten_ncc,
        ncc1_0.tong_cong_no,
        ncc1_0.tong_don_hang 
    from
        nha_cung_cap ncc1_0 
    where
        ncc1_0.id=?
Hibernate: 
    select
        ncc1_0.id,
        ncc1_0.chuc_danh_lien_he,
        ncc1_0.dang_hoat_dong,
        ncc1_0.dia_chi,
        ncc1_0.dieu_khoan_thanh_toan,
        ncc1_0.email,
        ncc1_0.ghi_chu,
        ncc1_0.ma_ncc,
        ncc1_0.ma_so_thue,
        ncc1_0.ngay_cap_nhat,
        ncc1_0.ngay_tao,
        ncc1_0.nguoi_lien_he,
        ncc1_0.sdt_lien_he,
        ncc1_0.so_dien_thoai,
        ncc1_0.so_ngay_duoc_no,
        ncc1_0.ten_ncc,
        ncc1_0.tong_cong_no,
        ncc1_0.tong_don_hang 
    from
        nha_cung_cap ncc1_0 
    where
        ncc1_0.id=?
2026-09-09T03:26:06.664+07:00 DEBUG 6752 --- [cuahangtienloi] [nio-8080-exec-3] org.hibernate.SQL                        : 
    select
        nv1_0.id,
        nv1_0.ca_mac_dinh,
        nv1_0.email,
        nv1_0.ho_ten,
        nv1_0.id_chi_nhanh,
        nv1_0.loai_hop_dong,
        nv1_0.luong_cung,
        nv1_0.luong_theo_gio,
        nv1_0.ma_nhan_vien,
        nv1_0.mat_khau,
        nv1_0.ngay_cap_nhat,
        nv1_0.ngay_tao,
        nv1_0.ngay_vao_lam,
        nv1_0.nguoi_cap_nhat,
        nv1_0.nguoi_tao,
        nv1_0.so_dien_thoai,
        nv1_0.so_tai_khoan,
        nv1_0.ten_dang_nhap,
        nv1_0.ten_ngan_hang,
        nv1_0.trang_thai,
        nv1_0.vai_tro,
        nv1_0.vi_tri 
    from
        nhan_vien nv1_0 
    where
        nv1_0.id=?
Hibernate: 
    select
        nv1_0.id,
        nv1_0.ca_mac_dinh,
        nv1_0.email,
        nv1_0.ho_ten,
        nv1_0.id_chi_nhanh,
        nv1_0.loai_hop_dong,
        nv1_0.luong_cung,
        nv1_0.luong_theo_gio,
        nv1_0.ma_nhan_vien,
        nv1_0.mat_khau,
        nv1_0.ngay_cap_nhat,
        nv1_0.ngay_tao,
        nv1_0.ngay_vao_lam,
        nv1_0.nguoi_cap_nhat,
        nv1_0.nguoi_tao,
        nv1_0.so_dien_thoai,
        nv1_0.so_tai_khoan,
        nv1_0.ten_dang_nhap,
        nv1_0.ten_ngan_hang,
        nv1_0.trang_thai,
        nv1_0.vai_tro,
        nv1_0.vi_tri 
    from
        nhan_vien nv1_0 
    where
        nv1_0.id=?
2026-09-09T03:26:06.775+07:00 DEBUG 6752 --- [cuahangtienloi] [nio-8080-exec-3] org.hibernate.SQL                        : 
    select
        cn1_0.id,
        cn1_0.dang_hoat_dong,
        cn1_0.dia_chi,
        cn1_0.dia_chi_chi_tiet,
        cn1_0.dien_tich_m2,
        cn1_0.doanh_thu_thang,
        cn1_0.gio_mo_cua,
        cn1_0.id_quan_ly,
        cn1_0.loai,
        cn1_0.loai_chi_nhanh,
        cn1_0.ma_chi_nhanh,
        cn1_0.ngay_cap_nhat,
        cn1_0.ngay_khai_truong,
        cn1_0.ngay_tao,
        cn1_0.nguoi_cap_nhat,
        cn1_0.nguoi_tao,
        cn1_0.quan_huyen,
        cn1_0.so_dien_thoai,
        cn1_0.ten_chi_nhanh,
        cn1_0.ten_quan_ly,
        cn1_0.tinh_thanh,
        cn1_0.trang_thai,
        cn1_0.vung_mien 
    from
        chi_nhanh cn1_0 
    where
        cn1_0.id=?
Hibernate: 
    select
        cn1_0.id,
        cn1_0.dang_hoat_dong,
        cn1_0.dia_chi,
        cn1_0.dia_chi_chi_tiet,
        cn1_0.dien_tich_m2,
        cn1_0.doanh_thu_thang,
        cn1_0.gio_mo_cua,
        cn1_0.id_quan_ly,
        cn1_0.loai,
        cn1_0.loai_chi_nhanh,
        cn1_0.ma_chi_nhanh,
        cn1_0.ngay_cap_nhat,
        cn1_0.ngay_khai_truong,
        cn1_0.ngay_tao,
        cn1_0.nguoi_cap_nhat,
        cn1_0.nguoi_tao,
        cn1_0.quan_huyen,
        cn1_0.so_dien_thoai,
        cn1_0.ten_chi_nhanh,
        cn1_0.ten_quan_ly,
        cn1_0.tinh_thanh,
        cn1_0.trang_thai,
        cn1_0.vung_mien 
    from
        chi_nhanh cn1_0 
    where
        cn1_0.id=?
2026-09-09T03:26:06.885+07:00 DEBUG 6752 --- [cuahangtienloi] [nio-8080-exec-3] org.hibernate.SQL                        : 
    select
        ncc1_0.id,
        ncc1_0.chuc_danh_lien_he,
        ncc1_0.dang_hoat_dong,
        ncc1_0.dia_chi,
        ncc1_0.dieu_khoan_thanh_toan,
        ncc1_0.email,
        ncc1_0.ghi_chu,
        ncc1_0.ma_ncc,
        ncc1_0.ma_so_thue,
        ncc1_0.ngay_cap_nhat,
        ncc1_0.ngay_tao,
        ncc1_0.nguoi_lien_he,
        ncc1_0.sdt_lien_he,
        ncc1_0.so_dien_thoai,
        ncc1_0.so_ngay_duoc_no,
        ncc1_0.ten_ncc,
        ncc1_0.tong_cong_no,
        ncc1_0.tong_don_hang 
    from
        nha_cung_cap ncc1_0 
    where
        ncc1_0.id=?
Hibernate: 
    select
        ncc1_0.id,
        ncc1_0.chuc_danh_lien_he,
        ncc1_0.dang_hoat_dong,
        ncc1_0.dia_chi,
        ncc1_0.dieu_khoan_thanh_toan,
        ncc1_0.email,
        ncc1_0.ghi_chu,
        ncc1_0.ma_ncc,
        ncc1_0.ma_so_thue,
        ncc1_0.ngay_cap_nhat,
        ncc1_0.ngay_tao,
        ncc1_0.nguoi_lien_he,
        ncc1_0.sdt_lien_he,
        ncc1_0.so_dien_thoai,
        ncc1_0.so_ngay_duoc_no,
        ncc1_0.ten_ncc,
        ncc1_0.tong_cong_no,
        ncc1_0.tong_don_hang 
    from
        nha_cung_cap ncc1_0 
    where
        ncc1_0.id=?
2026-09-09T03:26:06.997+07:00 DEBUG 6752 --- [cuahangtienloi] [nio-8080-exec-3] org.hibernate.SQL                        : 
    select
        nv1_0.id,
        nv1_0.ca_mac_dinh,
        nv1_0.email,
        nv1_0.ho_ten,
        nv1_0.id_chi_nhanh,
        nv1_0.loai_hop_dong,
        nv1_0.luong_cung,
        nv1_0.luong_theo_gio,
        nv1_0.ma_nhan_vien,
        nv1_0.mat_khau,
        nv1_0.ngay_cap_nhat,
        nv1_0.ngay_tao,
        nv1_0.ngay_vao_lam,
        nv1_0.nguoi_cap_nhat,
        nv1_0.nguoi_tao,
        nv1_0.so_dien_thoai,
        nv1_0.so_tai_khoan,
        nv1_0.ten_dang_nhap,
        nv1_0.ten_ngan_hang,
        nv1_0.trang_thai,
        nv1_0.vai_tro,
        nv1_0.vi_tri 
    from
        nhan_vien nv1_0 
    where
        nv1_0.id=?
Hibernate: 
    select
        nv1_0.id,
        nv1_0.ca_mac_dinh,
        nv1_0.email,
        nv1_0.ho_ten,
        nv1_0.id_chi_nhanh,
        nv1_0.loai_hop_dong,
        nv1_0.luong_cung,
        nv1_0.luong_theo_gio,
        nv1_0.ma_nhan_vien,
        nv1_0.mat_khau,
        nv1_0.ngay_cap_nhat,
        nv1_0.ngay_tao,
        nv1_0.ngay_vao_lam,
        nv1_0.nguoi_cap_nhat,
        nv1_0.nguoi_tao,
        nv1_0.so_dien_thoai,
        nv1_0.so_tai_khoan,
        nv1_0.ten_dang_nhap,
        nv1_0.ten_ngan_hang,
        nv1_0.trang_thai,
        nv1_0.vai_tro,
        nv1_0.vi_tri 
    from
        nhan_vien nv1_0 
    where
        nv1_0.id=?
2026-09-09T03:26:07.109+07:00 DEBUG 6752 --- [cuahangtienloi] [nio-8080-exec-3] org.hibernate.SQL                        : 
    select
        cn1_0.id,
        cn1_0.dang_hoat_dong,
        cn1_0.dia_chi,
        cn1_0.dia_chi_chi_tiet,
        cn1_0.dien_tich_m2,
        cn1_0.doanh_thu_thang,
        cn1_0.gio_mo_cua,
        cn1_0.id_quan_ly,
        cn1_0.loai,
        cn1_0.loai_chi_nhanh,
        cn1_0.ma_chi_nhanh,
        cn1_0.ngay_cap_nhat,
        cn1_0.ngay_khai_truong,
        cn1_0.ngay_tao,
        cn1_0.nguoi_cap_nhat,
        cn1_0.nguoi_tao,
        cn1_0.quan_huyen,
        cn1_0.so_dien_thoai,
        cn1_0.ten_chi_nhanh,
        cn1_0.ten_quan_ly,
        cn1_0.tinh_thanh,
        cn1_0.trang_thai,
        cn1_0.vung_mien 
    from
        chi_nhanh cn1_0 
    where
        cn1_0.id=?
Hibernate: 
    select
        cn1_0.id,
        cn1_0.dang_hoat_dong,
        cn1_0.dia_chi,
        cn1_0.dia_chi_chi_tiet,
        cn1_0.dien_tich_m2,
        cn1_0.doanh_thu_thang,
        cn1_0.gio_mo_cua,
        cn1_0.id_quan_ly,
        cn1_0.loai,
        cn1_0.loai_chi_nhanh,
        cn1_0.ma_chi_nhanh,
        cn1_0.ngay_cap_nhat,
        cn1_0.ngay_khai_truong,
        cn1_0.ngay_tao,
        cn1_0.nguoi_cap_nhat,
        cn1_0.nguoi_tao,
        cn1_0.quan_huyen,
        cn1_0.so_dien_thoai,
        cn1_0.ten_chi_nhanh,
        cn1_0.ten_quan_ly,
        cn1_0.tinh_thanh,
        cn1_0.trang_thai,
        cn1_0.vung_mien 
    from
        chi_nhanh cn1_0 
    where
        cn1_0.id=?
2026-09-09T03:26:07.221+07:00 DEBUG 6752 --- [cuahangtienloi] [nio-8080-exec-3] org.hibernate.SQL                        : 
    select
        ncc1_0.id,
        ncc1_0.chuc_danh_lien_he,
        ncc1_0.dang_hoat_dong,
        ncc1_0.dia_chi,
        ncc1_0.dieu_khoan_thanh_toan,
        ncc1_0.email,
        ncc1_0.ghi_chu,
        ncc1_0.ma_ncc,
        ncc1_0.ma_so_thue,
        ncc1_0.ngay_cap_nhat,
        ncc1_0.ngay_tao,
        ncc1_0.nguoi_lien_he,
        ncc1_0.sdt_lien_he,
        ncc1_0.so_dien_thoai,
        ncc1_0.so_ngay_duoc_no,
        ncc1_0.ten_ncc,
        ncc1_0.tong_cong_no,
        ncc1_0.tong_don_hang 
    from
        nha_cung_cap ncc1_0 
    where
        ncc1_0.id=?
Hibernate: 
    select
        ncc1_0.id,
        ncc1_0.chuc_danh_lien_he,
        ncc1_0.dang_hoat_dong,
        ncc1_0.dia_chi,
        ncc1_0.dieu_khoan_thanh_toan,
        ncc1_0.email,
        ncc1_0.ghi_chu,
        ncc1_0.ma_ncc,
        ncc1_0.ma_so_thue,
        ncc1_0.ngay_cap_nhat,
        ncc1_0.ngay_tao,
        ncc1_0.nguoi_lien_he,
        ncc1_0.sdt_lien_he,
        ncc1_0.so_dien_thoai,
        ncc1_0.so_ngay_duoc_no,
        ncc1_0.ten_ncc,
        ncc1_0.tong_cong_no,
        ncc1_0.tong_don_hang 
    from
        nha_cung_cap ncc1_0 
    where
        ncc1_0.id=?
2026-09-09T03:26:07.331+07:00 DEBUG 6752 --- [cuahangtienloi] [nio-8080-exec-3] org.hibernate.SQL                        : 
    select
        nv1_0.id,
        nv1_0.ca_mac_dinh,
        nv1_0.email,
        nv1_0.ho_ten,
        nv1_0.id_chi_nhanh,
        nv1_0.loai_hop_dong,
        nv1_0.luong_cung,
        nv1_0.luong_theo_gio,
        nv1_0.ma_nhan_vien,
        nv1_0.mat_khau,
        nv1_0.ngay_cap_nhat,
        nv1_0.ngay_tao,
        nv1_0.ngay_vao_lam,
        nv1_0.nguoi_cap_nhat,
        nv1_0.nguoi_tao,
        nv1_0.so_dien_thoai,
        nv1_0.so_tai_khoan,
        nv1_0.ten_dang_nhap,
        nv1_0.ten_ngan_hang,
        nv1_0.trang_thai,
        nv1_0.vai_tro,
        nv1_0.vi_tri 
    from
        nhan_vien nv1_0 
    where
        nv1_0.id=?
Hibernate: 
    select
        nv1_0.id,
        nv1_0.ca_mac_dinh,
        nv1_0.email,
        nv1_0.ho_ten,
        nv1_0.id_chi_nhanh,
        nv1_0.loai_hop_dong,
        nv1_0.luong_cung,
        nv1_0.luong_theo_gio,
        nv1_0.ma_nhan_vien,
        nv1_0.mat_khau,
        nv1_0.ngay_cap_nhat,
        nv1_0.ngay_tao,
        nv1_0.ngay_vao_lam,
        nv1_0.nguoi_cap_nhat,
        nv1_0.nguoi_tao,
        nv1_0.so_dien_thoai,
        nv1_0.so_tai_khoan,
        nv1_0.ten_dang_nhap,
        nv1_0.ten_ngan_hang,
        nv1_0.trang_thai,
        nv1_0.vai_tro,
        nv1_0.vi_tri 
    from
        nhan_vien nv1_0 
    where
        nv1_0.id=?
2026-09-09T03:26:07.441+07:00 DEBUG 6752 --- [cuahangtienloi] [nio-8080-exec-3] org.hibernate.SQL                        : 
    select
        cn1_0.id,
        cn1_0.dang_hoat_dong,
        cn1_0.dia_chi,
        cn1_0.dia_chi_chi_tiet,
        cn1_0.dien_tich_m2,
        cn1_0.doanh_thu_thang,
        cn1_0.gio_mo_cua,
        cn1_0.id_quan_ly,
        cn1_0.loai,
        cn1_0.loai_chi_nhanh,
        cn1_0.ma_chi_nhanh,
        cn1_0.ngay_cap_nhat,
        cn1_0.ngay_khai_truong,
        cn1_0.ngay_tao,
        cn1_0.nguoi_cap_nhat,
        cn1_0.nguoi_tao,
        cn1_0.quan_huyen,
        cn1_0.so_dien_thoai,
        cn1_0.ten_chi_nhanh,
        cn1_0.ten_quan_ly,
        cn1_0.tinh_thanh,
        cn1_0.trang_thai,
        cn1_0.vung_mien 
    from
        chi_nhanh cn1_0 
    where
        cn1_0.id=?
Hibernate: 
    select
        cn1_0.id,
        cn1_0.dang_hoat_dong,
        cn1_0.dia_chi,
        cn1_0.dia_chi_chi_tiet,
        cn1_0.dien_tich_m2,
        cn1_0.doanh_thu_thang,
        cn1_0.gio_mo_cua,
        cn1_0.id_quan_ly,
        cn1_0.loai,
        cn1_0.loai_chi_nhanh,
        cn1_0.ma_chi_nhanh,
        cn1_0.ngay_cap_nhat,
        cn1_0.ngay_khai_truong,
        cn1_0.ngay_tao,
        cn1_0.nguoi_cap_nhat,
        cn1_0.nguoi_tao,
        cn1_0.quan_huyen,
        cn1_0.so_dien_thoai,
        cn1_0.ten_chi_nhanh,
        cn1_0.ten_quan_ly,
        cn1_0.tinh_thanh,
        cn1_0.trang_thai,
        cn1_0.vung_mien 
    from
        chi_nhanh cn1_0 
    where
        cn1_0.id=?
2026-09-09T03:26:07.554+07:00 DEBUG 6752 --- [cuahangtienloi] [nio-8080-exec-3] org.hibernate.SQL                        : 
    select
        ncc1_0.id,
        ncc1_0.chuc_danh_lien_he,
        ncc1_0.dang_hoat_dong,
        ncc1_0.dia_chi,
        ncc1_0.dieu_khoan_thanh_toan,
        ncc1_0.email,
        ncc1_0.ghi_chu,
        ncc1_0.ma_ncc,
        ncc1_0.ma_so_thue,
        ncc1_0.ngay_cap_nhat,
        ncc1_0.ngay_tao,
        ncc1_0.nguoi_lien_he,
        ncc1_0.sdt_lien_he,
        ncc1_0.so_dien_thoai,
        ncc1_0.so_ngay_duoc_no,
        ncc1_0.ten_ncc,
        ncc1_0.tong_cong_no,
        ncc1_0.tong_don_hang 
    from
        nha_cung_cap ncc1_0 
    where
        ncc1_0.id=?
Hibernate: 
    select
        ncc1_0.id,
        ncc1_0.chuc_danh_lien_he,
        ncc1_0.dang_hoat_dong,
        ncc1_0.dia_chi,
        ncc1_0.dieu_khoan_thanh_toan,
        ncc1_0.email,
        ncc1_0.ghi_chu,
        ncc1_0.ma_ncc,
        ncc1_0.ma_so_thue,
        ncc1_0.ngay_cap_nhat,
        ncc1_0.ngay_tao,
        ncc1_0.nguoi_lien_he,
        ncc1_0.sdt_lien_he,
        ncc1_0.so_dien_thoai,
        ncc1_0.so_ngay_duoc_no,
        ncc1_0.ten_ncc,
        ncc1_0.tong_cong_no,
        ncc1_0.tong_don_hang 
    from
        nha_cung_cap ncc1_0 
    where
        ncc1_0.id=?
2026-09-09T03:26:07.665+07:00 DEBUG 6752 --- [cuahangtienloi] [nio-8080-exec-3] org.hibernate.SQL                        : 
    select
        nv1_0.id,
        nv1_0.ca_mac_dinh,
        nv1_0.email,
        nv1_0.ho_ten,
        nv1_0.id_chi_nhanh,
        nv1_0.loai_hop_dong,
        nv1_0.luong_cung,
        nv1_0.luong_theo_gio,
        nv1_0.ma_nhan_vien,
        nv1_0.mat_khau,
        nv1_0.ngay_cap_nhat,
        nv1_0.ngay_tao,
        nv1_0.ngay_vao_lam,
        nv1_0.nguoi_cap_nhat,
        nv1_0.nguoi_tao,
        nv1_0.so_dien_thoai,
        nv1_0.so_tai_khoan,
        nv1_0.ten_dang_nhap,
        nv1_0.ten_ngan_hang,
        nv1_0.trang_thai,
        nv1_0.vai_tro,
        nv1_0.vi_tri 
    from
        nhan_vien nv1_0 
    where
        nv1_0.id=?
Hibernate: 
    select
        nv1_0.id,
        nv1_0.ca_mac_dinh,
        nv1_0.email,
        nv1_0.ho_ten,
        nv1_0.id_chi_nhanh,
        nv1_0.loai_hop_dong,
        nv1_0.luong_cung,
        nv1_0.luong_theo_gio,
        nv1_0.ma_nhan_vien,
        nv1_0.mat_khau,
        nv1_0.ngay_cap_nhat,
        nv1_0.ngay_tao,
        nv1_0.ngay_vao_lam,
        nv1_0.nguoi_cap_nhat,
        nv1_0.nguoi_tao,
        nv1_0.so_dien_thoai,
        nv1_0.so_tai_khoan,
        nv1_0.ten_dang_nhap,
        nv1_0.ten_ngan_hang,
        nv1_0.trang_thai,
        nv1_0.vai_tro,
        nv1_0.vi_tri 
    from
        nhan_vien nv1_0 
    where
        nv1_0.id=?
2026-09-09T03:26:25.277+07:00 DEBUG 6752 --- [cuahangtienloi] [nio-8080-exec-5] org.hibernate.SQL                        : 
    select
        tk1_0.id_chi_nhanh,
        tk1_0.id_san_pham,
        tk1_0.gia_tri_ton,
        tk1_0.gia_von_trung_binh,
        tk1_0.han_su_dung_gan_nhat,
        tk1_0.lan_bien_dong_cuoi,
        tk1_0.ngay_cap_nhat,
        tk1_0.ngay_tao,
        tk1_0.so_luong_ton,
        tk1_0.ton_toi_da,
        tk1_0.ton_toi_thieu 
    from
        ton_kho tk1_0
Hibernate: 
    select
        tk1_0.id_chi_nhanh,
        tk1_0.id_san_pham,
        tk1_0.gia_tri_ton,
        tk1_0.gia_von_trung_binh,
        tk1_0.han_su_dung_gan_nhat,
        tk1_0.lan_bien_dong_cuoi,
        tk1_0.ngay_cap_nhat,
        tk1_0.ngay_tao,
        tk1_0.so_luong_ton,
        tk1_0.ton_toi_da,
        tk1_0.ton_toi_thieu 
    from
        ton_kho tk1_0
2026-09-09T03:26:25.398+07:00 DEBUG 6752 --- [cuahangtienloi] [nio-8080-exec-5] org.hibernate.SQL                        : 
    select
        sp1_0.id,
        sp1_0.dang_hoat_dong,
        sp1_0.de_hong,
        sp1_0.don_vi,
        sp1_0.gia_ban,
        sp1_0.gia_von,
        sp1_0.han_su_dung_ngay,
        sp1_0.id_danh_muc,
        sp1_0.id_nha_cung_cap,
        sp1_0.image_url,
        sp1_0.ma_vach,
        sp1_0.mo_ta,
        sp1_0.ngay_cap_nhat,
        sp1_0.ngay_tao,
        sp1_0.sku,
        sp1_0.ten_san_pham,
        sp1_0.ton_toi_da,
        sp1_0.ton_toi_thieu,
        sp1_0.vat_phantram 
    from
        san_pham sp1_0 
    where
        sp1_0.id=?
Hibernate: 
    select
        sp1_0.id,
        sp1_0.dang_hoat_dong,
        sp1_0.de_hong,
        sp1_0.don_vi,
        sp1_0.gia_ban,
        sp1_0.gia_von,
        sp1_0.han_su_dung_ngay,
        sp1_0.id_danh_muc,
        sp1_0.id_nha_cung_cap,
        sp1_0.image_url,
        sp1_0.ma_vach,
        sp1_0.mo_ta,
        sp1_0.ngay_cap_nhat,
        sp1_0.ngay_tao,
        sp1_0.sku,
        sp1_0.ten_san_pham,
        sp1_0.ton_toi_da,
        sp1_0.ton_toi_thieu,
        sp1_0.vat_phantram 
    from
        san_pham sp1_0 
    where
        sp1_0.id=?
2026-09-09T03:26:25.510+07:00 DEBUG 6752 --- [cuahangtienloi] [nio-8080-exec-5] org.hibernate.SQL                        : 
    select
        cn1_0.id,
        cn1_0.dang_hoat_dong,
        cn1_0.dia_chi,
        cn1_0.dia_chi_chi_tiet,
        cn1_0.dien_tich_m2,
        cn1_0.doanh_thu_thang,
        cn1_0.gio_mo_cua,
        cn1_0.id_quan_ly,
        cn1_0.loai,
        cn1_0.loai_chi_nhanh,
        cn1_0.ma_chi_nhanh,
        cn1_0.ngay_cap_nhat,
        cn1_0.ngay_khai_truong,
        cn1_0.ngay_tao,
        cn1_0.nguoi_cap_nhat,
        cn1_0.nguoi_tao,
        cn1_0.quan_huyen,
        cn1_0.so_dien_thoai,
        cn1_0.ten_chi_nhanh,
        cn1_0.ten_quan_ly,
        cn1_0.tinh_thanh,
        cn1_0.trang_thai,
        cn1_0.vung_mien 
    from
        chi_nhanh cn1_0 
    where
        cn1_0.id=?
Hibernate: 
    select
        cn1_0.id,
        cn1_0.dang_hoat_dong,
        cn1_0.dia_chi,
        cn1_0.dia_chi_chi_tiet,
        cn1_0.dien_tich_m2,
        cn1_0.doanh_thu_thang,
        cn1_0.gio_mo_cua,
        cn1_0.id_quan_ly,
        cn1_0.loai,
        cn1_0.loai_chi_nhanh,
        cn1_0.ma_chi_nhanh,
        cn1_0.ngay_cap_nhat,
        cn1_0.ngay_khai_truong,
        cn1_0.ngay_tao,
        cn1_0.nguoi_cap_nhat,
        cn1_0.nguoi_tao,
        cn1_0.quan_huyen,
        cn1_0.so_dien_thoai,
        cn1_0.ten_chi_nhanh,
        cn1_0.ten_quan_ly,
        cn1_0.tinh_thanh,
        cn1_0.trang_thai,
        cn1_0.vung_mien 
    from
        chi_nhanh cn1_0 
    where
        cn1_0.id=?
2026-09-09T03:26:25.621+07:00 DEBUG 6752 --- [cuahangtienloi] [nio-8080-exec-5] org.hibernate.SQL                        : 
    select
        sp1_0.id,
        sp1_0.dang_hoat_dong,
        sp1_0.de_hong,
        sp1_0.don_vi,
        sp1_0.gia_ban,
        sp1_0.gia_von,
        sp1_0.han_su_dung_ngay,
        sp1_0.id_danh_muc,
        sp1_0.id_nha_cung_cap,
        sp1_0.image_url,
        sp1_0.ma_vach,
        sp1_0.mo_ta,
        sp1_0.ngay_cap_nhat,
        sp1_0.ngay_tao,
        sp1_0.sku,
        sp1_0.ten_san_pham,
        sp1_0.ton_toi_da,
        sp1_0.ton_toi_thieu,
        sp1_0.vat_phantram 
    from
        san_pham sp1_0 
    where
        sp1_0.id=?
Hibernate: 
    select
        sp1_0.id,
        sp1_0.dang_hoat_dong,
        sp1_0.de_hong,
        sp1_0.don_vi,
        sp1_0.gia_ban,
        sp1_0.gia_von,
        sp1_0.han_su_dung_ngay,
        sp1_0.id_danh_muc,
        sp1_0.id_nha_cung_cap,
        sp1_0.image_url,
        sp1_0.ma_vach,
        sp1_0.mo_ta,
        sp1_0.ngay_cap_nhat,
        sp1_0.ngay_tao,
        sp1_0.sku,
        sp1_0.ten_san_pham,
        sp1_0.ton_toi_da,
        sp1_0.ton_toi_thieu,
        sp1_0.vat_phantram 
    from
        san_pham sp1_0 
    where
        sp1_0.id=?
2026-09-09T03:26:25.732+07:00 DEBUG 6752 --- [cuahangtienloi] [nio-8080-exec-5] org.hibernate.SQL                        : 
    select
        cn1_0.id,
        cn1_0.dang_hoat_dong,
        cn1_0.dia_chi,
        cn1_0.dia_chi_chi_tiet,
        cn1_0.dien_tich_m2,
        cn1_0.doanh_thu_thang,
        cn1_0.gio_mo_cua,
        cn1_0.id_quan_ly,
        cn1_0.loai,
        cn1_0.loai_chi_nhanh,
        cn1_0.ma_chi_nhanh,
        cn1_0.ngay_cap_nhat,
        cn1_0.ngay_khai_truong,
        cn1_0.ngay_tao,
        cn1_0.nguoi_cap_nhat,
        cn1_0.nguoi_tao,
        cn1_0.quan_huyen,
        cn1_0.so_dien_thoai,
        cn1_0.ten_chi_nhanh,
        cn1_0.ten_quan_ly,
        cn1_0.tinh_thanh,
        cn1_0.trang_thai,
        cn1_0.vung_mien 
    from
        chi_nhanh cn1_0 
    where
        cn1_0.id=?
Hibernate: 
    select
        cn1_0.id,
        cn1_0.dang_hoat_dong,
        cn1_0.dia_chi,
        cn1_0.dia_chi_chi_tiet,
        cn1_0.dien_tich_m2,
        cn1_0.doanh_thu_thang,
        cn1_0.gio_mo_cua,
        cn1_0.id_quan_ly,
        cn1_0.loai,
        cn1_0.loai_chi_nhanh,
        cn1_0.ma_chi_nhanh,
        cn1_0.ngay_cap_nhat,
        cn1_0.ngay_khai_truong,
        cn1_0.ngay_tao,
        cn1_0.nguoi_cap_nhat,
        cn1_0.nguoi_tao,
        cn1_0.quan_huyen,
        cn1_0.so_dien_thoai,
        cn1_0.ten_chi_nhanh,
        cn1_0.ten_quan_ly,
        cn1_0.tinh_thanh,
        cn1_0.trang_thai,
        cn1_0.vung_mien 
    from
        chi_nhanh cn1_0 
    where
        cn1_0.id=?
2026-09-09T03:26:25.843+07:00 DEBUG 6752 --- [cuahangtienloi] [nio-8080-exec-5] org.hibernate.SQL                        : 
    select
        sp1_0.id,
        sp1_0.dang_hoat_dong,
        sp1_0.de_hong,
        sp1_0.don_vi,
        sp1_0.gia_ban,
        sp1_0.gia_von,
        sp1_0.han_su_dung_ngay,
        sp1_0.id_danh_muc,
        sp1_0.id_nha_cung_cap,
        sp1_0.image_url,
        sp1_0.ma_vach,
        sp1_0.mo_ta,
        sp1_0.ngay_cap_nhat,
        sp1_0.ngay_tao,
        sp1_0.sku,
        sp1_0.ten_san_pham,
        sp1_0.ton_toi_da,
        sp1_0.ton_toi_thieu,
        sp1_0.vat_phantram 
    from
        san_pham sp1_0 
    where
        sp1_0.id=?
Hibernate: 
    select
        sp1_0.id,
        sp1_0.dang_hoat_dong,
        sp1_0.de_hong,
        sp1_0.don_vi,
        sp1_0.gia_ban,
        sp1_0.gia_von,
        sp1_0.han_su_dung_ngay,
        sp1_0.id_danh_muc,
        sp1_0.id_nha_cung_cap,
        sp1_0.image_url,
        sp1_0.ma_vach,
        sp1_0.mo_ta,
        sp1_0.ngay_cap_nhat,
        sp1_0.ngay_tao,
        sp1_0.sku,
        sp1_0.ten_san_pham,
        sp1_0.ton_toi_da,
        sp1_0.ton_toi_thieu,
        sp1_0.vat_phantram 
    from
        san_pham sp1_0 
    where
        sp1_0.id=?
2026-09-09T03:26:25.954+07:00 DEBUG 6752 --- [cuahangtienloi] [nio-8080-exec-5] org.hibernate.SQL                        : 
    select
        cn1_0.id,
        cn1_0.dang_hoat_dong,
        cn1_0.dia_chi,
        cn1_0.dia_chi_chi_tiet,
        cn1_0.dien_tich_m2,
        cn1_0.doanh_thu_thang,
        cn1_0.gio_mo_cua,
        cn1_0.id_quan_ly,
        cn1_0.loai,
        cn1_0.loai_chi_nhanh,
        cn1_0.ma_chi_nhanh,
        cn1_0.ngay_cap_nhat,
        cn1_0.ngay_khai_truong,
        cn1_0.ngay_tao,
        cn1_0.nguoi_cap_nhat,
        cn1_0.nguoi_tao,
        cn1_0.quan_huyen,
        cn1_0.so_dien_thoai,
        cn1_0.ten_chi_nhanh,
        cn1_0.ten_quan_ly,
        cn1_0.tinh_thanh,
        cn1_0.trang_thai,
        cn1_0.vung_mien 
    from
        chi_nhanh cn1_0 
    where
        cn1_0.id=?
Hibernate: 
    select
        cn1_0.id,
        cn1_0.dang_hoat_dong,
        cn1_0.dia_chi,
        cn1_0.dia_chi_chi_tiet,
        cn1_0.dien_tich_m2,
        cn1_0.doanh_thu_thang,
        cn1_0.gio_mo_cua,
        cn1_0.id_quan_ly,
        cn1_0.loai,
        cn1_0.loai_chi_nhanh,
        cn1_0.ma_chi_nhanh,
        cn1_0.ngay_cap_nhat,
        cn1_0.ngay_khai_truong,
        cn1_0.ngay_tao,
        cn1_0.nguoi_cap_nhat,
        cn1_0.nguoi_tao,
        cn1_0.quan_huyen,
        cn1_0.so_dien_thoai,
        cn1_0.ten_chi_nhanh,
        cn1_0.ten_quan_ly,
        cn1_0.tinh_thanh,
        cn1_0.trang_thai,
        cn1_0.vung_mien 
    from
        chi_nhanh cn1_0 
    where
        cn1_0.id=?
2026-09-09T03:26:26.065+07:00 DEBUG 6752 --- [cuahangtienloi] [nio-8080-exec-5] org.hibernate.SQL                        : 
    select
        sp1_0.id,
        sp1_0.dang_hoat_dong,
        sp1_0.de_hong,
        sp1_0.don_vi,
        sp1_0.gia_ban,
        sp1_0.gia_von,
        sp1_0.han_su_dung_ngay,
        sp1_0.id_danh_muc,
        sp1_0.id_nha_cung_cap,
        sp1_0.image_url,
        sp1_0.ma_vach,
        sp1_0.mo_ta,
        sp1_0.ngay_cap_nhat,
        sp1_0.ngay_tao,
        sp1_0.sku,
        sp1_0.ten_san_pham,
        sp1_0.ton_toi_da,
        sp1_0.ton_toi_thieu,
        sp1_0.vat_phantram 
    from
        san_pham sp1_0 
    where
        sp1_0.id=?
Hibernate: 
    select
        sp1_0.id,
        sp1_0.dang_hoat_dong,
        sp1_0.de_hong,
        sp1_0.don_vi,
        sp1_0.gia_ban,
        sp1_0.gia_von,
        sp1_0.han_su_dung_ngay,
        sp1_0.id_danh_muc,
        sp1_0.id_nha_cung_cap,
        sp1_0.image_url,
        sp1_0.ma_vach,
        sp1_0.mo_ta,
        sp1_0.ngay_cap_nhat,
        sp1_0.ngay_tao,
        sp1_0.sku,
        sp1_0.ten_san_pham,
        sp1_0.ton_toi_da,
        sp1_0.ton_toi_thieu,
        sp1_0.vat_phantram 
    from
        san_pham sp1_0 
    where
        sp1_0.id=?
2026-09-09T03:26:26.177+07:00 DEBUG 6752 --- [cuahangtienloi] [nio-8080-exec-5] org.hibernate.SQL                        : 
    select
        cn1_0.id,
        cn1_0.dang_hoat_dong,
        cn1_0.dia_chi,
        cn1_0.dia_chi_chi_tiet,
        cn1_0.dien_tich_m2,
        cn1_0.doanh_thu_thang,
        cn1_0.gio_mo_cua,
        cn1_0.id_quan_ly,
        cn1_0.loai,
        cn1_0.loai_chi_nhanh,
        cn1_0.ma_chi_nhanh,
        cn1_0.ngay_cap_nhat,
        cn1_0.ngay_khai_truong,
        cn1_0.ngay_tao,
        cn1_0.nguoi_cap_nhat,
        cn1_0.nguoi_tao,
        cn1_0.quan_huyen,
        cn1_0.so_dien_thoai,
        cn1_0.ten_chi_nhanh,
        cn1_0.ten_quan_ly,
        cn1_0.tinh_thanh,
        cn1_0.trang_thai,
        cn1_0.vung_mien 
    from
        chi_nhanh cn1_0 
    where
        cn1_0.id=?
Hibernate: 
    select
        cn1_0.id,
        cn1_0.dang_hoat_dong,
        cn1_0.dia_chi,
        cn1_0.dia_chi_chi_tiet,
        cn1_0.dien_tich_m2,
        cn1_0.doanh_thu_thang,
        cn1_0.gio_mo_cua,
        cn1_0.id_quan_ly,
        cn1_0.loai,
        cn1_0.loai_chi_nhanh,
        cn1_0.ma_chi_nhanh,
        cn1_0.ngay_cap_nhat,
        cn1_0.ngay_khai_truong,
        cn1_0.ngay_tao,
        cn1_0.nguoi_cap_nhat,
        cn1_0.nguoi_tao,
        cn1_0.quan_huyen,
        cn1_0.so_dien_thoai,
        cn1_0.ten_chi_nhanh,
        cn1_0.ten_quan_ly,
        cn1_0.tinh_thanh,
        cn1_0.trang_thai,
        cn1_0.vung_mien 
    from
        chi_nhanh cn1_0 
    where
        cn1_0.id=?
2026-09-09T03:26:26.288+07:00 DEBUG 6752 --- [cuahangtienloi] [nio-8080-exec-5] org.hibernate.SQL                        : 
    select
        sp1_0.id,
        sp1_0.dang_hoat_dong,
        sp1_0.de_hong,
        sp1_0.don_vi,
        sp1_0.gia_ban,
        sp1_0.gia_von,
        sp1_0.han_su_dung_ngay,
        sp1_0.id_danh_muc,
        sp1_0.id_nha_cung_cap,
        sp1_0.image_url,
        sp1_0.ma_vach,
        sp1_0.mo_ta,
        sp1_0.ngay_cap_nhat,
        sp1_0.ngay_tao,
        sp1_0.sku,
        sp1_0.ten_san_pham,
        sp1_0.ton_toi_da,
        sp1_0.ton_toi_thieu,
        sp1_0.vat_phantram 
    from
        san_pham sp1_0 
    where
        sp1_0.id=?
Hibernate: 
    select
        sp1_0.id,
        sp1_0.dang_hoat_dong,
        sp1_0.de_hong,
        sp1_0.don_vi,
        sp1_0.gia_ban,
        sp1_0.gia_von,
        sp1_0.han_su_dung_ngay,
        sp1_0.id_danh_muc,
        sp1_0.id_nha_cung_cap,
        sp1_0.image_url,
        sp1_0.ma_vach,
        sp1_0.mo_ta,
        sp1_0.ngay_cap_nhat,
        sp1_0.ngay_tao,
        sp1_0.sku,
        sp1_0.ten_san_pham,
        sp1_0.ton_toi_da,
        sp1_0.ton_toi_thieu,
        sp1_0.vat_phantram 
    from
        san_pham sp1_0 
    where
        sp1_0.id=?
2026-09-09T03:26:26.399+07:00 DEBUG 6752 --- [cuahangtienloi] [nio-8080-exec-5] org.hibernate.SQL                        : 
    select
        cn1_0.id,
        cn1_0.dang_hoat_dong,
        cn1_0.dia_chi,
        cn1_0.dia_chi_chi_tiet,
        cn1_0.dien_tich_m2,
        cn1_0.doanh_thu_thang,
        cn1_0.gio_mo_cua,
        cn1_0.id_quan_ly,
        cn1_0.loai,
        cn1_0.loai_chi_nhanh,
        cn1_0.ma_chi_nhanh,
        cn1_0.ngay_cap_nhat,
        cn1_0.ngay_khai_truong,
        cn1_0.ngay_tao,
        cn1_0.nguoi_cap_nhat,
        cn1_0.nguoi_tao,
        cn1_0.quan_huyen,
        cn1_0.so_dien_thoai,
        cn1_0.ten_chi_nhanh,
        cn1_0.ten_quan_ly,
        cn1_0.tinh_thanh,
        cn1_0.trang_thai,
        cn1_0.vung_mien 
    from
        chi_nhanh cn1_0 
    where
        cn1_0.id=?
Hibernate: 
    select
        cn1_0.id,
        cn1_0.dang_hoat_dong,
        cn1_0.dia_chi,
        cn1_0.dia_chi_chi_tiet,
        cn1_0.dien_tich_m2,
        cn1_0.doanh_thu_thang,
        cn1_0.gio_mo_cua,
        cn1_0.id_quan_ly,
        cn1_0.loai,
        cn1_0.loai_chi_nhanh,
        cn1_0.ma_chi_nhanh,
        cn1_0.ngay_cap_nhat,
        cn1_0.ngay_khai_truong,
        cn1_0.ngay_tao,
        cn1_0.nguoi_cap_nhat,
        cn1_0.nguoi_tao,
        cn1_0.quan_huyen,
        cn1_0.so_dien_thoai,
        cn1_0.ten_chi_nhanh,
        cn1_0.ten_quan_ly,
        cn1_0.tinh_thanh,
        cn1_0.trang_thai,
        cn1_0.vung_mien 
    from
        chi_nhanh cn1_0 
    where
        cn1_0.id=?
2026-09-09T03:26:26.510+07:00 DEBUG 6752 --- [cuahangtienloi] [nio-8080-exec-5] org.hibernate.SQL                        : 
    select
        sp1_0.id,
        sp1_0.dang_hoat_dong,
        sp1_0.de_hong,
        sp1_0.don_vi,
        sp1_0.gia_ban,
        sp1_0.gia_von,
        sp1_0.han_su_dung_ngay,
        sp1_0.id_danh_muc,
        sp1_0.id_nha_cung_cap,
        sp1_0.image_url,
        sp1_0.ma_vach,
        sp1_0.mo_ta,
        sp1_0.ngay_cap_nhat,
        sp1_0.ngay_tao,
        sp1_0.sku,
        sp1_0.ten_san_pham,
        sp1_0.ton_toi_da,
        sp1_0.ton_toi_thieu,
        sp1_0.vat_phantram 
    from
        san_pham sp1_0 
    where
        sp1_0.id=?
Hibernate: 
    select
        sp1_0.id,
        sp1_0.dang_hoat_dong,
        sp1_0.de_hong,
        sp1_0.don_vi,
        sp1_0.gia_ban,
        sp1_0.gia_von,
        sp1_0.han_su_dung_ngay,
        sp1_0.id_danh_muc,
        sp1_0.id_nha_cung_cap,
        sp1_0.image_url,
        sp1_0.ma_vach,
        sp1_0.mo_ta,
        sp1_0.ngay_cap_nhat,
        sp1_0.ngay_tao,
        sp1_0.sku,
        sp1_0.ten_san_pham,
        sp1_0.ton_toi_da,
        sp1_0.ton_toi_thieu,
        sp1_0.vat_phantram 
    from
        san_pham sp1_0 
    where
        sp1_0.id=?
2026-09-09T03:26:26.620+07:00 DEBUG 6752 --- [cuahangtienloi] [nio-8080-exec-5] org.hibernate.SQL                        : 
    select
        cn1_0.id,
        cn1_0.dang_hoat_dong,
        cn1_0.dia_chi,
        cn1_0.dia_chi_chi_tiet,
        cn1_0.dien_tich_m2,
        cn1_0.doanh_thu_thang,
        cn1_0.gio_mo_cua,
        cn1_0.id_quan_ly,
        cn1_0.loai,
        cn1_0.loai_chi_nhanh,
        cn1_0.ma_chi_nhanh,
        cn1_0.ngay_cap_nhat,
        cn1_0.ngay_khai_truong,
        cn1_0.ngay_tao,
        cn1_0.nguoi_cap_nhat,
        cn1_0.nguoi_tao,
        cn1_0.quan_huyen,
        cn1_0.so_dien_thoai,
        cn1_0.ten_chi_nhanh,
        cn1_0.ten_quan_ly,
        cn1_0.tinh_thanh,
        cn1_0.trang_thai,
        cn1_0.vung_mien 
    from
        chi_nhanh cn1_0 
    where
        cn1_0.id=?
Hibernate: 
    select
        cn1_0.id,
        cn1_0.dang_hoat_dong,
        cn1_0.dia_chi,
        cn1_0.dia_chi_chi_tiet,
        cn1_0.dien_tich_m2,
        cn1_0.doanh_thu_thang,
        cn1_0.gio_mo_cua,
        cn1_0.id_quan_ly,
        cn1_0.loai,
        cn1_0.loai_chi_nhanh,
        cn1_0.ma_chi_nhanh,
        cn1_0.ngay_cap_nhat,
        cn1_0.ngay_khai_truong,
        cn1_0.ngay_tao,
        cn1_0.nguoi_cap_nhat,
        cn1_0.nguoi_tao,
        cn1_0.quan_huyen,
        cn1_0.so_dien_thoai,
        cn1_0.ten_chi_nhanh,
        cn1_0.ten_quan_ly,
        cn1_0.tinh_thanh,
        cn1_0.trang_thai,
        cn1_0.vung_mien 
    from
        chi_nhanh cn1_0 
    where
        cn1_0.id=?
2026-09-09T03:26:26.732+07:00 DEBUG 6752 --- [cuahangtienloi] [nio-8080-exec-5] org.hibernate.SQL                        : 
    select
        sp1_0.id,
        sp1_0.dang_hoat_dong,
        sp1_0.de_hong,
        sp1_0.don_vi,
        sp1_0.gia_ban,
        sp1_0.gia_von,
        sp1_0.han_su_dung_ngay,
        sp1_0.id_danh_muc,
        sp1_0.id_nha_cung_cap,
        sp1_0.image_url,
        sp1_0.ma_vach,
        sp1_0.mo_ta,
        sp1_0.ngay_cap_nhat,
        sp1_0.ngay_tao,
        sp1_0.sku,
        sp1_0.ten_san_pham,
        sp1_0.ton_toi_da,
        sp1_0.ton_toi_thieu,
        sp1_0.vat_phantram 
    from
        san_pham sp1_0 
    where
        sp1_0.id=?
Hibernate: 
    select
        sp1_0.id,
        sp1_0.dang_hoat_dong,
        sp1_0.de_hong,
        sp1_0.don_vi,
        sp1_0.gia_ban,
        sp1_0.gia_von,
        sp1_0.han_su_dung_ngay,
        sp1_0.id_danh_muc,
        sp1_0.id_nha_cung_cap,
        sp1_0.image_url,
        sp1_0.ma_vach,
        sp1_0.mo_ta,
        sp1_0.ngay_cap_nhat,
        sp1_0.ngay_tao,
        sp1_0.sku,
        sp1_0.ten_san_pham,
        sp1_0.ton_toi_da,
        sp1_0.ton_toi_thieu,
        sp1_0.vat_phantram 
    from
        san_pham sp1_0 
    where
        sp1_0.id=?
2026-09-09T03:26:26.844+07:00 DEBUG 6752 --- [cuahangtienloi] [nio-8080-exec-5] org.hibernate.SQL                        : 
    select
        cn1_0.id,
        cn1_0.dang_hoat_dong,
        cn1_0.dia_chi,
        cn1_0.dia_chi_chi_tiet,
        cn1_0.dien_tich_m2,
        cn1_0.doanh_thu_thang,
        cn1_0.gio_mo_cua,
        cn1_0.id_quan_ly,
        cn1_0.loai,
        cn1_0.loai_chi_nhanh,
        cn1_0.ma_chi_nhanh,
        cn1_0.ngay_cap_nhat,
        cn1_0.ngay_khai_truong,
        cn1_0.ngay_tao,
        cn1_0.nguoi_cap_nhat,
        cn1_0.nguoi_tao,
        cn1_0.quan_huyen,
        cn1_0.so_dien_thoai,
        cn1_0.ten_chi_nhanh,
        cn1_0.ten_quan_ly,
        cn1_0.tinh_thanh,
        cn1_0.trang_thai,
        cn1_0.vung_mien 
    from
        chi_nhanh cn1_0 
    where
        cn1_0.id=?
Hibernate: 
    select
        cn1_0.id,
        cn1_0.dang_hoat_dong,
        cn1_0.dia_chi,
        cn1_0.dia_chi_chi_tiet,
        cn1_0.dien_tich_m2,
        cn1_0.doanh_thu_thang,
        cn1_0.gio_mo_cua,
        cn1_0.id_quan_ly,
        cn1_0.loai,
        cn1_0.loai_chi_nhanh,
        cn1_0.ma_chi_nhanh,
        cn1_0.ngay_cap_nhat,
        cn1_0.ngay_khai_truong,
        cn1_0.ngay_tao,
        cn1_0.nguoi_cap_nhat,
        cn1_0.nguoi_tao,
        cn1_0.quan_huyen,
        cn1_0.so_dien_thoai,
        cn1_0.ten_chi_nhanh,
        cn1_0.ten_quan_ly,
        cn1_0.tinh_thanh,
        cn1_0.trang_thai,
        cn1_0.vung_mien 
    from
        chi_nhanh cn1_0 
    where
        cn1_0.id=?
2026-09-09T03:26:26.955+07:00 DEBUG 6752 --- [cuahangtienloi] [nio-8080-exec-5] org.hibernate.SQL                        : 
    select
        sp1_0.id,
        sp1_0.dang_hoat_dong,
        sp1_0.de_hong,
        sp1_0.don_vi,
        sp1_0.gia_ban,
        sp1_0.gia_von,
        sp1_0.han_su_dung_ngay,
        sp1_0.id_danh_muc,
        sp1_0.id_nha_cung_cap,
        sp1_0.image_url,
        sp1_0.ma_vach,
        sp1_0.mo_ta,
        sp1_0.ngay_cap_nhat,
        sp1_0.ngay_tao,
        sp1_0.sku,
        sp1_0.ten_san_pham,
        sp1_0.ton_toi_da,
        sp1_0.ton_toi_thieu,
        sp1_0.vat_phantram 
    from
        san_pham sp1_0 
    where
        sp1_0.id=?
Hibernate: 
    select
        sp1_0.id,
        sp1_0.dang_hoat_dong,
        sp1_0.de_hong,
        sp1_0.don_vi,
        sp1_0.gia_ban,
        sp1_0.gia_von,
        sp1_0.han_su_dung_ngay,
        sp1_0.id_danh_muc,
        sp1_0.id_nha_cung_cap,
        sp1_0.image_url,
        sp1_0.ma_vach,
        sp1_0.mo_ta,
        sp1_0.ngay_cap_nhat,
        sp1_0.ngay_tao,
        sp1_0.sku,
        sp1_0.ten_san_pham,
        sp1_0.ton_toi_da,
        sp1_0.ton_toi_thieu,
        sp1_0.vat_phantram 
    from
        san_pham sp1_0 
    where
        sp1_0.id=?
2026-09-09T03:26:27.067+07:00 DEBUG 6752 --- [cuahangtienloi] [nio-8080-exec-5] org.hibernate.SQL                        : 
    select
        cn1_0.id,
        cn1_0.dang_hoat_dong,
        cn1_0.dia_chi,
        cn1_0.dia_chi_chi_tiet,
        cn1_0.dien_tich_m2,
        cn1_0.doanh_thu_thang,
        cn1_0.gio_mo_cua,
        cn1_0.id_quan_ly,
        cn1_0.loai,
        cn1_0.loai_chi_nhanh,
        cn1_0.ma_chi_nhanh,
        cn1_0.ngay_cap_nhat,
        cn1_0.ngay_khai_truong,
        cn1_0.ngay_tao,
        cn1_0.nguoi_cap_nhat,
        cn1_0.nguoi_tao,
        cn1_0.quan_huyen,
        cn1_0.so_dien_thoai,
        cn1_0.ten_chi_nhanh,
        cn1_0.ten_quan_ly,
        cn1_0.tinh_thanh,
        cn1_0.trang_thai,
        cn1_0.vung_mien 
    from
        chi_nhanh cn1_0 
    where
        cn1_0.id=?
Hibernate: 
    select
        cn1_0.id,
        cn1_0.dang_hoat_dong,
        cn1_0.dia_chi,
        cn1_0.dia_chi_chi_tiet,
        cn1_0.dien_tich_m2,
        cn1_0.doanh_thu_thang,
        cn1_0.gio_mo_cua,
        cn1_0.id_quan_ly,
        cn1_0.loai,
        cn1_0.loai_chi_nhanh,
        cn1_0.ma_chi_nhanh,
        cn1_0.ngay_cap_nhat,
        cn1_0.ngay_khai_truong,
        cn1_0.ngay_tao,
        cn1_0.nguoi_cap_nhat,
        cn1_0.nguoi_tao,
        cn1_0.quan_huyen,
        cn1_0.so_dien_thoai,
        cn1_0.ten_chi_nhanh,
        cn1_0.ten_quan_ly,
        cn1_0.tinh_thanh,
        cn1_0.trang_thai,
        cn1_0.vung_mien 
    from
        chi_nhanh cn1_0 
    where
        cn1_0.id=?
2026-09-09T03:26:27.177+07:00 DEBUG 6752 --- [cuahangtienloi] [nio-8080-exec-5] org.hibernate.SQL                        : 
    select
        sp1_0.id,
        sp1_0.dang_hoat_dong,
        sp1_0.de_hong,
        sp1_0.don_vi,
        sp1_0.gia_ban,
        sp1_0.gia_von,
        sp1_0.han_su_dung_ngay,
        sp1_0.id_danh_muc,
        sp1_0.id_nha_cung_cap,
        sp1_0.image_url,
        sp1_0.ma_vach,
        sp1_0.mo_ta,
        sp1_0.ngay_cap_nhat,
        sp1_0.ngay_tao,
        sp1_0.sku,
        sp1_0.ten_san_pham,
        sp1_0.ton_toi_da,
        sp1_0.ton_toi_thieu,
        sp1_0.vat_phantram 
    from
        san_pham sp1_0 
    where
        sp1_0.id=?
Hibernate: 
    select
        sp1_0.id,
        sp1_0.dang_hoat_dong,
        sp1_0.de_hong,
        sp1_0.don_vi,
        sp1_0.gia_ban,
        sp1_0.gia_von,
        sp1_0.han_su_dung_ngay,
        sp1_0.id_danh_muc,
        sp1_0.id_nha_cung_cap,
        sp1_0.image_url,
        sp1_0.ma_vach,
        sp1_0.mo_ta,
        sp1_0.ngay_cap_nhat,
        sp1_0.ngay_tao,
        sp1_0.sku,
        sp1_0.ten_san_pham,
        sp1_0.ton_toi_da,
        sp1_0.ton_toi_thieu,
        sp1_0.vat_phantram 
    from
        san_pham sp1_0 
    where
        sp1_0.id=?
2026-09-09T03:26:27.289+07:00 DEBUG 6752 --- [cuahangtienloi] [nio-8080-exec-5] org.hibernate.SQL                        : 
    select
        cn1_0.id,
        cn1_0.dang_hoat_dong,
        cn1_0.dia_chi,
        cn1_0.dia_chi_chi_tiet,
        cn1_0.dien_tich_m2,
        cn1_0.doanh_thu_thang,
        cn1_0.gio_mo_cua,
        cn1_0.id_quan_ly,
        cn1_0.loai,
        cn1_0.loai_chi_nhanh,
        cn1_0.ma_chi_nhanh,
        cn1_0.ngay_cap_nhat,
        cn1_0.ngay_khai_truong,
        cn1_0.ngay_tao,
        cn1_0.nguoi_cap_nhat,
        cn1_0.nguoi_tao,
        cn1_0.quan_huyen,
        cn1_0.so_dien_thoai,
        cn1_0.ten_chi_nhanh,
        cn1_0.ten_quan_ly,
        cn1_0.tinh_thanh,
        cn1_0.trang_thai,
        cn1_0.vung_mien 
    from
        chi_nhanh cn1_0 
    where
        cn1_0.id=?
Hibernate: 
    select
        cn1_0.id,
        cn1_0.dang_hoat_dong,
        cn1_0.dia_chi,
        cn1_0.dia_chi_chi_tiet,
        cn1_0.dien_tich_m2,
        cn1_0.doanh_thu_thang,
        cn1_0.gio_mo_cua,
        cn1_0.id_quan_ly,
        cn1_0.loai,
        cn1_0.loai_chi_nhanh,
        cn1_0.ma_chi_nhanh,
        cn1_0.ngay_cap_nhat,
        cn1_0.ngay_khai_truong,
        cn1_0.ngay_tao,
        cn1_0.nguoi_cap_nhat,
        cn1_0.nguoi_tao,
        cn1_0.quan_huyen,
        cn1_0.so_dien_thoai,
        cn1_0.ten_chi_nhanh,
        cn1_0.ten_quan_ly,
        cn1_0.tinh_thanh,
        cn1_0.trang_thai,
        cn1_0.vung_mien 
    from
        chi_nhanh cn1_0 
    where
        cn1_0.id=?
2026-09-09T03:26:27.400+07:00 DEBUG 6752 --- [cuahangtienloi] [nio-8080-exec-5] org.hibernate.SQL                        : 
    select
        sp1_0.id,
        sp1_0.dang_hoat_dong,
        sp1_0.de_hong,
        sp1_0.don_vi,
        sp1_0.gia_ban,
        sp1_0.gia_von,
        sp1_0.han_su_dung_ngay,
        sp1_0.id_danh_muc,
        sp1_0.id_nha_cung_cap,
        sp1_0.image_url,
        sp1_0.ma_vach,
        sp1_0.mo_ta,
        sp1_0.ngay_cap_nhat,
        sp1_0.ngay_tao,
        sp1_0.sku,
        sp1_0.ten_san_pham,
        sp1_0.ton_toi_da,
        sp1_0.ton_toi_thieu,
        sp1_0.vat_phantram 
    from
        san_pham sp1_0 
    where
        sp1_0.id=?
Hibernate: 
    select
        sp1_0.id,
        sp1_0.dang_hoat_dong,
        sp1_0.de_hong,
        sp1_0.don_vi,
        sp1_0.gia_ban,
        sp1_0.gia_von,
        sp1_0.han_su_dung_ngay,
        sp1_0.id_danh_muc,
        sp1_0.id_nha_cung_cap,
        sp1_0.image_url,
        sp1_0.ma_vach,
        sp1_0.mo_ta,
        sp1_0.ngay_cap_nhat,
        sp1_0.ngay_tao,
        sp1_0.sku,
        sp1_0.ten_san_pham,
        sp1_0.ton_toi_da,
        sp1_0.ton_toi_thieu,
        sp1_0.vat_phantram 
    from
        san_pham sp1_0 
    where
        sp1_0.id=?
2026-09-09T03:26:27.511+07:00 DEBUG 6752 --- [cuahangtienloi] [nio-8080-exec-5] org.hibernate.SQL                        : 
    select
        cn1_0.id,
        cn1_0.dang_hoat_dong,
        cn1_0.dia_chi,
        cn1_0.dia_chi_chi_tiet,
        cn1_0.dien_tich_m2,
        cn1_0.doanh_thu_thang,
        cn1_0.gio_mo_cua,
        cn1_0.id_quan_ly,
        cn1_0.loai,
        cn1_0.loai_chi_nhanh,
        cn1_0.ma_chi_nhanh,
        cn1_0.ngay_cap_nhat,
        cn1_0.ngay_khai_truong,
        cn1_0.ngay_tao,
        cn1_0.nguoi_cap_nhat,
        cn1_0.nguoi_tao,
        cn1_0.quan_huyen,
        cn1_0.so_dien_thoai,
        cn1_0.ten_chi_nhanh,
        cn1_0.ten_quan_ly,
        cn1_0.tinh_thanh,
        cn1_0.trang_thai,
        cn1_0.vung_mien 
    from
        chi_nhanh cn1_0 
    where
        cn1_0.id=?
Hibernate: 
    select
        cn1_0.id,
        cn1_0.dang_hoat_dong,
        cn1_0.dia_chi,
        cn1_0.dia_chi_chi_tiet,
        cn1_0.dien_tich_m2,
        cn1_0.doanh_thu_thang,
        cn1_0.gio_mo_cua,
        cn1_0.id_quan_ly,
        cn1_0.loai,
        cn1_0.loai_chi_nhanh,
        cn1_0.ma_chi_nhanh,
        cn1_0.ngay_cap_nhat,
        cn1_0.ngay_khai_truong,
        cn1_0.ngay_tao,
        cn1_0.nguoi_cap_nhat,
        cn1_0.nguoi_tao,
        cn1_0.quan_huyen,
        cn1_0.so_dien_thoai,
        cn1_0.ten_chi_nhanh,
        cn1_0.ten_quan_ly,
        cn1_0.tinh_thanh,
        cn1_0.trang_thai,
        cn1_0.vung_mien 
    from
        chi_nhanh cn1_0 
    where
        cn1_0.id=?
2026-09-09T03:26:27.621+07:00 DEBUG 6752 --- [cuahangtienloi] [nio-8080-exec-5] org.hibernate.SQL                        : 
    select
        sp1_0.id,
        sp1_0.dang_hoat_dong,
        sp1_0.de_hong,
        sp1_0.don_vi,
        sp1_0.gia_ban,
        sp1_0.gia_von,
        sp1_0.han_su_dung_ngay,
        sp1_0.id_danh_muc,
        sp1_0.id_nha_cung_cap,
        sp1_0.image_url,
        sp1_0.ma_vach,
        sp1_0.mo_ta,
        sp1_0.ngay_cap_nhat,
        sp1_0.ngay_tao,
        sp1_0.sku,
        sp1_0.ten_san_pham,
        sp1_0.ton_toi_da,
        sp1_0.ton_toi_thieu,
        sp1_0.vat_phantram 
    from
        san_pham sp1_0 
    where
        sp1_0.id=?
Hibernate: 
    select
        sp1_0.id,
        sp1_0.dang_hoat_dong,
        sp1_0.de_hong,
        sp1_0.don_vi,
        sp1_0.gia_ban,
        sp1_0.gia_von,
        sp1_0.han_su_dung_ngay,
        sp1_0.id_danh_muc,
        sp1_0.id_nha_cung_cap,
        sp1_0.image_url,
        sp1_0.ma_vach,
        sp1_0.mo_ta,
        sp1_0.ngay_cap_nhat,
        sp1_0.ngay_tao,
        sp1_0.sku,
        sp1_0.ten_san_pham,
        sp1_0.ton_toi_da,
        sp1_0.ton_toi_thieu,
        sp1_0.vat_phantram 
    from
        san_pham sp1_0 
    where
        sp1_0.id=?
2026-09-09T03:26:27.734+07:00 DEBUG 6752 --- [cuahangtienloi] [nio-8080-exec-5] org.hibernate.SQL                        : 
    select
        cn1_0.id,
        cn1_0.dang_hoat_dong,
        cn1_0.dia_chi,
        cn1_0.dia_chi_chi_tiet,
        cn1_0.dien_tich_m2,
        cn1_0.doanh_thu_thang,
        cn1_0.gio_mo_cua,
        cn1_0.id_quan_ly,
        cn1_0.loai,
        cn1_0.loai_chi_nhanh,
        cn1_0.ma_chi_nhanh,
        cn1_0.ngay_cap_nhat,
        cn1_0.ngay_khai_truong,
        cn1_0.ngay_tao,
        cn1_0.nguoi_cap_nhat,
        cn1_0.nguoi_tao,
        cn1_0.quan_huyen,
        cn1_0.so_dien_thoai,
        cn1_0.ten_chi_nhanh,
        cn1_0.ten_quan_ly,
        cn1_0.tinh_thanh,
        cn1_0.trang_thai,
        cn1_0.vung_mien 
    from
        chi_nhanh cn1_0 
    where
        cn1_0.id=?
Hibernate: 
    select
        cn1_0.id,
        cn1_0.dang_hoat_dong,
        cn1_0.dia_chi,
        cn1_0.dia_chi_chi_tiet,
        cn1_0.dien_tich_m2,
        cn1_0.doanh_thu_thang,
        cn1_0.gio_mo_cua,
        cn1_0.id_quan_ly,
        cn1_0.loai,
        cn1_0.loai_chi_nhanh,
        cn1_0.ma_chi_nhanh,
        cn1_0.ngay_cap_nhat,
        cn1_0.ngay_khai_truong,
        cn1_0.ngay_tao,
        cn1_0.nguoi_cap_nhat,
        cn1_0.nguoi_tao,
        cn1_0.quan_huyen,
        cn1_0.so_dien_thoai,
        cn1_0.ten_chi_nhanh,
        cn1_0.ten_quan_ly,
        cn1_0.tinh_thanh,
        cn1_0.trang_thai,
        cn1_0.vung_mien 
    from
        chi_nhanh cn1_0 
    where
        cn1_0.id=?
2026-09-09T03:26:27.845+07:00 DEBUG 6752 --- [cuahangtienloi] [nio-8080-exec-5] org.hibernate.SQL                        : 
    select
        sp1_0.id,
        sp1_0.dang_hoat_dong,
        sp1_0.de_hong,
        sp1_0.don_vi,
        sp1_0.gia_ban,
        sp1_0.gia_von,
        sp1_0.han_su_dung_ngay,
        sp1_0.id_danh_muc,
        sp1_0.id_nha_cung_cap,
        sp1_0.image_url,
        sp1_0.ma_vach,
        sp1_0.mo_ta,
        sp1_0.ngay_cap_nhat,
        sp1_0.ngay_tao,
        sp1_0.sku,
        sp1_0.ten_san_pham,
        sp1_0.ton_toi_da,
        sp1_0.ton_toi_thieu,
        sp1_0.vat_phantram 
    from
        san_pham sp1_0 
    where
        sp1_0.id=?
Hibernate: 
    select
        sp1_0.id,
        sp1_0.dang_hoat_dong,
        sp1_0.de_hong,
        sp1_0.don_vi,
        sp1_0.gia_ban,
        sp1_0.gia_von,
        sp1_0.han_su_dung_ngay,
        sp1_0.id_danh_muc,
        sp1_0.id_nha_cung_cap,
        sp1_0.image_url,
        sp1_0.ma_vach,
        sp1_0.mo_ta,
        sp1_0.ngay_cap_nhat,
        sp1_0.ngay_tao,
        sp1_0.sku,
        sp1_0.ten_san_pham,
        sp1_0.ton_toi_da,
        sp1_0.ton_toi_thieu,
        sp1_0.vat_phantram 
    from
        san_pham sp1_0 
    where
        sp1_0.id=?
2026-09-09T03:26:27.955+07:00 DEBUG 6752 --- [cuahangtienloi] [nio-8080-exec-5] org.hibernate.SQL                        : 
    select
        cn1_0.id,
        cn1_0.dang_hoat_dong,
        cn1_0.dia_chi,
        cn1_0.dia_chi_chi_tiet,
        cn1_0.dien_tich_m2,
        cn1_0.doanh_thu_thang,
        cn1_0.gio_mo_cua,
        cn1_0.id_quan_ly,
        cn1_0.loai,
        cn1_0.loai_chi_nhanh,
        cn1_0.ma_chi_nhanh,
        cn1_0.ngay_cap_nhat,
        cn1_0.ngay_khai_truong,
        cn1_0.ngay_tao,
        cn1_0.nguoi_cap_nhat,
        cn1_0.nguoi_tao,
        cn1_0.quan_huyen,
        cn1_0.so_dien_thoai,
        cn1_0.ten_chi_nhanh,
        cn1_0.ten_quan_ly,
        cn1_0.tinh_thanh,
        cn1_0.trang_thai,
        cn1_0.vung_mien 
    from
        chi_nhanh cn1_0 
    where
        cn1_0.id=?
Hibernate: 
    select
        cn1_0.id,
        cn1_0.dang_hoat_dong,
        cn1_0.dia_chi,
        cn1_0.dia_chi_chi_tiet,
        cn1_0.dien_tich_m2,
        cn1_0.doanh_thu_thang,
        cn1_0.gio_mo_cua,
        cn1_0.id_quan_ly,
        cn1_0.loai,
        cn1_0.loai_chi_nhanh,
        cn1_0.ma_chi_nhanh,
        cn1_0.ngay_cap_nhat,
        cn1_0.ngay_khai_truong,
        cn1_0.ngay_tao,
        cn1_0.nguoi_cap_nhat,
        cn1_0.nguoi_tao,
        cn1_0.quan_huyen,
        cn1_0.so_dien_thoai,
        cn1_0.ten_chi_nhanh,
        cn1_0.ten_quan_ly,
        cn1_0.tinh_thanh,
        cn1_0.trang_thai,
        cn1_0.vung_mien 
    from
        chi_nhanh cn1_0 
    where
        cn1_0.id=?
2026-09-09T03:26:28.066+07:00 DEBUG 6752 --- [cuahangtienloi] [nio-8080-exec-5] org.hibernate.SQL                        : 
    select
        sp1_0.id,
        sp1_0.dang_hoat_dong,
        sp1_0.de_hong,
        sp1_0.don_vi,
        sp1_0.gia_ban,
        sp1_0.gia_von,
        sp1_0.han_su_dung_ngay,
        sp1_0.id_danh_muc,
        sp1_0.id_nha_cung_cap,
        sp1_0.image_url,
        sp1_0.ma_vach,
        sp1_0.mo_ta,
        sp1_0.ngay_cap_nhat,
        sp1_0.ngay_tao,
        sp1_0.sku,
        sp1_0.ten_san_pham,
        sp1_0.ton_toi_da,
        sp1_0.ton_toi_thieu,
        sp1_0.vat_phantram 
    from
        san_pham sp1_0 
    where
        sp1_0.id=?
Hibernate: 
    select
        sp1_0.id,
        sp1_0.dang_hoat_dong,
        sp1_0.de_hong,
        sp1_0.don_vi,
        sp1_0.gia_ban,
        sp1_0.gia_von,
        sp1_0.han_su_dung_ngay,
        sp1_0.id_danh_muc,
        sp1_0.id_nha_cung_cap,
        sp1_0.image_url,
        sp1_0.ma_vach,
        sp1_0.mo_ta,
        sp1_0.ngay_cap_nhat,
        sp1_0.ngay_tao,
        sp1_0.sku,
        sp1_0.ten_san_pham,
        sp1_0.ton_toi_da,
        sp1_0.ton_toi_thieu,
        sp1_0.vat_phantram 
    from
        san_pham sp1_0 
    where
        sp1_0.id=?
2026-09-09T03:26:28.179+07:00 DEBUG 6752 --- [cuahangtienloi] [nio-8080-exec-5] org.hibernate.SQL                        : 
    select
        cn1_0.id,
        cn1_0.dang_hoat_dong,
        cn1_0.dia_chi,
        cn1_0.dia_chi_chi_tiet,
        cn1_0.dien_tich_m2,
        cn1_0.doanh_thu_thang,
        cn1_0.gio_mo_cua,
        cn1_0.id_quan_ly,
        cn1_0.loai,
        cn1_0.loai_chi_nhanh,
        cn1_0.ma_chi_nhanh,
        cn1_0.ngay_cap_nhat,
        cn1_0.ngay_khai_truong,
        cn1_0.ngay_tao,
        cn1_0.nguoi_cap_nhat,
        cn1_0.nguoi_tao,
        cn1_0.quan_huyen,
        cn1_0.so_dien_thoai,
        cn1_0.ten_chi_nhanh,
        cn1_0.ten_quan_ly,
        cn1_0.tinh_thanh,
        cn1_0.trang_thai,
        cn1_0.vung_mien 
    from
        chi_nhanh cn1_0 
    where
        cn1_0.id=?
Hibernate: 
    select
        cn1_0.id,
        cn1_0.dang_hoat_dong,
        cn1_0.dia_chi,
        cn1_0.dia_chi_chi_tiet,
        cn1_0.dien_tich_m2,
        cn1_0.doanh_thu_thang,
        cn1_0.gio_mo_cua,
        cn1_0.id_quan_ly,
        cn1_0.loai,
        cn1_0.loai_chi_nhanh,
        cn1_0.ma_chi_nhanh,
        cn1_0.ngay_cap_nhat,
        cn1_0.ngay_khai_truong,
        cn1_0.ngay_tao,
        cn1_0.nguoi_cap_nhat,
        cn1_0.nguoi_tao,
        cn1_0.quan_huyen,
        cn1_0.so_dien_thoai,
        cn1_0.ten_chi_nhanh,
        cn1_0.ten_quan_ly,
        cn1_0.tinh_thanh,
        cn1_0.trang_thai,
        cn1_0.vung_mien 
    from
        chi_nhanh cn1_0 
    where
        cn1_0.id=?
2026-09-09T03:26:28.289+07:00 DEBUG 6752 --- [cuahangtienloi] [nio-8080-exec-5] org.hibernate.SQL                        : 
    select
        sp1_0.id,
        sp1_0.dang_hoat_dong,
        sp1_0.de_hong,
        sp1_0.don_vi,
        sp1_0.gia_ban,
        sp1_0.gia_von,
        sp1_0.han_su_dung_ngay,
        sp1_0.id_danh_muc,
        sp1_0.id_nha_cung_cap,
        sp1_0.image_url,
        sp1_0.ma_vach,
        sp1_0.mo_ta,
        sp1_0.ngay_cap_nhat,
        sp1_0.ngay_tao,
        sp1_0.sku,
        sp1_0.ten_san_pham,
        sp1_0.ton_toi_da,
        sp1_0.ton_toi_thieu,
        sp1_0.vat_phantram 
    from
        san_pham sp1_0 
    where
        sp1_0.id=?
Hibernate: 
    select
        sp1_0.id,
        sp1_0.dang_hoat_dong,
        sp1_0.de_hong,
        sp1_0.don_vi,
        sp1_0.gia_ban,
        sp1_0.gia_von,
        sp1_0.han_su_dung_ngay,
        sp1_0.id_danh_muc,
        sp1_0.id_nha_cung_cap,
        sp1_0.image_url,
        sp1_0.ma_vach,
        sp1_0.mo_ta,
        sp1_0.ngay_cap_nhat,
        sp1_0.ngay_tao,
        sp1_0.sku,
        sp1_0.ten_san_pham,
        sp1_0.ton_toi_da,
        sp1_0.ton_toi_thieu,
        sp1_0.vat_phantram 
    from
        san_pham sp1_0 
    where
        sp1_0.id=?
2026-09-09T03:26:28.400+07:00 DEBUG 6752 --- [cuahangtienloi] [nio-8080-exec-5] org.hibernate.SQL                        : 
    select
        cn1_0.id,
        cn1_0.dang_hoat_dong,
        cn1_0.dia_chi,
        cn1_0.dia_chi_chi_tiet,
        cn1_0.dien_tich_m2,
        cn1_0.doanh_thu_thang,
        cn1_0.gio_mo_cua,
        cn1_0.id_quan_ly,
        cn1_0.loai,
        cn1_0.loai_chi_nhanh,
        cn1_0.ma_chi_nhanh,
        cn1_0.ngay_cap_nhat,
        cn1_0.ngay_khai_truong,
        cn1_0.ngay_tao,
        cn1_0.nguoi_cap_nhat,
        cn1_0.nguoi_tao,
        cn1_0.quan_huyen,
        cn1_0.so_dien_thoai,
        cn1_0.ten_chi_nhanh,
        cn1_0.ten_quan_ly,
        cn1_0.tinh_thanh,
        cn1_0.trang_thai,
        cn1_0.vung_mien 
    from
        chi_nhanh cn1_0 
    where
        cn1_0.id=?
Hibernate: 
    select
        cn1_0.id,
        cn1_0.dang_hoat_dong,
        cn1_0.dia_chi,
        cn1_0.dia_chi_chi_tiet,
        cn1_0.dien_tich_m2,
        cn1_0.doanh_thu_thang,
        cn1_0.gio_mo_cua,
        cn1_0.id_quan_ly,
        cn1_0.loai,
        cn1_0.loai_chi_nhanh,
        cn1_0.ma_chi_nhanh,
        cn1_0.ngay_cap_nhat,
        cn1_0.ngay_khai_truong,
        cn1_0.ngay_tao,
        cn1_0.nguoi_cap_nhat,
        cn1_0.nguoi_tao,
        cn1_0.quan_huyen,
        cn1_0.so_dien_thoai,
        cn1_0.ten_chi_nhanh,
        cn1_0.ten_quan_ly,
        cn1_0.tinh_thanh,
        cn1_0.trang_thai,
        cn1_0.vung_mien 
    from
        chi_nhanh cn1_0 
    where
        cn1_0.id=?
2026-09-09T03:26:28.510+07:00 DEBUG 6752 --- [cuahangtienloi] [nio-8080-exec-5] org.hibernate.SQL                        : 
    select
        sp1_0.id,
        sp1_0.dang_hoat_dong,
        sp1_0.de_hong,
        sp1_0.don_vi,
        sp1_0.gia_ban,
        sp1_0.gia_von,
        sp1_0.han_su_dung_ngay,
        sp1_0.id_danh_muc,
        sp1_0.id_nha_cung_cap,
        sp1_0.image_url,
        sp1_0.ma_vach,
        sp1_0.mo_ta,
        sp1_0.ngay_cap_nhat,
        sp1_0.ngay_tao,
        sp1_0.sku,
        sp1_0.ten_san_pham,
        sp1_0.ton_toi_da,
        sp1_0.ton_toi_thieu,
        sp1_0.vat_phantram 
    from
        san_pham sp1_0 
    where
        sp1_0.id=?
Hibernate: 
    select
        sp1_0.id,
        sp1_0.dang_hoat_dong,
        sp1_0.de_hong,
        sp1_0.don_vi,
        sp1_0.gia_ban,
        sp1_0.gia_von,
        sp1_0.han_su_dung_ngay,
        sp1_0.id_danh_muc,
        sp1_0.id_nha_cung_cap,
        sp1_0.image_url,
        sp1_0.ma_vach,
        sp1_0.mo_ta,
        sp1_0.ngay_cap_nhat,
        sp1_0.ngay_tao,
        sp1_0.sku,
        sp1_0.ten_san_pham,
        sp1_0.ton_toi_da,
        sp1_0.ton_toi_thieu,
        sp1_0.vat_phantram 
    from
        san_pham sp1_0 
    where
        sp1_0.id=?
2026-09-09T03:26:28.620+07:00 DEBUG 6752 --- [cuahangtienloi] [nio-8080-exec-5] org.hibernate.SQL                        : 
    select
        cn1_0.id,
        cn1_0.dang_hoat_dong,
        cn1_0.dia_chi,
        cn1_0.dia_chi_chi_tiet,
        cn1_0.dien_tich_m2,
        cn1_0.doanh_thu_thang,
        cn1_0.gio_mo_cua,
        cn1_0.id_quan_ly,
        cn1_0.loai,
        cn1_0.loai_chi_nhanh,
        cn1_0.ma_chi_nhanh,
        cn1_0.ngay_cap_nhat,
        cn1_0.ngay_khai_truong,
        cn1_0.ngay_tao,
        cn1_0.nguoi_cap_nhat,
        cn1_0.nguoi_tao,
        cn1_0.quan_huyen,
        cn1_0.so_dien_thoai,
        cn1_0.ten_chi_nhanh,
        cn1_0.ten_quan_ly,
        cn1_0.tinh_thanh,
        cn1_0.trang_thai,
        cn1_0.vung_mien 
    from
        chi_nhanh cn1_0 
    where
        cn1_0.id=?
Hibernate: 
    select
        cn1_0.id,
        cn1_0.dang_hoat_dong,
        cn1_0.dia_chi,
        cn1_0.dia_chi_chi_tiet,
        cn1_0.dien_tich_m2,
        cn1_0.doanh_thu_thang,
        cn1_0.gio_mo_cua,
        cn1_0.id_quan_ly,
        cn1_0.loai,
        cn1_0.loai_chi_nhanh,
        cn1_0.ma_chi_nhanh,
        cn1_0.ngay_cap_nhat,
        cn1_0.ngay_khai_truong,
        cn1_0.ngay_tao,
        cn1_0.nguoi_cap_nhat,
        cn1_0.nguoi_tao,
        cn1_0.quan_huyen,
        cn1_0.so_dien_thoai,
        cn1_0.ten_chi_nhanh,
        cn1_0.ten_quan_ly,
        cn1_0.tinh_thanh,
        cn1_0.trang_thai,
        cn1_0.vung_mien 
    from
        chi_nhanh cn1_0 
    where
        cn1_0.id=?
2026-09-09T03:26:28.731+07:00 DEBUG 6752 --- [cuahangtienloi] [nio-8080-exec-5] org.hibernate.SQL                        : 
    select
        sp1_0.id,
        sp1_0.dang_hoat_dong,
        sp1_0.de_hong,
        sp1_0.don_vi,
        sp1_0.gia_ban,
        sp1_0.gia_von,
        sp1_0.han_su_dung_ngay,
        sp1_0.id_danh_muc,
        sp1_0.id_nha_cung_cap,
        sp1_0.image_url,
        sp1_0.ma_vach,
        sp1_0.mo_ta,
        sp1_0.ngay_cap_nhat,
        sp1_0.ngay_tao,
        sp1_0.sku,
        sp1_0.ten_san_pham,
        sp1_0.ton_toi_da,
        sp1_0.ton_toi_thieu,
        sp1_0.vat_phantram 
    from
        san_pham sp1_0 
    where
        sp1_0.id=?
Hibernate: 
    select
        sp1_0.id,
        sp1_0.dang_hoat_dong,
        sp1_0.de_hong,
        sp1_0.don_vi,
        sp1_0.gia_ban,
        sp1_0.gia_von,
        sp1_0.han_su_dung_ngay,
        sp1_0.id_danh_muc,
        sp1_0.id_nha_cung_cap,
        sp1_0.image_url,
        sp1_0.ma_vach,
        sp1_0.mo_ta,
        sp1_0.ngay_cap_nhat,
        sp1_0.ngay_tao,
        sp1_0.sku,
        sp1_0.ten_san_pham,
        sp1_0.ton_toi_da,
        sp1_0.ton_toi_thieu,
        sp1_0.vat_phantram 
    from
        san_pham sp1_0 
    where
        sp1_0.id=?
2026-09-09T03:26:28.841+07:00 DEBUG 6752 --- [cuahangtienloi] [nio-8080-exec-5] org.hibernate.SQL                        : 
    select
        cn1_0.id,
        cn1_0.dang_hoat_dong,
        cn1_0.dia_chi,
        cn1_0.dia_chi_chi_tiet,
        cn1_0.dien_tich_m2,
        cn1_0.doanh_thu_thang,
        cn1_0.gio_mo_cua,
        cn1_0.id_quan_ly,
        cn1_0.loai,
        cn1_0.loai_chi_nhanh,
        cn1_0.ma_chi_nhanh,
        cn1_0.ngay_cap_nhat,
        cn1_0.ngay_khai_truong,
        cn1_0.ngay_tao,
        cn1_0.nguoi_cap_nhat,
        cn1_0.nguoi_tao,
        cn1_0.quan_huyen,
        cn1_0.so_dien_thoai,
        cn1_0.ten_chi_nhanh,
        cn1_0.ten_quan_ly,
        cn1_0.tinh_thanh,
        cn1_0.trang_thai,
        cn1_0.vung_mien 
    from
        chi_nhanh cn1_0 
    where
        cn1_0.id=?
Hibernate: 
    select
        cn1_0.id,
        cn1_0.dang_hoat_dong,
        cn1_0.dia_chi,
        cn1_0.dia_chi_chi_tiet,
        cn1_0.dien_tich_m2,
        cn1_0.doanh_thu_thang,
        cn1_0.gio_mo_cua,
        cn1_0.id_quan_ly,
        cn1_0.loai,
        cn1_0.loai_chi_nhanh,
        cn1_0.ma_chi_nhanh,
        cn1_0.ngay_cap_nhat,
        cn1_0.ngay_khai_truong,
        cn1_0.ngay_tao,
        cn1_0.nguoi_cap_nhat,
        cn1_0.nguoi_tao,
        cn1_0.quan_huyen,
        cn1_0.so_dien_thoai,
        cn1_0.ten_chi_nhanh,
        cn1_0.ten_quan_ly,
        cn1_0.tinh_thanh,
        cn1_0.trang_thai,
        cn1_0.vung_mien 
    from
        chi_nhanh cn1_0 
    where
        cn1_0.id=?
2026-09-09T03:26:28.952+07:00 DEBUG 6752 --- [cuahangtienloi] [nio-8080-exec-5] org.hibernate.SQL                        : 
    select
        sp1_0.id,
        sp1_0.dang_hoat_dong,
        sp1_0.de_hong,
        sp1_0.don_vi,
        sp1_0.gia_ban,
        sp1_0.gia_von,
        sp1_0.han_su_dung_ngay,
        sp1_0.id_danh_muc,
        sp1_0.id_nha_cung_cap,
        sp1_0.image_url,
        sp1_0.ma_vach,
        sp1_0.mo_ta,
        sp1_0.ngay_cap_nhat,
        sp1_0.ngay_tao,
        sp1_0.sku,
        sp1_0.ten_san_pham,
        sp1_0.ton_toi_da,
        sp1_0.ton_toi_thieu,
        sp1_0.vat_phantram 
    from
        san_pham sp1_0 
    where
        sp1_0.id=?
Hibernate: 
    select
        sp1_0.id,
        sp1_0.dang_hoat_dong,
        sp1_0.de_hong,
        sp1_0.don_vi,
        sp1_0.gia_ban,
        sp1_0.gia_von,
        sp1_0.han_su_dung_ngay,
        sp1_0.id_danh_muc,
        sp1_0.id_nha_cung_cap,
        sp1_0.image_url,
        sp1_0.ma_vach,
        sp1_0.mo_ta,
        sp1_0.ngay_cap_nhat,
        sp1_0.ngay_tao,
        sp1_0.sku,
        sp1_0.ten_san_pham,
        sp1_0.ton_toi_da,
        sp1_0.ton_toi_thieu,
        sp1_0.vat_phantram 
    from
        san_pham sp1_0 
    where
        sp1_0.id=?
2026-09-09T03:26:29.063+07:00 DEBUG 6752 --- [cuahangtienloi] [nio-8080-exec-5] org.hibernate.SQL                        : 
    select
        cn1_0.id,
        cn1_0.dang_hoat_dong,
        cn1_0.dia_chi,
        cn1_0.dia_chi_chi_tiet,
        cn1_0.dien_tich_m2,
        cn1_0.doanh_thu_thang,
        cn1_0.gio_mo_cua,
        cn1_0.id_quan_ly,
        cn1_0.loai,
        cn1_0.loai_chi_nhanh,
        cn1_0.ma_chi_nhanh,
        cn1_0.ngay_cap_nhat,
        cn1_0.ngay_khai_truong,
        cn1_0.ngay_tao,
        cn1_0.nguoi_cap_nhat,
        cn1_0.nguoi_tao,
        cn1_0.quan_huyen,
        cn1_0.so_dien_thoai,
        cn1_0.ten_chi_nhanh,
        cn1_0.ten_quan_ly,
        cn1_0.tinh_thanh,
        cn1_0.trang_thai,
        cn1_0.vung_mien 
    from
        chi_nhanh cn1_0 
    where
        cn1_0.id=?
Hibernate: 
    select
        cn1_0.id,
        cn1_0.dang_hoat_dong,
        cn1_0.dia_chi,
        cn1_0.dia_chi_chi_tiet,
        cn1_0.dien_tich_m2,
        cn1_0.doanh_thu_thang,
        cn1_0.gio_mo_cua,
        cn1_0.id_quan_ly,
        cn1_0.loai,
        cn1_0.loai_chi_nhanh,
        cn1_0.ma_chi_nhanh,
        cn1_0.ngay_cap_nhat,
        cn1_0.ngay_khai_truong,
        cn1_0.ngay_tao,
        cn1_0.nguoi_cap_nhat,
        cn1_0.nguoi_tao,
        cn1_0.quan_huyen,
        cn1_0.so_dien_thoai,
        cn1_0.ten_chi_nhanh,
        cn1_0.ten_quan_ly,
        cn1_0.tinh_thanh,
        cn1_0.trang_thai,
        cn1_0.vung_mien 
    from
        chi_nhanh cn1_0 
    where
        cn1_0.id=?
2026-09-09T03:26:29.175+07:00 DEBUG 6752 --- [cuahangtienloi] [nio-8080-exec-5] org.hibernate.SQL                        : 
    select
        sp1_0.id,
        sp1_0.dang_hoat_dong,
        sp1_0.de_hong,
        sp1_0.don_vi,
        sp1_0.gia_ban,
        sp1_0.gia_von,
        sp1_0.han_su_dung_ngay,
        sp1_0.id_danh_muc,
        sp1_0.id_nha_cung_cap,
        sp1_0.image_url,
        sp1_0.ma_vach,
        sp1_0.mo_ta,
        sp1_0.ngay_cap_nhat,
        sp1_0.ngay_tao,
        sp1_0.sku,
        sp1_0.ten_san_pham,
        sp1_0.ton_toi_da,
        sp1_0.ton_toi_thieu,
        sp1_0.vat_phantram 
    from
        san_pham sp1_0 
    where
        sp1_0.id=?
Hibernate: 
    select
        sp1_0.id,
        sp1_0.dang_hoat_dong,
        sp1_0.de_hong,
        sp1_0.don_vi,
        sp1_0.gia_ban,
        sp1_0.gia_von,
        sp1_0.han_su_dung_ngay,
        sp1_0.id_danh_muc,
        sp1_0.id_nha_cung_cap,
        sp1_0.image_url,
        sp1_0.ma_vach,
        sp1_0.mo_ta,
        sp1_0.ngay_cap_nhat,
        sp1_0.ngay_tao,
        sp1_0.sku,
        sp1_0.ten_san_pham,
        sp1_0.ton_toi_da,
        sp1_0.ton_toi_thieu,
        sp1_0.vat_phantram 
    from
        san_pham sp1_0 
    where
        sp1_0.id=?
2026-09-09T03:26:29.286+07:00 DEBUG 6752 --- [cuahangtienloi] [nio-8080-exec-5] org.hibernate.SQL                        : 
    select
        cn1_0.id,
        cn1_0.dang_hoat_dong,
        cn1_0.dia_chi,
        cn1_0.dia_chi_chi_tiet,
        cn1_0.dien_tich_m2,
        cn1_0.doanh_thu_thang,
        cn1_0.gio_mo_cua,
        cn1_0.id_quan_ly,
        cn1_0.loai,
        cn1_0.loai_chi_nhanh,
        cn1_0.ma_chi_nhanh,
        cn1_0.ngay_cap_nhat,
        cn1_0.ngay_khai_truong,
        cn1_0.ngay_tao,
        cn1_0.nguoi_cap_nhat,
        cn1_0.nguoi_tao,
        cn1_0.quan_huyen,
        cn1_0.so_dien_thoai,
        cn1_0.ten_chi_nhanh,
        cn1_0.ten_quan_ly,
        cn1_0.tinh_thanh,
        cn1_0.trang_thai,
        cn1_0.vung_mien 
    from
        chi_nhanh cn1_0 
    where
        cn1_0.id=?
Hibernate: 
    select
        cn1_0.id,
        cn1_0.dang_hoat_dong,
        cn1_0.dia_chi,
        cn1_0.dia_chi_chi_tiet,
        cn1_0.dien_tich_m2,
        cn1_0.doanh_thu_thang,
        cn1_0.gio_mo_cua,
        cn1_0.id_quan_ly,
        cn1_0.loai,
        cn1_0.loai_chi_nhanh,
        cn1_0.ma_chi_nhanh,
        cn1_0.ngay_cap_nhat,
        cn1_0.ngay_khai_truong,
        cn1_0.ngay_tao,
        cn1_0.nguoi_cap_nhat,
        cn1_0.nguoi_tao,
        cn1_0.quan_huyen,
        cn1_0.so_dien_thoai,
        cn1_0.ten_chi_nhanh,
        cn1_0.ten_quan_ly,
        cn1_0.tinh_thanh,
        cn1_0.trang_thai,
        cn1_0.vung_mien 
    from
        chi_nhanh cn1_0 
    where
        cn1_0.id=?
2026-09-09T03:26:29.397+07:00 DEBUG 6752 --- [cuahangtienloi] [nio-8080-exec-5] org.hibernate.SQL                        : 
    select
        sp1_0.id,
        sp1_0.dang_hoat_dong,
        sp1_0.de_hong,
        sp1_0.don_vi,
        sp1_0.gia_ban,
        sp1_0.gia_von,
        sp1_0.han_su_dung_ngay,
        sp1_0.id_danh_muc,
        sp1_0.id_nha_cung_cap,
        sp1_0.image_url,
        sp1_0.ma_vach,
        sp1_0.mo_ta,
        sp1_0.ngay_cap_nhat,
        sp1_0.ngay_tao,
        sp1_0.sku,
        sp1_0.ten_san_pham,
        sp1_0.ton_toi_da,
        sp1_0.ton_toi_thieu,
        sp1_0.vat_phantram 
    from
        san_pham sp1_0 
    where
        sp1_0.id=?
Hibernate: 
    select
        sp1_0.id,
        sp1_0.dang_hoat_dong,
        sp1_0.de_hong,
        sp1_0.don_vi,
        sp1_0.gia_ban,
        sp1_0.gia_von,
        sp1_0.han_su_dung_ngay,
        sp1_0.id_danh_muc,
        sp1_0.id_nha_cung_cap,
        sp1_0.image_url,
        sp1_0.ma_vach,
        sp1_0.mo_ta,
        sp1_0.ngay_cap_nhat,
        sp1_0.ngay_tao,
        sp1_0.sku,
        sp1_0.ten_san_pham,
        sp1_0.ton_toi_da,
        sp1_0.ton_toi_thieu,
        sp1_0.vat_phantram 
    from
        san_pham sp1_0 
    where
        sp1_0.id=?
2026-09-09T03:26:29.509+07:00 DEBUG 6752 --- [cuahangtienloi] [nio-8080-exec-5] org.hibernate.SQL                        : 
    select
        cn1_0.id,
        cn1_0.dang_hoat_dong,
        cn1_0.dia_chi,
        cn1_0.dia_chi_chi_tiet,
        cn1_0.dien_tich_m2,
        cn1_0.doanh_thu_thang,
        cn1_0.gio_mo_cua,
        cn1_0.id_quan_ly,
        cn1_0.loai,
        cn1_0.loai_chi_nhanh,
        cn1_0.ma_chi_nhanh,
        cn1_0.ngay_cap_nhat,
        cn1_0.ngay_khai_truong,
        cn1_0.ngay_tao,
        cn1_0.nguoi_cap_nhat,
        cn1_0.nguoi_tao,
        cn1_0.quan_huyen,
        cn1_0.so_dien_thoai,
        cn1_0.ten_chi_nhanh,
        cn1_0.ten_quan_ly,
        cn1_0.tinh_thanh,
        cn1_0.trang_thai,
        cn1_0.vung_mien 
    from
        chi_nhanh cn1_0 
    where
        cn1_0.id=?
Hibernate: 
    select
        cn1_0.id,
        cn1_0.dang_hoat_dong,
        cn1_0.dia_chi,
        cn1_0.dia_chi_chi_tiet,
        cn1_0.dien_tich_m2,
        cn1_0.doanh_thu_thang,
        cn1_0.gio_mo_cua,
        cn1_0.id_quan_ly,
        cn1_0.loai,
        cn1_0.loai_chi_nhanh,
        cn1_0.ma_chi_nhanh,
        cn1_0.ngay_cap_nhat,
        cn1_0.ngay_khai_truong,
        cn1_0.ngay_tao,
        cn1_0.nguoi_cap_nhat,
        cn1_0.nguoi_tao,
        cn1_0.quan_huyen,
        cn1_0.so_dien_thoai,
        cn1_0.ten_chi_nhanh,
        cn1_0.ten_quan_ly,
        cn1_0.tinh_thanh,
        cn1_0.trang_thai,
        cn1_0.vung_mien 
    from
        chi_nhanh cn1_0 
    where
        cn1_0.id=?
2026-09-09T03:26:29.620+07:00 DEBUG 6752 --- [cuahangtienloi] [nio-8080-exec-5] org.hibernate.SQL                        : 
    select
        sp1_0.id,
        sp1_0.dang_hoat_dong,
        sp1_0.de_hong,
        sp1_0.don_vi,
        sp1_0.gia_ban,
        sp1_0.gia_von,
        sp1_0.han_su_dung_ngay,
        sp1_0.id_danh_muc,
        sp1_0.id_nha_cung_cap,
        sp1_0.image_url,
        sp1_0.ma_vach,
        sp1_0.mo_ta,
        sp1_0.ngay_cap_nhat,
        sp1_0.ngay_tao,
        sp1_0.sku,
        sp1_0.ten_san_pham,
        sp1_0.ton_toi_da,
        sp1_0.ton_toi_thieu,
        sp1_0.vat_phantram 
    from
        san_pham sp1_0 
    where
        sp1_0.id=?
Hibernate: 
    select
        sp1_0.id,
        sp1_0.dang_hoat_dong,
        sp1_0.de_hong,
        sp1_0.don_vi,
        sp1_0.gia_ban,
        sp1_0.gia_von,
        sp1_0.han_su_dung_ngay,
        sp1_0.id_danh_muc,
        sp1_0.id_nha_cung_cap,
        sp1_0.image_url,
        sp1_0.ma_vach,
        sp1_0.mo_ta,
        sp1_0.ngay_cap_nhat,
        sp1_0.ngay_tao,
        sp1_0.sku,
        sp1_0.ten_san_pham,
        sp1_0.ton_toi_da,
        sp1_0.ton_toi_thieu,
        sp1_0.vat_phantram 
    from
        san_pham sp1_0 
    where
        sp1_0.id=?
2026-09-09T03:26:29.729+07:00 DEBUG 6752 --- [cuahangtienloi] [nio-8080-exec-5] org.hibernate.SQL                        : 
    select
        cn1_0.id,
        cn1_0.dang_hoat_dong,
        cn1_0.dia_chi,
        cn1_0.dia_chi_chi_tiet,
        cn1_0.dien_tich_m2,
        cn1_0.doanh_thu_thang,
        cn1_0.gio_mo_cua,
        cn1_0.id_quan_ly,
        cn1_0.loai,
        cn1_0.loai_chi_nhanh,
        cn1_0.ma_chi_nhanh,
        cn1_0.ngay_cap_nhat,
        cn1_0.ngay_khai_truong,
        cn1_0.ngay_tao,
        cn1_0.nguoi_cap_nhat,
        cn1_0.nguoi_tao,
        cn1_0.quan_huyen,
        cn1_0.so_dien_thoai,
        cn1_0.ten_chi_nhanh,
        cn1_0.ten_quan_ly,
        cn1_0.tinh_thanh,
        cn1_0.trang_thai,
        cn1_0.vung_mien 
    from
        chi_nhanh cn1_0 
    where
        cn1_0.id=?
Hibernate: 
    select
        cn1_0.id,
        cn1_0.dang_hoat_dong,
        cn1_0.dia_chi,
        cn1_0.dia_chi_chi_tiet,
        cn1_0.dien_tich_m2,
        cn1_0.doanh_thu_thang,
        cn1_0.gio_mo_cua,
        cn1_0.id_quan_ly,
        cn1_0.loai,
        cn1_0.loai_chi_nhanh,
        cn1_0.ma_chi_nhanh,
        cn1_0.ngay_cap_nhat,
        cn1_0.ngay_khai_truong,
        cn1_0.ngay_tao,
        cn1_0.nguoi_cap_nhat,
        cn1_0.nguoi_tao,
        cn1_0.quan_huyen,
        cn1_0.so_dien_thoai,
        cn1_0.ten_chi_nhanh,
        cn1_0.ten_quan_ly,
        cn1_0.tinh_thanh,
        cn1_0.trang_thai,
        cn1_0.vung_mien 
    from
        chi_nhanh cn1_0 
    where
        cn1_0.id=?
2026-09-09T03:26:29.839+07:00 DEBUG 6752 --- [cuahangtienloi] [nio-8080-exec-5] org.hibernate.SQL                        : 
    select
        sp1_0.id,
        sp1_0.dang_hoat_dong,
        sp1_0.de_hong,
        sp1_0.don_vi,
        sp1_0.gia_ban,
        sp1_0.gia_von,
        sp1_0.han_su_dung_ngay,
        sp1_0.id_danh_muc,
        sp1_0.id_nha_cung_cap,
        sp1_0.image_url,
        sp1_0.ma_vach,
        sp1_0.mo_ta,
        sp1_0.ngay_cap_nhat,
        sp1_0.ngay_tao,
        sp1_0.sku,
        sp1_0.ten_san_pham,
        sp1_0.ton_toi_da,
        sp1_0.ton_toi_thieu,
        sp1_0.vat_phantram 
    from
        san_pham sp1_0 
    where
        sp1_0.id=?
Hibernate: 
    select
        sp1_0.id,
        sp1_0.dang_hoat_dong,
        sp1_0.de_hong,
        sp1_0.don_vi,
        sp1_0.gia_ban,
        sp1_0.gia_von,
        sp1_0.han_su_dung_ngay,
        sp1_0.id_danh_muc,
        sp1_0.id_nha_cung_cap,
        sp1_0.image_url,
        sp1_0.ma_vach,
        sp1_0.mo_ta,
        sp1_0.ngay_cap_nhat,
        sp1_0.ngay_tao,
        sp1_0.sku,
        sp1_0.ten_san_pham,
        sp1_0.ton_toi_da,
        sp1_0.ton_toi_thieu,
        sp1_0.vat_phantram 
    from
        san_pham sp1_0 
    where
        sp1_0.id=?
2026-09-09T03:26:29.950+07:00 DEBUG 6752 --- [cuahangtienloi] [nio-8080-exec-5] org.hibernate.SQL                        : 
    select
        cn1_0.id,
        cn1_0.dang_hoat_dong,
        cn1_0.dia_chi,
        cn1_0.dia_chi_chi_tiet,
        cn1_0.dien_tich_m2,
        cn1_0.doanh_thu_thang,
        cn1_0.gio_mo_cua,
        cn1_0.id_quan_ly,
        cn1_0.loai,
        cn1_0.loai_chi_nhanh,
        cn1_0.ma_chi_nhanh,
        cn1_0.ngay_cap_nhat,
        cn1_0.ngay_khai_truong,
        cn1_0.ngay_tao,
        cn1_0.nguoi_cap_nhat,
        cn1_0.nguoi_tao,
        cn1_0.quan_huyen,
        cn1_0.so_dien_thoai,
        cn1_0.ten_chi_nhanh,
        cn1_0.ten_quan_ly,
        cn1_0.tinh_thanh,
        cn1_0.trang_thai,
        cn1_0.vung_mien 
    from
        chi_nhanh cn1_0 
    where
        cn1_0.id=?
Hibernate: 
    select
        cn1_0.id,
        cn1_0.dang_hoat_dong,
        cn1_0.dia_chi,
        cn1_0.dia_chi_chi_tiet,
        cn1_0.dien_tich_m2,
        cn1_0.doanh_thu_thang,
        cn1_0.gio_mo_cua,
        cn1_0.id_quan_ly,
        cn1_0.loai,
        cn1_0.loai_chi_nhanh,
        cn1_0.ma_chi_nhanh,
        cn1_0.ngay_cap_nhat,
        cn1_0.ngay_khai_truong,
        cn1_0.ngay_tao,
        cn1_0.nguoi_cap_nhat,
        cn1_0.nguoi_tao,
        cn1_0.quan_huyen,
        cn1_0.so_dien_thoai,
        cn1_0.ten_chi_nhanh,
        cn1_0.ten_quan_ly,
        cn1_0.tinh_thanh,
        cn1_0.trang_thai,
        cn1_0.vung_mien 
    from
        chi_nhanh cn1_0 
    where
        cn1_0.id=?
2026-09-09T03:26:30.348+07:00 DEBUG 6752 --- [cuahangtienloi] [nio-8080-exec-6] org.hibernate.SQL                        : 
    select
        count(*) 
    from
        nhan_vien nv1_0 
    where
        nv1_0.id=?
Hibernate: 
    select
        count(*) 
    from
        nhan_vien nv1_0 
    where
        nv1_0.id=?
2026-09-09T03:26:30.412+07:00 DEBUG 6752 --- [cuahangtienloi] [nio-8080-exec-6] org.hibernate.SQL                        : 
    select
        pn1_0.id,
        pn1_0.cong_no,
        pn1_0.da_thanh_toan,
        pn1_0.ghi_chu,
        pn1_0.giam_gia,
        pn1_0.grand_total,
        pn1_0.id_chi_nhanh,
        pn1_0.id_ncc,
        pn1_0.id_nguoi_nhap,
        pn1_0.ma_phieu,
        pn1_0.ngay_cap_nhat,
        pn1_0.ngay_dat_hang,
        pn1_0.ngay_du_kien_giao,
        pn1_0.ngay_nhan_thuc_te,
        pn1_0.ngay_tao,
        pn1_0.sub_total,
        pn1_0.trang_thai,
        pn1_0.vat_total 
    from
        phieu_nhap pn1_0 
    where
        pn1_0.id=?
Hibernate: 
    select
        pn1_0.id,
        pn1_0.cong_no,
        pn1_0.da_thanh_toan,
        pn1_0.ghi_chu,
        pn1_0.giam_gia,
        pn1_0.grand_total,
        pn1_0.id_chi_nhanh,
        pn1_0.id_ncc,
        pn1_0.id_nguoi_nhap,
        pn1_0.ma_phieu,
        pn1_0.ngay_cap_nhat,
        pn1_0.ngay_dat_hang,
        pn1_0.ngay_du_kien_giao,
        pn1_0.ngay_nhan_thuc_te,
        pn1_0.ngay_tao,
        pn1_0.sub_total,
        pn1_0.trang_thai,
        pn1_0.vat_total 
    from
        phieu_nhap pn1_0 
    where
        pn1_0.id=?
2026-09-09T03:26:30.483+07:00 DEBUG 6752 --- [cuahangtienloi] [nio-8080-exec-6] org.hibernate.SQL                        : 
    insert 
    into
        phieu_nhap
        (cong_no, da_thanh_toan, ghi_chu, giam_gia, grand_total, id_chi_nhanh, id_ncc, id_nguoi_nhap, ma_phieu, ngay_cap_nhat, ngay_dat_hang, ngay_du_kien_giao, ngay_nhan_thuc_te, ngay_tao, sub_total, trang_thai, vat_total, id) 
    values
        (?, ?, ?, ?, ?, ?, ?, ?, ?, ?, ?, ?, ?, ?, ?, ?, ?, ?)
Hibernate: 
    insert 
    into
        phieu_nhap
        (cong_no, da_thanh_toan, ghi_chu, giam_gia, grand_total, id_chi_nhanh, id_ncc, id_nguoi_nhap, ma_phieu, ngay_cap_nhat, ngay_dat_hang, ngay_du_kien_giao, ngay_nhan_thuc_te, ngay_tao, sub_total, trang_thai, vat_total, id) 
    values
        (?, ?, ?, ?, ?, ?, ?, ?, ?, ?, ?, ?, ?, ?, ?, ?, ?, ?)
2026-09-09T03:26:30.547+07:00 DEBUG 6752 --- [cuahangtienloi] [nio-8080-exec-6] org.hibernate.SQL                        : 
    select
        ctpn1_0.id,
        ctpn1_0.don_gia_nhap,
        ctpn1_0.han_su_dung,
        ctpn1_0.id_phieu_nhap,
        ctpn1_0.id_san_pham,
        ctpn1_0.ngay_tao,
        ctpn1_0.so_luong_dat,
        ctpn1_0.so_luong_nhan,
        ctpn1_0.thanh_tien,
        ctpn1_0.thu_tu,
        ctpn1_0.vat_phantram 
    from
        chi_tiet_phieu_nhap ctpn1_0 
    where
        ctpn1_0.id=?
Hibernate: 
    select
        ctpn1_0.id,
        ctpn1_0.don_gia_nhap,
        ctpn1_0.han_su_dung,
        ctpn1_0.id_phieu_nhap,
        ctpn1_0.id_san_pham,
        ctpn1_0.ngay_tao,
        ctpn1_0.so_luong_dat,
        ctpn1_0.so_luong_nhan,
        ctpn1_0.thanh_tien,
        ctpn1_0.thu_tu,
        ctpn1_0.vat_phantram 
    from
        chi_tiet_phieu_nhap ctpn1_0 
    where
        ctpn1_0.id=?
2026-09-09T03:26:30.605+07:00 DEBUG 6752 --- [cuahangtienloi] [nio-8080-exec-6] org.hibernate.SQL                        : 
    insert 
    into
        chi_tiet_phieu_nhap
        (don_gia_nhap, han_su_dung, id_phieu_nhap, id_san_pham, ngay_tao, so_luong_dat, so_luong_nhan, thanh_tien, thu_tu, vat_phantram, id) 
    values
        (?, ?, ?, ?, ?, ?, ?, ?, ?, ?, ?)
Hibernate: 
    insert 
    into
        chi_tiet_phieu_nhap
        (don_gia_nhap, han_su_dung, id_phieu_nhap, id_san_pham, ngay_tao, so_luong_dat, so_luong_nhan, thanh_tien, thu_tu, vat_phantram, id) 
    values
        (?, ?, ?, ?, ?, ?, ?, ?, ?, ?, ?)
2026-09-09T03:26:30.663+07:00 DEBUG 6752 --- [cuahangtienloi] [nio-8080-exec-6] org.hibernate.SQL                        : 
    select
        pn1_0.id,
        pn1_0.cong_no,
        pn1_0.da_thanh_toan,
        pn1_0.ghi_chu,
        pn1_0.giam_gia,
        pn1_0.grand_total,
        pn1_0.id_chi_nhanh,
        pn1_0.id_ncc,
        pn1_0.id_nguoi_nhap,
        pn1_0.ma_phieu,
        pn1_0.ngay_cap_nhat,
        pn1_0.ngay_dat_hang,
        pn1_0.ngay_du_kien_giao,
        pn1_0.ngay_nhan_thuc_te,
        pn1_0.ngay_tao,
        pn1_0.sub_total,
        pn1_0.trang_thai,
        pn1_0.vat_total 
    from
        phieu_nhap pn1_0 
    where
        pn1_0.id=?
Hibernate: 
    select
        pn1_0.id,
        pn1_0.cong_no,
        pn1_0.da_thanh_toan,
        pn1_0.ghi_chu,
        pn1_0.giam_gia,
        pn1_0.grand_total,
        pn1_0.id_chi_nhanh,
        pn1_0.id_ncc,
        pn1_0.id_nguoi_nhap,
        pn1_0.ma_phieu,
        pn1_0.ngay_cap_nhat,
        pn1_0.ngay_dat_hang,
        pn1_0.ngay_du_kien_giao,
        pn1_0.ngay_nhan_thuc_te,
        pn1_0.ngay_tao,
        pn1_0.sub_total,
        pn1_0.trang_thai,
        pn1_0.vat_total 
    from
        phieu_nhap pn1_0 
    where
        pn1_0.id=?
2026-09-09T03:26:30.719+07:00 DEBUG 6752 --- [cuahangtienloi] [nio-8080-exec-6] org.hibernate.SQL                        : 
    select
        cn1_0.id,
        cn1_0.dang_hoat_dong,
        cn1_0.dia_chi,
        cn1_0.dia_chi_chi_tiet,
        cn1_0.dien_tich_m2,
        cn1_0.doanh_thu_thang,
        cn1_0.gio_mo_cua,
        cn1_0.id_quan_ly,
        cn1_0.loai,
        cn1_0.loai_chi_nhanh,
        cn1_0.ma_chi_nhanh,
        cn1_0.ngay_cap_nhat,
        cn1_0.ngay_khai_truong,
        cn1_0.ngay_tao,
        cn1_0.nguoi_cap_nhat,
        cn1_0.nguoi_tao,
        cn1_0.quan_huyen,
        cn1_0.so_dien_thoai,
        cn1_0.ten_chi_nhanh,
        cn1_0.ten_quan_ly,
        cn1_0.tinh_thanh,
        cn1_0.trang_thai,
        cn1_0.vung_mien 
    from
        chi_nhanh cn1_0 
    where
        cn1_0.id=?
Hibernate: 
    select
        cn1_0.id,
        cn1_0.dang_hoat_dong,
        cn1_0.dia_chi,
        cn1_0.dia_chi_chi_tiet,
        cn1_0.dien_tich_m2,
        cn1_0.doanh_thu_thang,
        cn1_0.gio_mo_cua,
        cn1_0.id_quan_ly,
        cn1_0.loai,
        cn1_0.loai_chi_nhanh,
        cn1_0.ma_chi_nhanh,
        cn1_0.ngay_cap_nhat,
        cn1_0.ngay_khai_truong,
        cn1_0.ngay_tao,
        cn1_0.nguoi_cap_nhat,
        cn1_0.nguoi_tao,
        cn1_0.quan_huyen,
        cn1_0.so_dien_thoai,
        cn1_0.ten_chi_nhanh,
        cn1_0.ten_quan_ly,
        cn1_0.tinh_thanh,
        cn1_0.trang_thai,
        cn1_0.vung_mien 
    from
        chi_nhanh cn1_0 
    where
        cn1_0.id=?
2026-09-09T03:26:30.777+07:00 DEBUG 6752 --- [cuahangtienloi] [nio-8080-exec-6] org.hibernate.SQL                        : 
    select
        ncc1_0.id,
        ncc1_0.chuc_danh_lien_he,
        ncc1_0.dang_hoat_dong,
        ncc1_0.dia_chi,
        ncc1_0.dieu_khoan_thanh_toan,
        ncc1_0.email,
        ncc1_0.ghi_chu,
        ncc1_0.ma_ncc,
        ncc1_0.ma_so_thue,
        ncc1_0.ngay_cap_nhat,
        ncc1_0.ngay_tao,
        ncc1_0.nguoi_lien_he,
        ncc1_0.sdt_lien_he,
        ncc1_0.so_dien_thoai,
        ncc1_0.so_ngay_duoc_no,
        ncc1_0.ten_ncc,
        ncc1_0.tong_cong_no,
        ncc1_0.tong_don_hang 
    from
        nha_cung_cap ncc1_0 
    where
        ncc1_0.id=?
Hibernate: 
    select
        ncc1_0.id,
        ncc1_0.chuc_danh_lien_he,
        ncc1_0.dang_hoat_dong,
        ncc1_0.dia_chi,
        ncc1_0.dieu_khoan_thanh_toan,
        ncc1_0.email,
        ncc1_0.ghi_chu,
        ncc1_0.ma_ncc,
        ncc1_0.ma_so_thue,
        ncc1_0.ngay_cap_nhat,
        ncc1_0.ngay_tao,
        ncc1_0.nguoi_lien_he,
        ncc1_0.sdt_lien_he,
        ncc1_0.so_dien_thoai,
        ncc1_0.so_ngay_duoc_no,
        ncc1_0.ten_ncc,
        ncc1_0.tong_cong_no,
        ncc1_0.tong_don_hang 
    from
        nha_cung_cap ncc1_0 
    where
        ncc1_0.id=?
2026-09-09T03:26:30.833+07:00 DEBUG 6752 --- [cuahangtienloi] [nio-8080-exec-6] org.hibernate.SQL                        : 
    select
        nv1_0.id,
        nv1_0.ca_mac_dinh,
        nv1_0.email,
        nv1_0.ho_ten,
        nv1_0.id_chi_nhanh,
        nv1_0.loai_hop_dong,
        nv1_0.luong_cung,
        nv1_0.luong_theo_gio,
        nv1_0.ma_nhan_vien,
        nv1_0.mat_khau,
        nv1_0.ngay_cap_nhat,
        nv1_0.ngay_tao,
        nv1_0.ngay_vao_lam,
        nv1_0.nguoi_cap_nhat,
        nv1_0.nguoi_tao,
        nv1_0.so_dien_thoai,
        nv1_0.so_tai_khoan,
        nv1_0.ten_dang_nhap,
        nv1_0.ten_ngan_hang,
        nv1_0.trang_thai,
        nv1_0.vai_tro,
        nv1_0.vi_tri 
    from
        nhan_vien nv1_0 
    where
        nv1_0.id=?
Hibernate: 
    select
        nv1_0.id,
        nv1_0.ca_mac_dinh,
        nv1_0.email,
        nv1_0.ho_ten,
        nv1_0.id_chi_nhanh,
        nv1_0.loai_hop_dong,
        nv1_0.luong_cung,
        nv1_0.luong_theo_gio,
        nv1_0.ma_nhan_vien,
        nv1_0.mat_khau,
        nv1_0.ngay_cap_nhat,
        nv1_0.ngay_tao,
        nv1_0.ngay_vao_lam,
        nv1_0.nguoi_cap_nhat,
        nv1_0.nguoi_tao,
        nv1_0.so_dien_thoai,
        nv1_0.so_tai_khoan,
        nv1_0.ten_dang_nhap,
        nv1_0.ten_ngan_hang,
        nv1_0.trang_thai,
        nv1_0.vai_tro,
        nv1_0.vi_tri 
    from
        nhan_vien nv1_0 
    where
        nv1_0.id=?
2026-09-09T03:26:30.954+07:00 DEBUG 6752 --- [cuahangtienloi] [nio-8080-exec-7] org.hibernate.SQL                        : 
    select
        tk1_0.id_chi_nhanh,
        tk1_0.id_san_pham,
        tk1_0.gia_tri_ton,
        tk1_0.gia_von_trung_binh,
        tk1_0.han_su_dung_gan_nhat,
        tk1_0.lan_bien_dong_cuoi,
        tk1_0.ngay_cap_nhat,
        tk1_0.ngay_tao,
        tk1_0.so_luong_ton,
        tk1_0.ton_toi_da,
        tk1_0.ton_toi_thieu 
    from
        ton_kho tk1_0
Hibernate: 
    select
        tk1_0.id_chi_nhanh,
        tk1_0.id_san_pham,
        tk1_0.gia_tri_ton,
        tk1_0.gia_von_trung_binh,
        tk1_0.han_su_dung_gan_nhat,
        tk1_0.lan_bien_dong_cuoi,
        tk1_0.ngay_cap_nhat,
        tk1_0.ngay_tao,
        tk1_0.so_luong_ton,
        tk1_0.ton_toi_da,
        tk1_0.ton_toi_thieu 
    from
        ton_kho tk1_0
2026-09-09T03:26:31.067+07:00 DEBUG 6752 --- [cuahangtienloi] [nio-8080-exec-7] org.hibernate.SQL                        : 
    select
        sp1_0.id,
        sp1_0.dang_hoat_dong,
        sp1_0.de_hong,
        sp1_0.don_vi,
        sp1_0.gia_ban,
        sp1_0.gia_von,
        sp1_0.han_su_dung_ngay,
        sp1_0.id_danh_muc,
        sp1_0.id_nha_cung_cap,
        sp1_0.image_url,
        sp1_0.ma_vach,
        sp1_0.mo_ta,
        sp1_0.ngay_cap_nhat,
        sp1_0.ngay_tao,
        sp1_0.sku,
        sp1_0.ten_san_pham,
        sp1_0.ton_toi_da,
        sp1_0.ton_toi_thieu,
        sp1_0.vat_phantram 
    from
        san_pham sp1_0 
    where
        sp1_0.id=?
Hibernate: 
    select
        sp1_0.id,
        sp1_0.dang_hoat_dong,
        sp1_0.de_hong,
        sp1_0.don_vi,
        sp1_0.gia_ban,
        sp1_0.gia_von,
        sp1_0.han_su_dung_ngay,
        sp1_0.id_danh_muc,
        sp1_0.id_nha_cung_cap,
        sp1_0.image_url,
        sp1_0.ma_vach,
        sp1_0.mo_ta,
        sp1_0.ngay_cap_nhat,
        sp1_0.ngay_tao,
        sp1_0.sku,
        sp1_0.ten_san_pham,
        sp1_0.ton_toi_da,
        sp1_0.ton_toi_thieu,
        sp1_0.vat_phantram 
    from
        san_pham sp1_0 
    where
        sp1_0.id=?
2026-09-09T03:26:31.180+07:00 DEBUG 6752 --- [cuahangtienloi] [nio-8080-exec-7] org.hibernate.SQL                        : 
    select
        cn1_0.id,
        cn1_0.dang_hoat_dong,
        cn1_0.dia_chi,
        cn1_0.dia_chi_chi_tiet,
        cn1_0.dien_tich_m2,
        cn1_0.doanh_thu_thang,
        cn1_0.gio_mo_cua,
        cn1_0.id_quan_ly,
        cn1_0.loai,
        cn1_0.loai_chi_nhanh,
        cn1_0.ma_chi_nhanh,
        cn1_0.ngay_cap_nhat,
        cn1_0.ngay_khai_truong,
        cn1_0.ngay_tao,
        cn1_0.nguoi_cap_nhat,
        cn1_0.nguoi_tao,
        cn1_0.quan_huyen,
        cn1_0.so_dien_thoai,
        cn1_0.ten_chi_nhanh,
        cn1_0.ten_quan_ly,
        cn1_0.tinh_thanh,
        cn1_0.trang_thai,
        cn1_0.vung_mien 
    from
        chi_nhanh cn1_0 
    where
        cn1_0.id=?
Hibernate: 
    select
        cn1_0.id,
        cn1_0.dang_hoat_dong,
        cn1_0.dia_chi,
        cn1_0.dia_chi_chi_tiet,
        cn1_0.dien_tich_m2,
        cn1_0.doanh_thu_thang,
        cn1_0.gio_mo_cua,
        cn1_0.id_quan_ly,
        cn1_0.loai,
        cn1_0.loai_chi_nhanh,
        cn1_0.ma_chi_nhanh,
        cn1_0.ngay_cap_nhat,
        cn1_0.ngay_khai_truong,
        cn1_0.ngay_tao,
        cn1_0.nguoi_cap_nhat,
        cn1_0.nguoi_tao,
        cn1_0.quan_huyen,
        cn1_0.so_dien_thoai,
        cn1_0.ten_chi_nhanh,
        cn1_0.ten_quan_ly,
        cn1_0.tinh_thanh,
        cn1_0.trang_thai,
        cn1_0.vung_mien 
    from
        chi_nhanh cn1_0 
    where
        cn1_0.id=?
2026-09-09T03:26:31.290+07:00 DEBUG 6752 --- [cuahangtienloi] [nio-8080-exec-7] org.hibernate.SQL                        : 
    select
        sp1_0.id,
        sp1_0.dang_hoat_dong,
        sp1_0.de_hong,
        sp1_0.don_vi,
        sp1_0.gia_ban,
        sp1_0.gia_von,
        sp1_0.han_su_dung_ngay,
        sp1_0.id_danh_muc,
        sp1_0.id_nha_cung_cap,
        sp1_0.image_url,
        sp1_0.ma_vach,
        sp1_0.mo_ta,
        sp1_0.ngay_cap_nhat,
        sp1_0.ngay_tao,
        sp1_0.sku,
        sp1_0.ten_san_pham,
        sp1_0.ton_toi_da,
        sp1_0.ton_toi_thieu,
        sp1_0.vat_phantram 
    from
        san_pham sp1_0 
    where
        sp1_0.id=?
Hibernate: 
    select
        sp1_0.id,
        sp1_0.dang_hoat_dong,
        sp1_0.de_hong,
        sp1_0.don_vi,
        sp1_0.gia_ban,
        sp1_0.gia_von,
        sp1_0.han_su_dung_ngay,
        sp1_0.id_danh_muc,
        sp1_0.id_nha_cung_cap,
        sp1_0.image_url,
        sp1_0.ma_vach,
        sp1_0.mo_ta,
        sp1_0.ngay_cap_nhat,
        sp1_0.ngay_tao,
        sp1_0.sku,
        sp1_0.ten_san_pham,
        sp1_0.ton_toi_da,
        sp1_0.ton_toi_thieu,
        sp1_0.vat_phantram 
    from
        san_pham sp1_0 
    where
        sp1_0.id=?
2026-09-09T03:26:31.400+07:00 DEBUG 6752 --- [cuahangtienloi] [nio-8080-exec-7] org.hibernate.SQL                        : 
    select
        cn1_0.id,
        cn1_0.dang_hoat_dong,
        cn1_0.dia_chi,
        cn1_0.dia_chi_chi_tiet,
        cn1_0.dien_tich_m2,
        cn1_0.doanh_thu_thang,
        cn1_0.gio_mo_cua,
        cn1_0.id_quan_ly,
        cn1_0.loai,
        cn1_0.loai_chi_nhanh,
        cn1_0.ma_chi_nhanh,
        cn1_0.ngay_cap_nhat,
        cn1_0.ngay_khai_truong,
        cn1_0.ngay_tao,
        cn1_0.nguoi_cap_nhat,
        cn1_0.nguoi_tao,
        cn1_0.quan_huyen,
        cn1_0.so_dien_thoai,
        cn1_0.ten_chi_nhanh,
        cn1_0.ten_quan_ly,
        cn1_0.tinh_thanh,
        cn1_0.trang_thai,
        cn1_0.vung_mien 
    from
        chi_nhanh cn1_0 
    where
        cn1_0.id=?
Hibernate: 
    select
        cn1_0.id,
        cn1_0.dang_hoat_dong,
        cn1_0.dia_chi,
        cn1_0.dia_chi_chi_tiet,
        cn1_0.dien_tich_m2,
        cn1_0.doanh_thu_thang,
        cn1_0.gio_mo_cua,
        cn1_0.id_quan_ly,
        cn1_0.loai,
        cn1_0.loai_chi_nhanh,
        cn1_0.ma_chi_nhanh,
        cn1_0.ngay_cap_nhat,
        cn1_0.ngay_khai_truong,
        cn1_0.ngay_tao,
        cn1_0.nguoi_cap_nhat,
        cn1_0.nguoi_tao,
        cn1_0.quan_huyen,
        cn1_0.so_dien_thoai,
        cn1_0.ten_chi_nhanh,
        cn1_0.ten_quan_ly,
        cn1_0.tinh_thanh,
        cn1_0.trang_thai,
        cn1_0.vung_mien 
    from
        chi_nhanh cn1_0 
    where
        cn1_0.id=?
2026-09-09T03:26:31.511+07:00 DEBUG 6752 --- [cuahangtienloi] [nio-8080-exec-7] org.hibernate.SQL                        : 
    select
        sp1_0.id,
        sp1_0.dang_hoat_dong,
        sp1_0.de_hong,
        sp1_0.don_vi,
        sp1_0.gia_ban,
        sp1_0.gia_von,
        sp1_0.han_su_dung_ngay,
        sp1_0.id_danh_muc,
        sp1_0.id_nha_cung_cap,
        sp1_0.image_url,
        sp1_0.ma_vach,
        sp1_0.mo_ta,
        sp1_0.ngay_cap_nhat,
        sp1_0.ngay_tao,
        sp1_0.sku,
        sp1_0.ten_san_pham,
        sp1_0.ton_toi_da,
        sp1_0.ton_toi_thieu,
        sp1_0.vat_phantram 
    from
        san_pham sp1_0 
    where
        sp1_0.id=?
Hibernate: 
    select
        sp1_0.id,
        sp1_0.dang_hoat_dong,
        sp1_0.de_hong,
        sp1_0.don_vi,
        sp1_0.gia_ban,
        sp1_0.gia_von,
        sp1_0.han_su_dung_ngay,
        sp1_0.id_danh_muc,
        sp1_0.id_nha_cung_cap,
        sp1_0.image_url,
        sp1_0.ma_vach,
        sp1_0.mo_ta,
        sp1_0.ngay_cap_nhat,
        sp1_0.ngay_tao,
        sp1_0.sku,
        sp1_0.ten_san_pham,
        sp1_0.ton_toi_da,
        sp1_0.ton_toi_thieu,
        sp1_0.vat_phantram 
    from
        san_pham sp1_0 
    where
        sp1_0.id=?
2026-09-09T03:26:31.622+07:00 DEBUG 6752 --- [cuahangtienloi] [nio-8080-exec-7] org.hibernate.SQL                        : 
    select
        cn1_0.id,
        cn1_0.dang_hoat_dong,
        cn1_0.dia_chi,
        cn1_0.dia_chi_chi_tiet,
        cn1_0.dien_tich_m2,
        cn1_0.doanh_thu_thang,
        cn1_0.gio_mo_cua,
        cn1_0.id_quan_ly,
        cn1_0.loai,
        cn1_0.loai_chi_nhanh,
        cn1_0.ma_chi_nhanh,
        cn1_0.ngay_cap_nhat,
        cn1_0.ngay_khai_truong,
        cn1_0.ngay_tao,
        cn1_0.nguoi_cap_nhat,
        cn1_0.nguoi_tao,
        cn1_0.quan_huyen,
        cn1_0.so_dien_thoai,
        cn1_0.ten_chi_nhanh,
        cn1_0.ten_quan_ly,
        cn1_0.tinh_thanh,
        cn1_0.trang_thai,
        cn1_0.vung_mien 
    from
        chi_nhanh cn1_0 
    where
        cn1_0.id=?
Hibernate: 
    select
        cn1_0.id,
        cn1_0.dang_hoat_dong,
        cn1_0.dia_chi,
        cn1_0.dia_chi_chi_tiet,
        cn1_0.dien_tich_m2,
        cn1_0.doanh_thu_thang,
        cn1_0.gio_mo_cua,
        cn1_0.id_quan_ly,
        cn1_0.loai,
        cn1_0.loai_chi_nhanh,
        cn1_0.ma_chi_nhanh,
        cn1_0.ngay_cap_nhat,
        cn1_0.ngay_khai_truong,
        cn1_0.ngay_tao,
        cn1_0.nguoi_cap_nhat,
        cn1_0.nguoi_tao,
        cn1_0.quan_huyen,
        cn1_0.so_dien_thoai,
        cn1_0.ten_chi_nhanh,
        cn1_0.ten_quan_ly,
        cn1_0.tinh_thanh,
        cn1_0.trang_thai,
        cn1_0.vung_mien 
    from
        chi_nhanh cn1_0 
    where
        cn1_0.id=?
2026-09-09T03:26:31.733+07:00 DEBUG 6752 --- [cuahangtienloi] [nio-8080-exec-7] org.hibernate.SQL                        : 
    select
        sp1_0.id,
        sp1_0.dang_hoat_dong,
        sp1_0.de_hong,
        sp1_0.don_vi,
        sp1_0.gia_ban,
        sp1_0.gia_von,
        sp1_0.han_su_dung_ngay,
        sp1_0.id_danh_muc,
        sp1_0.id_nha_cung_cap,
        sp1_0.image_url,
        sp1_0.ma_vach,
        sp1_0.mo_ta,
        sp1_0.ngay_cap_nhat,
        sp1_0.ngay_tao,
        sp1_0.sku,
        sp1_0.ten_san_pham,
        sp1_0.ton_toi_da,
        sp1_0.ton_toi_thieu,
        sp1_0.vat_phantram 
    from
        san_pham sp1_0 
    where
        sp1_0.id=?
Hibernate: 
    select
        sp1_0.id,
        sp1_0.dang_hoat_dong,
        sp1_0.de_hong,
        sp1_0.don_vi,
        sp1_0.gia_ban,
        sp1_0.gia_von,
        sp1_0.han_su_dung_ngay,
        sp1_0.id_danh_muc,
        sp1_0.id_nha_cung_cap,
        sp1_0.image_url,
        sp1_0.ma_vach,
        sp1_0.mo_ta,
        sp1_0.ngay_cap_nhat,
        sp1_0.ngay_tao,
        sp1_0.sku,
        sp1_0.ten_san_pham,
        sp1_0.ton_toi_da,
        sp1_0.ton_toi_thieu,
        sp1_0.vat_phantram 
    from
        san_pham sp1_0 
    where
        sp1_0.id=?
2026-09-09T03:26:31.844+07:00 DEBUG 6752 --- [cuahangtienloi] [nio-8080-exec-7] org.hibernate.SQL                        : 
    select
        cn1_0.id,
        cn1_0.dang_hoat_dong,
        cn1_0.dia_chi,
        cn1_0.dia_chi_chi_tiet,
        cn1_0.dien_tich_m2,
        cn1_0.doanh_thu_thang,
        cn1_0.gio_mo_cua,
        cn1_0.id_quan_ly,
        cn1_0.loai,
        cn1_0.loai_chi_nhanh,
        cn1_0.ma_chi_nhanh,
        cn1_0.ngay_cap_nhat,
        cn1_0.ngay_khai_truong,
        cn1_0.ngay_tao,
        cn1_0.nguoi_cap_nhat,
        cn1_0.nguoi_tao,
        cn1_0.quan_huyen,
        cn1_0.so_dien_thoai,
        cn1_0.ten_chi_nhanh,
        cn1_0.ten_quan_ly,
        cn1_0.tinh_thanh,
        cn1_0.trang_thai,
        cn1_0.vung_mien 
    from
        chi_nhanh cn1_0 
    where
        cn1_0.id=?
Hibernate: 
    select
        cn1_0.id,
        cn1_0.dang_hoat_dong,
        cn1_0.dia_chi,
        cn1_0.dia_chi_chi_tiet,
        cn1_0.dien_tich_m2,
        cn1_0.doanh_thu_thang,
        cn1_0.gio_mo_cua,
        cn1_0.id_quan_ly,
        cn1_0.loai,
        cn1_0.loai_chi_nhanh,
        cn1_0.ma_chi_nhanh,
        cn1_0.ngay_cap_nhat,
        cn1_0.ngay_khai_truong,
        cn1_0.ngay_tao,
        cn1_0.nguoi_cap_nhat,
        cn1_0.nguoi_tao,
        cn1_0.quan_huyen,
        cn1_0.so_dien_thoai,
        cn1_0.ten_chi_nhanh,
        cn1_0.ten_quan_ly,
        cn1_0.tinh_thanh,
        cn1_0.trang_thai,
        cn1_0.vung_mien 
    from
        chi_nhanh cn1_0 
    where
        cn1_0.id=?
2026-09-09T03:26:31.956+07:00 DEBUG 6752 --- [cuahangtienloi] [nio-8080-exec-7] org.hibernate.SQL                        : 
    select
        sp1_0.id,
        sp1_0.dang_hoat_dong,
        sp1_0.de_hong,
        sp1_0.don_vi,
        sp1_0.gia_ban,
        sp1_0.gia_von,
        sp1_0.han_su_dung_ngay,
        sp1_0.id_danh_muc,
        sp1_0.id_nha_cung_cap,
        sp1_0.image_url,
        sp1_0.ma_vach,
        sp1_0.mo_ta,
        sp1_0.ngay_cap_nhat,
        sp1_0.ngay_tao,
        sp1_0.sku,
        sp1_0.ten_san_pham,
        sp1_0.ton_toi_da,
        sp1_0.ton_toi_thieu,
        sp1_0.vat_phantram 
    from
        san_pham sp1_0 
    where
        sp1_0.id=?
Hibernate: 
    select
        sp1_0.id,
        sp1_0.dang_hoat_dong,
        sp1_0.de_hong,
        sp1_0.don_vi,
        sp1_0.gia_ban,
        sp1_0.gia_von,
        sp1_0.han_su_dung_ngay,
        sp1_0.id_danh_muc,
        sp1_0.id_nha_cung_cap,
        sp1_0.image_url,
        sp1_0.ma_vach,
        sp1_0.mo_ta,
        sp1_0.ngay_cap_nhat,
        sp1_0.ngay_tao,
        sp1_0.sku,
        sp1_0.ten_san_pham,
        sp1_0.ton_toi_da,
        sp1_0.ton_toi_thieu,
        sp1_0.vat_phantram 
    from
        san_pham sp1_0 
    where
        sp1_0.id=?
2026-09-09T03:26:32.065+07:00 DEBUG 6752 --- [cuahangtienloi] [nio-8080-exec-7] org.hibernate.SQL                        : 
    select
        cn1_0.id,
        cn1_0.dang_hoat_dong,
        cn1_0.dia_chi,
        cn1_0.dia_chi_chi_tiet,
        cn1_0.dien_tich_m2,
        cn1_0.doanh_thu_thang,
        cn1_0.gio_mo_cua,
        cn1_0.id_quan_ly,
        cn1_0.loai,
        cn1_0.loai_chi_nhanh,
        cn1_0.ma_chi_nhanh,
        cn1_0.ngay_cap_nhat,
        cn1_0.ngay_khai_truong,
        cn1_0.ngay_tao,
        cn1_0.nguoi_cap_nhat,
        cn1_0.nguoi_tao,
        cn1_0.quan_huyen,
        cn1_0.so_dien_thoai,
        cn1_0.ten_chi_nhanh,
        cn1_0.ten_quan_ly,
        cn1_0.tinh_thanh,
        cn1_0.trang_thai,
        cn1_0.vung_mien 
    from
        chi_nhanh cn1_0 
    where
        cn1_0.id=?
Hibernate: 
    select
        cn1_0.id,
        cn1_0.dang_hoat_dong,
        cn1_0.dia_chi,
        cn1_0.dia_chi_chi_tiet,
        cn1_0.dien_tich_m2,
        cn1_0.doanh_thu_thang,
        cn1_0.gio_mo_cua,
        cn1_0.id_quan_ly,
        cn1_0.loai,
        cn1_0.loai_chi_nhanh,
        cn1_0.ma_chi_nhanh,
        cn1_0.ngay_cap_nhat,
        cn1_0.ngay_khai_truong,
        cn1_0.ngay_tao,
        cn1_0.nguoi_cap_nhat,
        cn1_0.nguoi_tao,
        cn1_0.quan_huyen,
        cn1_0.so_dien_thoai,
        cn1_0.ten_chi_nhanh,
        cn1_0.ten_quan_ly,
        cn1_0.tinh_thanh,
        cn1_0.trang_thai,
        cn1_0.vung_mien 
    from
        chi_nhanh cn1_0 
    where
        cn1_0.id=?
2026-09-09T03:26:32.177+07:00 DEBUG 6752 --- [cuahangtienloi] [nio-8080-exec-7] org.hibernate.SQL                        : 
    select
        sp1_0.id,
        sp1_0.dang_hoat_dong,
        sp1_0.de_hong,
        sp1_0.don_vi,
        sp1_0.gia_ban,
        sp1_0.gia_von,
        sp1_0.han_su_dung_ngay,
        sp1_0.id_danh_muc,
        sp1_0.id_nha_cung_cap,
        sp1_0.image_url,
        sp1_0.ma_vach,
        sp1_0.mo_ta,
        sp1_0.ngay_cap_nhat,
        sp1_0.ngay_tao,
        sp1_0.sku,
        sp1_0.ten_san_pham,
        sp1_0.ton_toi_da,
        sp1_0.ton_toi_thieu,
        sp1_0.vat_phantram 
    from
        san_pham sp1_0 
    where
        sp1_0.id=?
Hibernate: 
    select
        sp1_0.id,
        sp1_0.dang_hoat_dong,
        sp1_0.de_hong,
        sp1_0.don_vi,
        sp1_0.gia_ban,
        sp1_0.gia_von,
        sp1_0.han_su_dung_ngay,
        sp1_0.id_danh_muc,
        sp1_0.id_nha_cung_cap,
        sp1_0.image_url,
        sp1_0.ma_vach,
        sp1_0.mo_ta,
        sp1_0.ngay_cap_nhat,
        sp1_0.ngay_tao,
        sp1_0.sku,
        sp1_0.ten_san_pham,
        sp1_0.ton_toi_da,
        sp1_0.ton_toi_thieu,
        sp1_0.vat_phantram 
    from
        san_pham sp1_0 
    where
        sp1_0.id=?
2026-09-09T03:26:32.287+07:00 DEBUG 6752 --- [cuahangtienloi] [nio-8080-exec-7] org.hibernate.SQL                        : 
    select
        cn1_0.id,
        cn1_0.dang_hoat_dong,
        cn1_0.dia_chi,
        cn1_0.dia_chi_chi_tiet,
        cn1_0.dien_tich_m2,
        cn1_0.doanh_thu_thang,
        cn1_0.gio_mo_cua,
        cn1_0.id_quan_ly,
        cn1_0.loai,
        cn1_0.loai_chi_nhanh,
        cn1_0.ma_chi_nhanh,
        cn1_0.ngay_cap_nhat,
        cn1_0.ngay_khai_truong,
        cn1_0.ngay_tao,
        cn1_0.nguoi_cap_nhat,
        cn1_0.nguoi_tao,
        cn1_0.quan_huyen,
        cn1_0.so_dien_thoai,
        cn1_0.ten_chi_nhanh,
        cn1_0.ten_quan_ly,
        cn1_0.tinh_thanh,
        cn1_0.trang_thai,
        cn1_0.vung_mien 
    from
        chi_nhanh cn1_0 
    where
        cn1_0.id=?
Hibernate: 
    select
        cn1_0.id,
        cn1_0.dang_hoat_dong,
        cn1_0.dia_chi,
        cn1_0.dia_chi_chi_tiet,
        cn1_0.dien_tich_m2,
        cn1_0.doanh_thu_thang,
        cn1_0.gio_mo_cua,
        cn1_0.id_quan_ly,
        cn1_0.loai,
        cn1_0.loai_chi_nhanh,
        cn1_0.ma_chi_nhanh,
        cn1_0.ngay_cap_nhat,
        cn1_0.ngay_khai_truong,
        cn1_0.ngay_tao,
        cn1_0.nguoi_cap_nhat,
        cn1_0.nguoi_tao,
        cn1_0.quan_huyen,
        cn1_0.so_dien_thoai,
        cn1_0.ten_chi_nhanh,
        cn1_0.ten_quan_ly,
        cn1_0.tinh_thanh,
        cn1_0.trang_thai,
        cn1_0.vung_mien 
    from
        chi_nhanh cn1_0 
    where
        cn1_0.id=?
2026-09-09T03:26:32.397+07:00 DEBUG 6752 --- [cuahangtienloi] [nio-8080-exec-7] org.hibernate.SQL                        : 
    select
        sp1_0.id,
        sp1_0.dang_hoat_dong,
        sp1_0.de_hong,
        sp1_0.don_vi,
        sp1_0.gia_ban,
        sp1_0.gia_von,
        sp1_0.han_su_dung_ngay,
        sp1_0.id_danh_muc,
        sp1_0.id_nha_cung_cap,
        sp1_0.image_url,
        sp1_0.ma_vach,
        sp1_0.mo_ta,
        sp1_0.ngay_cap_nhat,
        sp1_0.ngay_tao,
        sp1_0.sku,
        sp1_0.ten_san_pham,
        sp1_0.ton_toi_da,
        sp1_0.ton_toi_thieu,
        sp1_0.vat_phantram 
    from
        san_pham sp1_0 
    where
        sp1_0.id=?
Hibernate: 
    select
        sp1_0.id,
        sp1_0.dang_hoat_dong,
        sp1_0.de_hong,
        sp1_0.don_vi,
        sp1_0.gia_ban,
        sp1_0.gia_von,
        sp1_0.han_su_dung_ngay,
        sp1_0.id_danh_muc,
        sp1_0.id_nha_cung_cap,
        sp1_0.image_url,
        sp1_0.ma_vach,
        sp1_0.mo_ta,
        sp1_0.ngay_cap_nhat,
        sp1_0.ngay_tao,
        sp1_0.sku,
        sp1_0.ten_san_pham,
        sp1_0.ton_toi_da,
        sp1_0.ton_toi_thieu,
        sp1_0.vat_phantram 
    from
        san_pham sp1_0 
    where
        sp1_0.id=?
2026-09-09T03:26:32.509+07:00 DEBUG 6752 --- [cuahangtienloi] [nio-8080-exec-7] org.hibernate.SQL                        : 
    select
        cn1_0.id,
        cn1_0.dang_hoat_dong,
        cn1_0.dia_chi,
        cn1_0.dia_chi_chi_tiet,
        cn1_0.dien_tich_m2,
        cn1_0.doanh_thu_thang,
        cn1_0.gio_mo_cua,
        cn1_0.id_quan_ly,
        cn1_0.loai,
        cn1_0.loai_chi_nhanh,
        cn1_0.ma_chi_nhanh,
        cn1_0.ngay_cap_nhat,
        cn1_0.ngay_khai_truong,
        cn1_0.ngay_tao,
        cn1_0.nguoi_cap_nhat,
        cn1_0.nguoi_tao,
        cn1_0.quan_huyen,
        cn1_0.so_dien_thoai,
        cn1_0.ten_chi_nhanh,
        cn1_0.ten_quan_ly,
        cn1_0.tinh_thanh,
        cn1_0.trang_thai,
        cn1_0.vung_mien 
    from
        chi_nhanh cn1_0 
    where
        cn1_0.id=?
Hibernate: 
    select
        cn1_0.id,
        cn1_0.dang_hoat_dong,
        cn1_0.dia_chi,
        cn1_0.dia_chi_chi_tiet,
        cn1_0.dien_tich_m2,
        cn1_0.doanh_thu_thang,
        cn1_0.gio_mo_cua,
        cn1_0.id_quan_ly,
        cn1_0.loai,
        cn1_0.loai_chi_nhanh,
        cn1_0.ma_chi_nhanh,
        cn1_0.ngay_cap_nhat,
        cn1_0.ngay_khai_truong,
        cn1_0.ngay_tao,
        cn1_0.nguoi_cap_nhat,
        cn1_0.nguoi_tao,
        cn1_0.quan_huyen,
        cn1_0.so_dien_thoai,
        cn1_0.ten_chi_nhanh,
        cn1_0.ten_quan_ly,
        cn1_0.tinh_thanh,
        cn1_0.trang_thai,
        cn1_0.vung_mien 
    from
        chi_nhanh cn1_0 
    where
        cn1_0.id=?
2026-09-09T03:26:32.620+07:00 DEBUG 6752 --- [cuahangtienloi] [nio-8080-exec-7] org.hibernate.SQL                        : 
    select
        sp1_0.id,
        sp1_0.dang_hoat_dong,
        sp1_0.de_hong,
        sp1_0.don_vi,
        sp1_0.gia_ban,
        sp1_0.gia_von,
        sp1_0.han_su_dung_ngay,
        sp1_0.id_danh_muc,
        sp1_0.id_nha_cung_cap,
        sp1_0.image_url,
        sp1_0.ma_vach,
        sp1_0.mo_ta,
        sp1_0.ngay_cap_nhat,
        sp1_0.ngay_tao,
        sp1_0.sku,
        sp1_0.ten_san_pham,
        sp1_0.ton_toi_da,
        sp1_0.ton_toi_thieu,
        sp1_0.vat_phantram 
    from
        san_pham sp1_0 
    where
        sp1_0.id=?
Hibernate: 
    select
        sp1_0.id,
        sp1_0.dang_hoat_dong,
        sp1_0.de_hong,
        sp1_0.don_vi,
        sp1_0.gia_ban,
        sp1_0.gia_von,
        sp1_0.han_su_dung_ngay,
        sp1_0.id_danh_muc,
        sp1_0.id_nha_cung_cap,
        sp1_0.image_url,
        sp1_0.ma_vach,
        sp1_0.mo_ta,
        sp1_0.ngay_cap_nhat,
        sp1_0.ngay_tao,
        sp1_0.sku,
        sp1_0.ten_san_pham,
        sp1_0.ton_toi_da,
        sp1_0.ton_toi_thieu,
        sp1_0.vat_phantram 
    from
        san_pham sp1_0 
    where
        sp1_0.id=?
2026-09-09T03:26:32.731+07:00 DEBUG 6752 --- [cuahangtienloi] [nio-8080-exec-7] org.hibernate.SQL                        : 
    select
        cn1_0.id,
        cn1_0.dang_hoat_dong,
        cn1_0.dia_chi,
        cn1_0.dia_chi_chi_tiet,
        cn1_0.dien_tich_m2,
        cn1_0.doanh_thu_thang,
        cn1_0.gio_mo_cua,
        cn1_0.id_quan_ly,
        cn1_0.loai,
        cn1_0.loai_chi_nhanh,
        cn1_0.ma_chi_nhanh,
        cn1_0.ngay_cap_nhat,
        cn1_0.ngay_khai_truong,
        cn1_0.ngay_tao,
        cn1_0.nguoi_cap_nhat,
        cn1_0.nguoi_tao,
        cn1_0.quan_huyen,
        cn1_0.so_dien_thoai,
        cn1_0.ten_chi_nhanh,
        cn1_0.ten_quan_ly,
        cn1_0.tinh_thanh,
        cn1_0.trang_thai,
        cn1_0.vung_mien 
    from
        chi_nhanh cn1_0 
    where
        cn1_0.id=?
Hibernate: 
    select
        cn1_0.id,
        cn1_0.dang_hoat_dong,
        cn1_0.dia_chi,
        cn1_0.dia_chi_chi_tiet,
        cn1_0.dien_tich_m2,
        cn1_0.doanh_thu_thang,
        cn1_0.gio_mo_cua,
        cn1_0.id_quan_ly,
        cn1_0.loai,
        cn1_0.loai_chi_nhanh,
        cn1_0.ma_chi_nhanh,
        cn1_0.ngay_cap_nhat,
        cn1_0.ngay_khai_truong,
        cn1_0.ngay_tao,
        cn1_0.nguoi_cap_nhat,
        cn1_0.nguoi_tao,
        cn1_0.quan_huyen,
        cn1_0.so_dien_thoai,
        cn1_0.ten_chi_nhanh,
        cn1_0.ten_quan_ly,
        cn1_0.tinh_thanh,
        cn1_0.trang_thai,
        cn1_0.vung_mien 
    from
        chi_nhanh cn1_0 
    where
        cn1_0.id=?
2026-09-09T03:26:32.841+07:00 DEBUG 6752 --- [cuahangtienloi] [nio-8080-exec-7] org.hibernate.SQL                        : 
    select
        sp1_0.id,
        sp1_0.dang_hoat_dong,
        sp1_0.de_hong,
        sp1_0.don_vi,
        sp1_0.gia_ban,
        sp1_0.gia_von,
        sp1_0.han_su_dung_ngay,
        sp1_0.id_danh_muc,
        sp1_0.id_nha_cung_cap,
        sp1_0.image_url,
        sp1_0.ma_vach,
        sp1_0.mo_ta,
        sp1_0.ngay_cap_nhat,
        sp1_0.ngay_tao,
        sp1_0.sku,
        sp1_0.ten_san_pham,
        sp1_0.ton_toi_da,
        sp1_0.ton_toi_thieu,
        sp1_0.vat_phantram 
    from
        san_pham sp1_0 
    where
        sp1_0.id=?
Hibernate: 
    select
        sp1_0.id,
        sp1_0.dang_hoat_dong,
        sp1_0.de_hong,
        sp1_0.don_vi,
        sp1_0.gia_ban,
        sp1_0.gia_von,
        sp1_0.han_su_dung_ngay,
        sp1_0.id_danh_muc,
        sp1_0.id_nha_cung_cap,
        sp1_0.image_url,
        sp1_0.ma_vach,
        sp1_0.mo_ta,
        sp1_0.ngay_cap_nhat,
        sp1_0.ngay_tao,
        sp1_0.sku,
        sp1_0.ten_san_pham,
        sp1_0.ton_toi_da,
        sp1_0.ton_toi_thieu,
        sp1_0.vat_phantram 
    from
        san_pham sp1_0 
    where
        sp1_0.id=?
2026-09-09T03:26:32.953+07:00 DEBUG 6752 --- [cuahangtienloi] [nio-8080-exec-7] org.hibernate.SQL                        : 
    select
        cn1_0.id,
        cn1_0.dang_hoat_dong,
        cn1_0.dia_chi,
        cn1_0.dia_chi_chi_tiet,
        cn1_0.dien_tich_m2,
        cn1_0.doanh_thu_thang,
        cn1_0.gio_mo_cua,
        cn1_0.id_quan_ly,
        cn1_0.loai,
        cn1_0.loai_chi_nhanh,
        cn1_0.ma_chi_nhanh,
        cn1_0.ngay_cap_nhat,
        cn1_0.ngay_khai_truong,
        cn1_0.ngay_tao,
        cn1_0.nguoi_cap_nhat,
        cn1_0.nguoi_tao,
        cn1_0.quan_huyen,
        cn1_0.so_dien_thoai,
        cn1_0.ten_chi_nhanh,
        cn1_0.ten_quan_ly,
        cn1_0.tinh_thanh,
        cn1_0.trang_thai,
        cn1_0.vung_mien 
    from
        chi_nhanh cn1_0 
    where
        cn1_0.id=?
Hibernate: 
    select
        cn1_0.id,
        cn1_0.dang_hoat_dong,
        cn1_0.dia_chi,
        cn1_0.dia_chi_chi_tiet,
        cn1_0.dien_tich_m2,
        cn1_0.doanh_thu_thang,
        cn1_0.gio_mo_cua,
        cn1_0.id_quan_ly,
        cn1_0.loai,
        cn1_0.loai_chi_nhanh,
        cn1_0.ma_chi_nhanh,
        cn1_0.ngay_cap_nhat,
        cn1_0.ngay_khai_truong,
        cn1_0.ngay_tao,
        cn1_0.nguoi_cap_nhat,
        cn1_0.nguoi_tao,
        cn1_0.quan_huyen,
        cn1_0.so_dien_thoai,
        cn1_0.ten_chi_nhanh,
        cn1_0.ten_quan_ly,
        cn1_0.tinh_thanh,
        cn1_0.trang_thai,
        cn1_0.vung_mien 
    from
        chi_nhanh cn1_0 
    where
        cn1_0.id=?
2026-09-09T03:26:33.063+07:00 DEBUG 6752 --- [cuahangtienloi] [nio-8080-exec-7] org.hibernate.SQL                        : 
    select
        sp1_0.id,
        sp1_0.dang_hoat_dong,
        sp1_0.de_hong,
        sp1_0.don_vi,
        sp1_0.gia_ban,
        sp1_0.gia_von,
        sp1_0.han_su_dung_ngay,
        sp1_0.id_danh_muc,
        sp1_0.id_nha_cung_cap,
        sp1_0.image_url,
        sp1_0.ma_vach,
        sp1_0.mo_ta,
        sp1_0.ngay_cap_nhat,
        sp1_0.ngay_tao,
        sp1_0.sku,
        sp1_0.ten_san_pham,
        sp1_0.ton_toi_da,
        sp1_0.ton_toi_thieu,
        sp1_0.vat_phantram 
    from
        san_pham sp1_0 
    where
        sp1_0.id=?
Hibernate: 
    select
        sp1_0.id,
        sp1_0.dang_hoat_dong,
        sp1_0.de_hong,
        sp1_0.don_vi,
        sp1_0.gia_ban,
        sp1_0.gia_von,
        sp1_0.han_su_dung_ngay,
        sp1_0.id_danh_muc,
        sp1_0.id_nha_cung_cap,
        sp1_0.image_url,
        sp1_0.ma_vach,
        sp1_0.mo_ta,
        sp1_0.ngay_cap_nhat,
        sp1_0.ngay_tao,
        sp1_0.sku,
        sp1_0.ten_san_pham,
        sp1_0.ton_toi_da,
        sp1_0.ton_toi_thieu,
        sp1_0.vat_phantram 
    from
        san_pham sp1_0 
    where
        sp1_0.id=?
2026-09-09T03:26:33.174+07:00 DEBUG 6752 --- [cuahangtienloi] [nio-8080-exec-7] org.hibernate.SQL                        : 
    select
        cn1_0.id,
        cn1_0.dang_hoat_dong,
        cn1_0.dia_chi,
        cn1_0.dia_chi_chi_tiet,
        cn1_0.dien_tich_m2,
        cn1_0.doanh_thu_thang,
        cn1_0.gio_mo_cua,
        cn1_0.id_quan_ly,
        cn1_0.loai,
        cn1_0.loai_chi_nhanh,
        cn1_0.ma_chi_nhanh,
        cn1_0.ngay_cap_nhat,
        cn1_0.ngay_khai_truong,
        cn1_0.ngay_tao,
        cn1_0.nguoi_cap_nhat,
        cn1_0.nguoi_tao,
        cn1_0.quan_huyen,
        cn1_0.so_dien_thoai,
        cn1_0.ten_chi_nhanh,
        cn1_0.ten_quan_ly,
        cn1_0.tinh_thanh,
        cn1_0.trang_thai,
        cn1_0.vung_mien 
    from
        chi_nhanh cn1_0 
    where
        cn1_0.id=?
Hibernate: 
    select
        cn1_0.id,
        cn1_0.dang_hoat_dong,
        cn1_0.dia_chi,
        cn1_0.dia_chi_chi_tiet,
        cn1_0.dien_tich_m2,
        cn1_0.doanh_thu_thang,
        cn1_0.gio_mo_cua,
        cn1_0.id_quan_ly,
        cn1_0.loai,
        cn1_0.loai_chi_nhanh,
        cn1_0.ma_chi_nhanh,
        cn1_0.ngay_cap_nhat,
        cn1_0.ngay_khai_truong,
        cn1_0.ngay_tao,
        cn1_0.nguoi_cap_nhat,
        cn1_0.nguoi_tao,
        cn1_0.quan_huyen,
        cn1_0.so_dien_thoai,
        cn1_0.ten_chi_nhanh,
        cn1_0.ten_quan_ly,
        cn1_0.tinh_thanh,
        cn1_0.trang_thai,
        cn1_0.vung_mien 
    from
        chi_nhanh cn1_0 
    where
        cn1_0.id=?
2026-09-09T03:26:33.286+07:00 DEBUG 6752 --- [cuahangtienloi] [nio-8080-exec-7] org.hibernate.SQL                        : 
    select
        sp1_0.id,
        sp1_0.dang_hoat_dong,
        sp1_0.de_hong,
        sp1_0.don_vi,
        sp1_0.gia_ban,
        sp1_0.gia_von,
        sp1_0.han_su_dung_ngay,
        sp1_0.id_danh_muc,
        sp1_0.id_nha_cung_cap,
        sp1_0.image_url,
        sp1_0.ma_vach,
        sp1_0.mo_ta,
        sp1_0.ngay_cap_nhat,
        sp1_0.ngay_tao,
        sp1_0.sku,
        sp1_0.ten_san_pham,
        sp1_0.ton_toi_da,
        sp1_0.ton_toi_thieu,
        sp1_0.vat_phantram 
    from
        san_pham sp1_0 
    where
        sp1_0.id=?
Hibernate: 
    select
        sp1_0.id,
        sp1_0.dang_hoat_dong,
        sp1_0.de_hong,
        sp1_0.don_vi,
        sp1_0.gia_ban,
        sp1_0.gia_von,
        sp1_0.han_su_dung_ngay,
        sp1_0.id_danh_muc,
        sp1_0.id_nha_cung_cap,
        sp1_0.image_url,
        sp1_0.ma_vach,
        sp1_0.mo_ta,
        sp1_0.ngay_cap_nhat,
        sp1_0.ngay_tao,
        sp1_0.sku,
        sp1_0.ten_san_pham,
        sp1_0.ton_toi_da,
        sp1_0.ton_toi_thieu,
        sp1_0.vat_phantram 
    from
        san_pham sp1_0 
    where
        sp1_0.id=?
2026-09-09T03:26:33.396+07:00 DEBUG 6752 --- [cuahangtienloi] [nio-8080-exec-7] org.hibernate.SQL                        : 
    select
        cn1_0.id,
        cn1_0.dang_hoat_dong,
        cn1_0.dia_chi,
        cn1_0.dia_chi_chi_tiet,
        cn1_0.dien_tich_m2,
        cn1_0.doanh_thu_thang,
        cn1_0.gio_mo_cua,
        cn1_0.id_quan_ly,
        cn1_0.loai,
        cn1_0.loai_chi_nhanh,
        cn1_0.ma_chi_nhanh,
        cn1_0.ngay_cap_nhat,
        cn1_0.ngay_khai_truong,
        cn1_0.ngay_tao,
        cn1_0.nguoi_cap_nhat,
        cn1_0.nguoi_tao,
        cn1_0.quan_huyen,
        cn1_0.so_dien_thoai,
        cn1_0.ten_chi_nhanh,
        cn1_0.ten_quan_ly,
        cn1_0.tinh_thanh,
        cn1_0.trang_thai,
        cn1_0.vung_mien 
    from
        chi_nhanh cn1_0 
    where
        cn1_0.id=?
Hibernate: 
    select
        cn1_0.id,
        cn1_0.dang_hoat_dong,
        cn1_0.dia_chi,
        cn1_0.dia_chi_chi_tiet,
        cn1_0.dien_tich_m2,
        cn1_0.doanh_thu_thang,
        cn1_0.gio_mo_cua,
        cn1_0.id_quan_ly,
        cn1_0.loai,
        cn1_0.loai_chi_nhanh,
        cn1_0.ma_chi_nhanh,
        cn1_0.ngay_cap_nhat,
        cn1_0.ngay_khai_truong,
        cn1_0.ngay_tao,
        cn1_0.nguoi_cap_nhat,
        cn1_0.nguoi_tao,
        cn1_0.quan_huyen,
        cn1_0.so_dien_thoai,
        cn1_0.ten_chi_nhanh,
        cn1_0.ten_quan_ly,
        cn1_0.tinh_thanh,
        cn1_0.trang_thai,
        cn1_0.vung_mien 
    from
        chi_nhanh cn1_0 
    where
        cn1_0.id=?
2026-09-09T03:26:33.507+07:00 DEBUG 6752 --- [cuahangtienloi] [nio-8080-exec-7] org.hibernate.SQL                        : 
    select
        sp1_0.id,
        sp1_0.dang_hoat_dong,
        sp1_0.de_hong,
        sp1_0.don_vi,
        sp1_0.gia_ban,
        sp1_0.gia_von,
        sp1_0.han_su_dung_ngay,
        sp1_0.id_danh_muc,
        sp1_0.id_nha_cung_cap,
        sp1_0.image_url,
        sp1_0.ma_vach,
        sp1_0.mo_ta,
        sp1_0.ngay_cap_nhat,
        sp1_0.ngay_tao,
        sp1_0.sku,
        sp1_0.ten_san_pham,
        sp1_0.ton_toi_da,
        sp1_0.ton_toi_thieu,
        sp1_0.vat_phantram 
    from
        san_pham sp1_0 
    where
        sp1_0.id=?
Hibernate: 
    select
        sp1_0.id,
        sp1_0.dang_hoat_dong,
        sp1_0.de_hong,
        sp1_0.don_vi,
        sp1_0.gia_ban,
        sp1_0.gia_von,
        sp1_0.han_su_dung_ngay,
        sp1_0.id_danh_muc,
        sp1_0.id_nha_cung_cap,
        sp1_0.image_url,
        sp1_0.ma_vach,
        sp1_0.mo_ta,
        sp1_0.ngay_cap_nhat,
        sp1_0.ngay_tao,
        sp1_0.sku,
        sp1_0.ten_san_pham,
        sp1_0.ton_toi_da,
        sp1_0.ton_toi_thieu,
        sp1_0.vat_phantram 
    from
        san_pham sp1_0 
    where
        sp1_0.id=?
2026-09-09T03:26:33.620+07:00 DEBUG 6752 --- [cuahangtienloi] [nio-8080-exec-7] org.hibernate.SQL                        : 
    select
        cn1_0.id,
        cn1_0.dang_hoat_dong,
        cn1_0.dia_chi,
        cn1_0.dia_chi_chi_tiet,
        cn1_0.dien_tich_m2,
        cn1_0.doanh_thu_thang,
        cn1_0.gio_mo_cua,
        cn1_0.id_quan_ly,
        cn1_0.loai,
        cn1_0.loai_chi_nhanh,
        cn1_0.ma_chi_nhanh,
        cn1_0.ngay_cap_nhat,
        cn1_0.ngay_khai_truong,
        cn1_0.ngay_tao,
        cn1_0.nguoi_cap_nhat,
        cn1_0.nguoi_tao,
        cn1_0.quan_huyen,
        cn1_0.so_dien_thoai,
        cn1_0.ten_chi_nhanh,
        cn1_0.ten_quan_ly,
        cn1_0.tinh_thanh,
        cn1_0.trang_thai,
        cn1_0.vung_mien 
    from
        chi_nhanh cn1_0 
    where
        cn1_0.id=?
Hibernate: 
    select
        cn1_0.id,
        cn1_0.dang_hoat_dong,
        cn1_0.dia_chi,
        cn1_0.dia_chi_chi_tiet,
        cn1_0.dien_tich_m2,
        cn1_0.doanh_thu_thang,
        cn1_0.gio_mo_cua,
        cn1_0.id_quan_ly,
        cn1_0.loai,
        cn1_0.loai_chi_nhanh,
        cn1_0.ma_chi_nhanh,
        cn1_0.ngay_cap_nhat,
        cn1_0.ngay_khai_truong,
        cn1_0.ngay_tao,
        cn1_0.nguoi_cap_nhat,
        cn1_0.nguoi_tao,
        cn1_0.quan_huyen,
        cn1_0.so_dien_thoai,
        cn1_0.ten_chi_nhanh,
        cn1_0.ten_quan_ly,
        cn1_0.tinh_thanh,
        cn1_0.trang_thai,
        cn1_0.vung_mien 
    from
        chi_nhanh cn1_0 
    where
        cn1_0.id=?
2026-09-09T03:26:33.731+07:00 DEBUG 6752 --- [cuahangtienloi] [nio-8080-exec-7] org.hibernate.SQL                        : 
    select
        sp1_0.id,
        sp1_0.dang_hoat_dong,
        sp1_0.de_hong,
        sp1_0.don_vi,
        sp1_0.gia_ban,
        sp1_0.gia_von,
        sp1_0.han_su_dung_ngay,
        sp1_0.id_danh_muc,
        sp1_0.id_nha_cung_cap,
        sp1_0.image_url,
        sp1_0.ma_vach,
        sp1_0.mo_ta,
        sp1_0.ngay_cap_nhat,
        sp1_0.ngay_tao,
        sp1_0.sku,
        sp1_0.ten_san_pham,
        sp1_0.ton_toi_da,
        sp1_0.ton_toi_thieu,
        sp1_0.vat_phantram 
    from
        san_pham sp1_0 
    where
        sp1_0.id=?
Hibernate: 
    select
        sp1_0.id,
        sp1_0.dang_hoat_dong,
        sp1_0.de_hong,
        sp1_0.don_vi,
        sp1_0.gia_ban,
        sp1_0.gia_von,
        sp1_0.han_su_dung_ngay,
        sp1_0.id_danh_muc,
        sp1_0.id_nha_cung_cap,
        sp1_0.image_url,
        sp1_0.ma_vach,
        sp1_0.mo_ta,
        sp1_0.ngay_cap_nhat,
        sp1_0.ngay_tao,
        sp1_0.sku,
        sp1_0.ten_san_pham,
        sp1_0.ton_toi_da,
        sp1_0.ton_toi_thieu,
        sp1_0.vat_phantram 
    from
        san_pham sp1_0 
    where
        sp1_0.id=?
2026-09-09T03:26:33.841+07:00 DEBUG 6752 --- [cuahangtienloi] [nio-8080-exec-7] org.hibernate.SQL                        : 
    select
        cn1_0.id,
        cn1_0.dang_hoat_dong,
        cn1_0.dia_chi,
        cn1_0.dia_chi_chi_tiet,
        cn1_0.dien_tich_m2,
        cn1_0.doanh_thu_thang,
        cn1_0.gio_mo_cua,
        cn1_0.id_quan_ly,
        cn1_0.loai,
        cn1_0.loai_chi_nhanh,
        cn1_0.ma_chi_nhanh,
        cn1_0.ngay_cap_nhat,
        cn1_0.ngay_khai_truong,
        cn1_0.ngay_tao,
        cn1_0.nguoi_cap_nhat,
        cn1_0.nguoi_tao,
        cn1_0.quan_huyen,
        cn1_0.so_dien_thoai,
        cn1_0.ten_chi_nhanh,
        cn1_0.ten_quan_ly,
        cn1_0.tinh_thanh,
        cn1_0.trang_thai,
        cn1_0.vung_mien 
    from
        chi_nhanh cn1_0 
    where
        cn1_0.id=?
Hibernate: 
    select
        cn1_0.id,
        cn1_0.dang_hoat_dong,
        cn1_0.dia_chi,
        cn1_0.dia_chi_chi_tiet,
        cn1_0.dien_tich_m2,
        cn1_0.doanh_thu_thang,
        cn1_0.gio_mo_cua,
        cn1_0.id_quan_ly,
        cn1_0.loai,
        cn1_0.loai_chi_nhanh,
        cn1_0.ma_chi_nhanh,
        cn1_0.ngay_cap_nhat,
        cn1_0.ngay_khai_truong,
        cn1_0.ngay_tao,
        cn1_0.nguoi_cap_nhat,
        cn1_0.nguoi_tao,
        cn1_0.quan_huyen,
        cn1_0.so_dien_thoai,
        cn1_0.ten_chi_nhanh,
        cn1_0.ten_quan_ly,
        cn1_0.tinh_thanh,
        cn1_0.trang_thai,
        cn1_0.vung_mien 
    from
        chi_nhanh cn1_0 
    where
        cn1_0.id=?
2026-09-09T03:26:33.952+07:00 DEBUG 6752 --- [cuahangtienloi] [nio-8080-exec-7] org.hibernate.SQL                        : 
    select
        sp1_0.id,
        sp1_0.dang_hoat_dong,
        sp1_0.de_hong,
        sp1_0.don_vi,
        sp1_0.gia_ban,
        sp1_0.gia_von,
        sp1_0.han_su_dung_ngay,
        sp1_0.id_danh_muc,
        sp1_0.id_nha_cung_cap,
        sp1_0.image_url,
        sp1_0.ma_vach,
        sp1_0.mo_ta,
        sp1_0.ngay_cap_nhat,
        sp1_0.ngay_tao,
        sp1_0.sku,
        sp1_0.ten_san_pham,
        sp1_0.ton_toi_da,
        sp1_0.ton_toi_thieu,
        sp1_0.vat_phantram 
    from
        san_pham sp1_0 
    where
        sp1_0.id=?
Hibernate: 
    select
        sp1_0.id,
        sp1_0.dang_hoat_dong,
        sp1_0.de_hong,
        sp1_0.don_vi,
        sp1_0.gia_ban,
        sp1_0.gia_von,
        sp1_0.han_su_dung_ngay,
        sp1_0.id_danh_muc,
        sp1_0.id_nha_cung_cap,
        sp1_0.image_url,
        sp1_0.ma_vach,
        sp1_0.mo_ta,
        sp1_0.ngay_cap_nhat,
        sp1_0.ngay_tao,
        sp1_0.sku,
        sp1_0.ten_san_pham,
        sp1_0.ton_toi_da,
        sp1_0.ton_toi_thieu,
        sp1_0.vat_phantram 
    from
        san_pham sp1_0 
    where
        sp1_0.id=?
2026-09-09T03:26:34.061+07:00 DEBUG 6752 --- [cuahangtienloi] [nio-8080-exec-7] org.hibernate.SQL                        : 
    select
        cn1_0.id,
        cn1_0.dang_hoat_dong,
        cn1_0.dia_chi,
        cn1_0.dia_chi_chi_tiet,
        cn1_0.dien_tich_m2,
        cn1_0.doanh_thu_thang,
        cn1_0.gio_mo_cua,
        cn1_0.id_quan_ly,
        cn1_0.loai,
        cn1_0.loai_chi_nhanh,
        cn1_0.ma_chi_nhanh,
        cn1_0.ngay_cap_nhat,
        cn1_0.ngay_khai_truong,
        cn1_0.ngay_tao,
        cn1_0.nguoi_cap_nhat,
        cn1_0.nguoi_tao,
        cn1_0.quan_huyen,
        cn1_0.so_dien_thoai,
        cn1_0.ten_chi_nhanh,
        cn1_0.ten_quan_ly,
        cn1_0.tinh_thanh,
        cn1_0.trang_thai,
        cn1_0.vung_mien 
    from
        chi_nhanh cn1_0 
    where
        cn1_0.id=?
Hibernate: 
    select
        cn1_0.id,
        cn1_0.dang_hoat_dong,
        cn1_0.dia_chi,
        cn1_0.dia_chi_chi_tiet,
        cn1_0.dien_tich_m2,
        cn1_0.doanh_thu_thang,
        cn1_0.gio_mo_cua,
        cn1_0.id_quan_ly,
        cn1_0.loai,
        cn1_0.loai_chi_nhanh,
        cn1_0.ma_chi_nhanh,
        cn1_0.ngay_cap_nhat,
        cn1_0.ngay_khai_truong,
        cn1_0.ngay_tao,
        cn1_0.nguoi_cap_nhat,
        cn1_0.nguoi_tao,
        cn1_0.quan_huyen,
        cn1_0.so_dien_thoai,
        cn1_0.ten_chi_nhanh,
        cn1_0.ten_quan_ly,
        cn1_0.tinh_thanh,
        cn1_0.trang_thai,
        cn1_0.vung_mien 
    from
        chi_nhanh cn1_0 
    where
        cn1_0.id=?
2026-09-09T03:26:34.172+07:00 DEBUG 6752 --- [cuahangtienloi] [nio-8080-exec-7] org.hibernate.SQL                        : 
    select
        sp1_0.id,
        sp1_0.dang_hoat_dong,
        sp1_0.de_hong,
        sp1_0.don_vi,
        sp1_0.gia_ban,
        sp1_0.gia_von,
        sp1_0.han_su_dung_ngay,
        sp1_0.id_danh_muc,
        sp1_0.id_nha_cung_cap,
        sp1_0.image_url,
        sp1_0.ma_vach,
        sp1_0.mo_ta,
        sp1_0.ngay_cap_nhat,
        sp1_0.ngay_tao,
        sp1_0.sku,
        sp1_0.ten_san_pham,
        sp1_0.ton_toi_da,
        sp1_0.ton_toi_thieu,
        sp1_0.vat_phantram 
    from
        san_pham sp1_0 
    where
        sp1_0.id=?
Hibernate: 
    select
        sp1_0.id,
        sp1_0.dang_hoat_dong,
        sp1_0.de_hong,
        sp1_0.don_vi,
        sp1_0.gia_ban,
        sp1_0.gia_von,
        sp1_0.han_su_dung_ngay,
        sp1_0.id_danh_muc,
        sp1_0.id_nha_cung_cap,
        sp1_0.image_url,
        sp1_0.ma_vach,
        sp1_0.mo_ta,
        sp1_0.ngay_cap_nhat,
        sp1_0.ngay_tao,
        sp1_0.sku,
        sp1_0.ten_san_pham,
        sp1_0.ton_toi_da,
        sp1_0.ton_toi_thieu,
        sp1_0.vat_phantram 
    from
        san_pham sp1_0 
    where
        sp1_0.id=?
2026-09-09T03:26:34.283+07:00 DEBUG 6752 --- [cuahangtienloi] [nio-8080-exec-7] org.hibernate.SQL                        : 
    select
        cn1_0.id,
        cn1_0.dang_hoat_dong,
        cn1_0.dia_chi,
        cn1_0.dia_chi_chi_tiet,
        cn1_0.dien_tich_m2,
        cn1_0.doanh_thu_thang,
        cn1_0.gio_mo_cua,
        cn1_0.id_quan_ly,
        cn1_0.loai,
        cn1_0.loai_chi_nhanh,
        cn1_0.ma_chi_nhanh,
        cn1_0.ngay_cap_nhat,
        cn1_0.ngay_khai_truong,
        cn1_0.ngay_tao,
        cn1_0.nguoi_cap_nhat,
        cn1_0.nguoi_tao,
        cn1_0.quan_huyen,
        cn1_0.so_dien_thoai,
        cn1_0.ten_chi_nhanh,
        cn1_0.ten_quan_ly,
        cn1_0.tinh_thanh,
        cn1_0.trang_thai,
        cn1_0.vung_mien 
    from
        chi_nhanh cn1_0 
    where
        cn1_0.id=?
Hibernate: 
    select
        cn1_0.id,
        cn1_0.dang_hoat_dong,
        cn1_0.dia_chi,
        cn1_0.dia_chi_chi_tiet,
        cn1_0.dien_tich_m2,
        cn1_0.doanh_thu_thang,
        cn1_0.gio_mo_cua,
        cn1_0.id_quan_ly,
        cn1_0.loai,
        cn1_0.loai_chi_nhanh,
        cn1_0.ma_chi_nhanh,
        cn1_0.ngay_cap_nhat,
        cn1_0.ngay_khai_truong,
        cn1_0.ngay_tao,
        cn1_0.nguoi_cap_nhat,
        cn1_0.nguoi_tao,
        cn1_0.quan_huyen,
        cn1_0.so_dien_thoai,
        cn1_0.ten_chi_nhanh,
        cn1_0.ten_quan_ly,
        cn1_0.tinh_thanh,
        cn1_0.trang_thai,
        cn1_0.vung_mien 
    from
        chi_nhanh cn1_0 
    where
        cn1_0.id=?
2026-09-09T03:26:34.392+07:00 DEBUG 6752 --- [cuahangtienloi] [nio-8080-exec-7] org.hibernate.SQL                        : 
    select
        sp1_0.id,
        sp1_0.dang_hoat_dong,
        sp1_0.de_hong,
        sp1_0.don_vi,
        sp1_0.gia_ban,
        sp1_0.gia_von,
        sp1_0.han_su_dung_ngay,
        sp1_0.id_danh_muc,
        sp1_0.id_nha_cung_cap,
        sp1_0.image_url,
        sp1_0.ma_vach,
        sp1_0.mo_ta,
        sp1_0.ngay_cap_nhat,
        sp1_0.ngay_tao,
        sp1_0.sku,
        sp1_0.ten_san_pham,
        sp1_0.ton_toi_da,
        sp1_0.ton_toi_thieu,
        sp1_0.vat_phantram 
    from
        san_pham sp1_0 
    where
        sp1_0.id=?
Hibernate: 
    select
        sp1_0.id,
        sp1_0.dang_hoat_dong,
        sp1_0.de_hong,
        sp1_0.don_vi,
        sp1_0.gia_ban,
        sp1_0.gia_von,
        sp1_0.han_su_dung_ngay,
        sp1_0.id_danh_muc,
        sp1_0.id_nha_cung_cap,
        sp1_0.image_url,
        sp1_0.ma_vach,
        sp1_0.mo_ta,
        sp1_0.ngay_cap_nhat,
        sp1_0.ngay_tao,
        sp1_0.sku,
        sp1_0.ten_san_pham,
        sp1_0.ton_toi_da,
        sp1_0.ton_toi_thieu,
        sp1_0.vat_phantram 
    from
        san_pham sp1_0 
    where
        sp1_0.id=?
2026-09-09T03:26:34.504+07:00 DEBUG 6752 --- [cuahangtienloi] [nio-8080-exec-7] org.hibernate.SQL                        : 
    select
        cn1_0.id,
        cn1_0.dang_hoat_dong,
        cn1_0.dia_chi,
        cn1_0.dia_chi_chi_tiet,
        cn1_0.dien_tich_m2,
        cn1_0.doanh_thu_thang,
        cn1_0.gio_mo_cua,
        cn1_0.id_quan_ly,
        cn1_0.loai,
        cn1_0.loai_chi_nhanh,
        cn1_0.ma_chi_nhanh,
        cn1_0.ngay_cap_nhat,
        cn1_0.ngay_khai_truong,
        cn1_0.ngay_tao,
        cn1_0.nguoi_cap_nhat,
        cn1_0.nguoi_tao,
        cn1_0.quan_huyen,
        cn1_0.so_dien_thoai,
        cn1_0.ten_chi_nhanh,
        cn1_0.ten_quan_ly,
        cn1_0.tinh_thanh,
        cn1_0.trang_thai,
        cn1_0.vung_mien 
    from
        chi_nhanh cn1_0 
    where
        cn1_0.id=?
Hibernate: 
    select
        cn1_0.id,
        cn1_0.dang_hoat_dong,
        cn1_0.dia_chi,
        cn1_0.dia_chi_chi_tiet,
        cn1_0.dien_tich_m2,
        cn1_0.doanh_thu_thang,
        cn1_0.gio_mo_cua,
        cn1_0.id_quan_ly,
        cn1_0.loai,
        cn1_0.loai_chi_nhanh,
        cn1_0.ma_chi_nhanh,
        cn1_0.ngay_cap_nhat,
        cn1_0.ngay_khai_truong,
        cn1_0.ngay_tao,
        cn1_0.nguoi_cap_nhat,
        cn1_0.nguoi_tao,
        cn1_0.quan_huyen,
        cn1_0.so_dien_thoai,
        cn1_0.ten_chi_nhanh,
        cn1_0.ten_quan_ly,
        cn1_0.tinh_thanh,
        cn1_0.trang_thai,
        cn1_0.vung_mien 
    from
        chi_nhanh cn1_0 
    where
        cn1_0.id=?
2026-09-09T03:26:34.616+07:00 DEBUG 6752 --- [cuahangtienloi] [nio-8080-exec-7] org.hibernate.SQL                        : 
    select
        sp1_0.id,
        sp1_0.dang_hoat_dong,
        sp1_0.de_hong,
        sp1_0.don_vi,
        sp1_0.gia_ban,
        sp1_0.gia_von,
        sp1_0.han_su_dung_ngay,
        sp1_0.id_danh_muc,
        sp1_0.id_nha_cung_cap,
        sp1_0.image_url,
        sp1_0.ma_vach,
        sp1_0.mo_ta,
        sp1_0.ngay_cap_nhat,
        sp1_0.ngay_tao,
        sp1_0.sku,
        sp1_0.ten_san_pham,
        sp1_0.ton_toi_da,
        sp1_0.ton_toi_thieu,
        sp1_0.vat_phantram 
    from
        san_pham sp1_0 
    where
        sp1_0.id=?
Hibernate: 
    select
        sp1_0.id,
        sp1_0.dang_hoat_dong,
        sp1_0.de_hong,
        sp1_0.don_vi,
        sp1_0.gia_ban,
        sp1_0.gia_von,
        sp1_0.han_su_dung_ngay,
        sp1_0.id_danh_muc,
        sp1_0.id_nha_cung_cap,
        sp1_0.image_url,
        sp1_0.ma_vach,
        sp1_0.mo_ta,
        sp1_0.ngay_cap_nhat,
        sp1_0.ngay_tao,
        sp1_0.sku,
        sp1_0.ten_san_pham,
        sp1_0.ton_toi_da,
        sp1_0.ton_toi_thieu,
        sp1_0.vat_phantram 
    from
        san_pham sp1_0 
    where
        sp1_0.id=?
2026-09-09T03:26:34.727+07:00 DEBUG 6752 --- [cuahangtienloi] [nio-8080-exec-7] org.hibernate.SQL                        : 
    select
        cn1_0.id,
        cn1_0.dang_hoat_dong,
        cn1_0.dia_chi,
        cn1_0.dia_chi_chi_tiet,
        cn1_0.dien_tich_m2,
        cn1_0.doanh_thu_thang,
        cn1_0.gio_mo_cua,
        cn1_0.id_quan_ly,
        cn1_0.loai,
        cn1_0.loai_chi_nhanh,
        cn1_0.ma_chi_nhanh,
        cn1_0.ngay_cap_nhat,
        cn1_0.ngay_khai_truong,
        cn1_0.ngay_tao,
        cn1_0.nguoi_cap_nhat,
        cn1_0.nguoi_tao,
        cn1_0.quan_huyen,
        cn1_0.so_dien_thoai,
        cn1_0.ten_chi_nhanh,
        cn1_0.ten_quan_ly,
        cn1_0.tinh_thanh,
        cn1_0.trang_thai,
        cn1_0.vung_mien 
    from
        chi_nhanh cn1_0 
    where
        cn1_0.id=?
Hibernate: 
    select
        cn1_0.id,
        cn1_0.dang_hoat_dong,
        cn1_0.dia_chi,
        cn1_0.dia_chi_chi_tiet,
        cn1_0.dien_tich_m2,
        cn1_0.doanh_thu_thang,
        cn1_0.gio_mo_cua,
        cn1_0.id_quan_ly,
        cn1_0.loai,
        cn1_0.loai_chi_nhanh,
        cn1_0.ma_chi_nhanh,
        cn1_0.ngay_cap_nhat,
        cn1_0.ngay_khai_truong,
        cn1_0.ngay_tao,
        cn1_0.nguoi_cap_nhat,
        cn1_0.nguoi_tao,
        cn1_0.quan_huyen,
        cn1_0.so_dien_thoai,
        cn1_0.ten_chi_nhanh,
        cn1_0.ten_quan_ly,
        cn1_0.tinh_thanh,
        cn1_0.trang_thai,
        cn1_0.vung_mien 
    from
        chi_nhanh cn1_0 
    where
        cn1_0.id=?
2026-09-09T03:26:34.838+07:00 DEBUG 6752 --- [cuahangtienloi] [nio-8080-exec-7] org.hibernate.SQL                        : 
    select
        sp1_0.id,
        sp1_0.dang_hoat_dong,
        sp1_0.de_hong,
        sp1_0.don_vi,
        sp1_0.gia_ban,
        sp1_0.gia_von,
        sp1_0.han_su_dung_ngay,
        sp1_0.id_danh_muc,
        sp1_0.id_nha_cung_cap,
        sp1_0.image_url,
        sp1_0.ma_vach,
        sp1_0.mo_ta,
        sp1_0.ngay_cap_nhat,
        sp1_0.ngay_tao,
        sp1_0.sku,
        sp1_0.ten_san_pham,
        sp1_0.ton_toi_da,
        sp1_0.ton_toi_thieu,
        sp1_0.vat_phantram 
    from
        san_pham sp1_0 
    where
        sp1_0.id=?
Hibernate: 
    select
        sp1_0.id,
        sp1_0.dang_hoat_dong,
        sp1_0.de_hong,
        sp1_0.don_vi,
        sp1_0.gia_ban,
        sp1_0.gia_von,
        sp1_0.han_su_dung_ngay,
        sp1_0.id_danh_muc,
        sp1_0.id_nha_cung_cap,
        sp1_0.image_url,
        sp1_0.ma_vach,
        sp1_0.mo_ta,
        sp1_0.ngay_cap_nhat,
        sp1_0.ngay_tao,
        sp1_0.sku,
        sp1_0.ten_san_pham,
        sp1_0.ton_toi_da,
        sp1_0.ton_toi_thieu,
        sp1_0.vat_phantram 
    from
        san_pham sp1_0 
    where
        sp1_0.id=?
2026-09-09T03:26:34.950+07:00 DEBUG 6752 --- [cuahangtienloi] [nio-8080-exec-7] org.hibernate.SQL                        : 
    select
        cn1_0.id,
        cn1_0.dang_hoat_dong,
        cn1_0.dia_chi,
        cn1_0.dia_chi_chi_tiet,
        cn1_0.dien_tich_m2,
        cn1_0.doanh_thu_thang,
        cn1_0.gio_mo_cua,
        cn1_0.id_quan_ly,
        cn1_0.loai,
        cn1_0.loai_chi_nhanh,
        cn1_0.ma_chi_nhanh,
        cn1_0.ngay_cap_nhat,
        cn1_0.ngay_khai_truong,
        cn1_0.ngay_tao,
        cn1_0.nguoi_cap_nhat,
        cn1_0.nguoi_tao,
        cn1_0.quan_huyen,
        cn1_0.so_dien_thoai,
        cn1_0.ten_chi_nhanh,
        cn1_0.ten_quan_ly,
        cn1_0.tinh_thanh,
        cn1_0.trang_thai,
        cn1_0.vung_mien 
    from
        chi_nhanh cn1_0 
    where
        cn1_0.id=?
Hibernate: 
    select
        cn1_0.id,
        cn1_0.dang_hoat_dong,
        cn1_0.dia_chi,
        cn1_0.dia_chi_chi_tiet,
        cn1_0.dien_tich_m2,
        cn1_0.doanh_thu_thang,
        cn1_0.gio_mo_cua,
        cn1_0.id_quan_ly,
        cn1_0.loai,
        cn1_0.loai_chi_nhanh,
        cn1_0.ma_chi_nhanh,
        cn1_0.ngay_cap_nhat,
        cn1_0.ngay_khai_truong,
        cn1_0.ngay_tao,
        cn1_0.nguoi_cap_nhat,
        cn1_0.nguoi_tao,
        cn1_0.quan_huyen,
        cn1_0.so_dien_thoai,
        cn1_0.ten_chi_nhanh,
        cn1_0.ten_quan_ly,
        cn1_0.tinh_thanh,
        cn1_0.trang_thai,
        cn1_0.vung_mien 
    from
        chi_nhanh cn1_0 
    where
        cn1_0.id=?
2026-09-09T03:26:35.061+07:00 DEBUG 6752 --- [cuahangtienloi] [nio-8080-exec-7] org.hibernate.SQL                        : 
    select
        sp1_0.id,
        sp1_0.dang_hoat_dong,
        sp1_0.de_hong,
        sp1_0.don_vi,
        sp1_0.gia_ban,
        sp1_0.gia_von,
        sp1_0.han_su_dung_ngay,
        sp1_0.id_danh_muc,
        sp1_0.id_nha_cung_cap,
        sp1_0.image_url,
        sp1_0.ma_vach,
        sp1_0.mo_ta,
        sp1_0.ngay_cap_nhat,
        sp1_0.ngay_tao,
        sp1_0.sku,
        sp1_0.ten_san_pham,
        sp1_0.ton_toi_da,
        sp1_0.ton_toi_thieu,
        sp1_0.vat_phantram 
    from
        san_pham sp1_0 
    where
        sp1_0.id=?
Hibernate: 
    select
        sp1_0.id,
        sp1_0.dang_hoat_dong,
        sp1_0.de_hong,
        sp1_0.don_vi,
        sp1_0.gia_ban,
        sp1_0.gia_von,
        sp1_0.han_su_dung_ngay,
        sp1_0.id_danh_muc,
        sp1_0.id_nha_cung_cap,
        sp1_0.image_url,
        sp1_0.ma_vach,
        sp1_0.mo_ta,
        sp1_0.ngay_cap_nhat,
        sp1_0.ngay_tao,
        sp1_0.sku,
        sp1_0.ten_san_pham,
        sp1_0.ton_toi_da,
        sp1_0.ton_toi_thieu,
        sp1_0.vat_phantram 
    from
        san_pham sp1_0 
    where
        sp1_0.id=?
2026-09-09T03:26:35.171+07:00 DEBUG 6752 --- [cuahangtienloi] [nio-8080-exec-7] org.hibernate.SQL                        : 
    select
        cn1_0.id,
        cn1_0.dang_hoat_dong,
        cn1_0.dia_chi,
        cn1_0.dia_chi_chi_tiet,
        cn1_0.dien_tich_m2,
        cn1_0.doanh_thu_thang,
        cn1_0.gio_mo_cua,
        cn1_0.id_quan_ly,
        cn1_0.loai,
        cn1_0.loai_chi_nhanh,
        cn1_0.ma_chi_nhanh,
        cn1_0.ngay_cap_nhat,
        cn1_0.ngay_khai_truong,
        cn1_0.ngay_tao,
        cn1_0.nguoi_cap_nhat,
        cn1_0.nguoi_tao,
        cn1_0.quan_huyen,
        cn1_0.so_dien_thoai,
        cn1_0.ten_chi_nhanh,
        cn1_0.ten_quan_ly,
        cn1_0.tinh_thanh,
        cn1_0.trang_thai,
        cn1_0.vung_mien 
    from
        chi_nhanh cn1_0 
    where
        cn1_0.id=?
Hibernate: 
    select
        cn1_0.id,
        cn1_0.dang_hoat_dong,
        cn1_0.dia_chi,
        cn1_0.dia_chi_chi_tiet,
        cn1_0.dien_tich_m2,
        cn1_0.doanh_thu_thang,
        cn1_0.gio_mo_cua,
        cn1_0.id_quan_ly,
        cn1_0.loai,
        cn1_0.loai_chi_nhanh,
        cn1_0.ma_chi_nhanh,
        cn1_0.ngay_cap_nhat,
        cn1_0.ngay_khai_truong,
        cn1_0.ngay_tao,
        cn1_0.nguoi_cap_nhat,
        cn1_0.nguoi_tao,
        cn1_0.quan_huyen,
        cn1_0.so_dien_thoai,
        cn1_0.ten_chi_nhanh,
        cn1_0.ten_quan_ly,
        cn1_0.tinh_thanh,
        cn1_0.trang_thai,
        cn1_0.vung_mien 
    from
        chi_nhanh cn1_0 
    where
        cn1_0.id=?
2026-09-09T03:26:35.282+07:00 DEBUG 6752 --- [cuahangtienloi] [nio-8080-exec-7] org.hibernate.SQL                        : 
    select
        sp1_0.id,
        sp1_0.dang_hoat_dong,
        sp1_0.de_hong,
        sp1_0.don_vi,
        sp1_0.gia_ban,
        sp1_0.gia_von,
        sp1_0.han_su_dung_ngay,
        sp1_0.id_danh_muc,
        sp1_0.id_nha_cung_cap,
        sp1_0.image_url,
        sp1_0.ma_vach,
        sp1_0.mo_ta,
        sp1_0.ngay_cap_nhat,
        sp1_0.ngay_tao,
        sp1_0.sku,
        sp1_0.ten_san_pham,
        sp1_0.ton_toi_da,
        sp1_0.ton_toi_thieu,
        sp1_0.vat_phantram 
    from
        san_pham sp1_0 
    where
        sp1_0.id=?
Hibernate: 
    select
        sp1_0.id,
        sp1_0.dang_hoat_dong,
        sp1_0.de_hong,
        sp1_0.don_vi,
        sp1_0.gia_ban,
        sp1_0.gia_von,
        sp1_0.han_su_dung_ngay,
        sp1_0.id_danh_muc,
        sp1_0.id_nha_cung_cap,
        sp1_0.image_url,
        sp1_0.ma_vach,
        sp1_0.mo_ta,
        sp1_0.ngay_cap_nhat,
        sp1_0.ngay_tao,
        sp1_0.sku,
        sp1_0.ten_san_pham,
        sp1_0.ton_toi_da,
        sp1_0.ton_toi_thieu,
        sp1_0.vat_phantram 
    from
        san_pham sp1_0 
    where
        sp1_0.id=?
2026-09-09T03:26:35.395+07:00 DEBUG 6752 --- [cuahangtienloi] [nio-8080-exec-7] org.hibernate.SQL                        : 
    select
        cn1_0.id,
        cn1_0.dang_hoat_dong,
        cn1_0.dia_chi,
        cn1_0.dia_chi_chi_tiet,
        cn1_0.dien_tich_m2,
        cn1_0.doanh_thu_thang,
        cn1_0.gio_mo_cua,
        cn1_0.id_quan_ly,
        cn1_0.loai,
        cn1_0.loai_chi_nhanh,
        cn1_0.ma_chi_nhanh,
        cn1_0.ngay_cap_nhat,
        cn1_0.ngay_khai_truong,
        cn1_0.ngay_tao,
        cn1_0.nguoi_cap_nhat,
        cn1_0.nguoi_tao,
        cn1_0.quan_huyen,
        cn1_0.so_dien_thoai,
        cn1_0.ten_chi_nhanh,
        cn1_0.ten_quan_ly,
        cn1_0.tinh_thanh,
        cn1_0.trang_thai,
        cn1_0.vung_mien 
    from
        chi_nhanh cn1_0 
    where
        cn1_0.id=?
Hibernate: 
    select
        cn1_0.id,
        cn1_0.dang_hoat_dong,
        cn1_0.dia_chi,
        cn1_0.dia_chi_chi_tiet,
        cn1_0.dien_tich_m2,
        cn1_0.doanh_thu_thang,
        cn1_0.gio_mo_cua,
        cn1_0.id_quan_ly,
        cn1_0.loai,
        cn1_0.loai_chi_nhanh,
        cn1_0.ma_chi_nhanh,
        cn1_0.ngay_cap_nhat,
        cn1_0.ngay_khai_truong,
        cn1_0.ngay_tao,
        cn1_0.nguoi_cap_nhat,
        cn1_0.nguoi_tao,
        cn1_0.quan_huyen,
        cn1_0.so_dien_thoai,
        cn1_0.ten_chi_nhanh,
        cn1_0.ten_quan_ly,
        cn1_0.tinh_thanh,
        cn1_0.trang_thai,
        cn1_0.vung_mien 
    from
        chi_nhanh cn1_0 
    where
        cn1_0.id=?
2026-09-09T03:26:35.506+07:00 DEBUG 6752 --- [cuahangtienloi] [nio-8080-exec-7] org.hibernate.SQL                        : 
    select
        sp1_0.id,
        sp1_0.dang_hoat_dong,
        sp1_0.de_hong,
        sp1_0.don_vi,
        sp1_0.gia_ban,
        sp1_0.gia_von,
        sp1_0.han_su_dung_ngay,
        sp1_0.id_danh_muc,
        sp1_0.id_nha_cung_cap,
        sp1_0.image_url,
        sp1_0.ma_vach,
        sp1_0.mo_ta,
        sp1_0.ngay_cap_nhat,
        sp1_0.ngay_tao,
        sp1_0.sku,
        sp1_0.ten_san_pham,
        sp1_0.ton_toi_da,
        sp1_0.ton_toi_thieu,
        sp1_0.vat_phantram 
    from
        san_pham sp1_0 
    where
        sp1_0.id=?
Hibernate: 
    select
        sp1_0.id,
        sp1_0.dang_hoat_dong,
        sp1_0.de_hong,
        sp1_0.don_vi,
        sp1_0.gia_ban,
        sp1_0.gia_von,
        sp1_0.han_su_dung_ngay,
        sp1_0.id_danh_muc,
        sp1_0.id_nha_cung_cap,
        sp1_0.image_url,
        sp1_0.ma_vach,
        sp1_0.mo_ta,
        sp1_0.ngay_cap_nhat,
        sp1_0.ngay_tao,
        sp1_0.sku,
        sp1_0.ten_san_pham,
        sp1_0.ton_toi_da,
        sp1_0.ton_toi_thieu,
        sp1_0.vat_phantram 
    from
        san_pham sp1_0 
    where
        sp1_0.id=?
2026-09-09T03:26:35.616+07:00 DEBUG 6752 --- [cuahangtienloi] [nio-8080-exec-7] org.hibernate.SQL                        : 
    select
        cn1_0.id,
        cn1_0.dang_hoat_dong,
        cn1_0.dia_chi,
        cn1_0.dia_chi_chi_tiet,
        cn1_0.dien_tich_m2,
        cn1_0.doanh_thu_thang,
        cn1_0.gio_mo_cua,
        cn1_0.id_quan_ly,
        cn1_0.loai,
        cn1_0.loai_chi_nhanh,
        cn1_0.ma_chi_nhanh,
        cn1_0.ngay_cap_nhat,
        cn1_0.ngay_khai_truong,
        cn1_0.ngay_tao,
        cn1_0.nguoi_cap_nhat,
        cn1_0.nguoi_tao,
        cn1_0.quan_huyen,
        cn1_0.so_dien_thoai,
        cn1_0.ten_chi_nhanh,
        cn1_0.ten_quan_ly,
        cn1_0.tinh_thanh,
        cn1_0.trang_thai,
        cn1_0.vung_mien 
    from
        chi_nhanh cn1_0 
    where
        cn1_0.id=?
Hibernate: 
    select
        cn1_0.id,
        cn1_0.dang_hoat_dong,
        cn1_0.dia_chi,
        cn1_0.dia_chi_chi_tiet,
        cn1_0.dien_tich_m2,
        cn1_0.doanh_thu_thang,
        cn1_0.gio_mo_cua,
        cn1_0.id_quan_ly,
        cn1_0.loai,
        cn1_0.loai_chi_nhanh,
        cn1_0.ma_chi_nhanh,
        cn1_0.ngay_cap_nhat,
        cn1_0.ngay_khai_truong,
        cn1_0.ngay_tao,
        cn1_0.nguoi_cap_nhat,
        cn1_0.nguoi_tao,
        cn1_0.quan_huyen,
        cn1_0.so_dien_thoai,
        cn1_0.ten_chi_nhanh,
        cn1_0.ten_quan_ly,
        cn1_0.tinh_thanh,
        cn1_0.trang_thai,
        cn1_0.vung_mien 
    from
        chi_nhanh cn1_0 
    where
        cn1_0.id=?
2026-09-09T03:26:35.736+07:00 DEBUG 6752 --- [cuahangtienloi] [nio-8080-exec-8] org.hibernate.SQL                        : 
    select
        pn1_0.id,
        pn1_0.cong_no,
        pn1_0.da_thanh_toan,
        pn1_0.ghi_chu,
        pn1_0.giam_gia,
        pn1_0.grand_total,
        pn1_0.id_chi_nhanh,
        pn1_0.id_ncc,
        pn1_0.id_nguoi_nhap,
        pn1_0.ma_phieu,
        pn1_0.ngay_cap_nhat,
        pn1_0.ngay_dat_hang,
        pn1_0.ngay_du_kien_giao,
        pn1_0.ngay_nhan_thuc_te,
        pn1_0.ngay_tao,
        pn1_0.sub_total,
        pn1_0.trang_thai,
        pn1_0.vat_total 
    from
        phieu_nhap pn1_0 
    where
        pn1_0.id=?
Hibernate: 
    select
        pn1_0.id,
        pn1_0.cong_no,
        pn1_0.da_thanh_toan,
        pn1_0.ghi_chu,
        pn1_0.giam_gia,
        pn1_0.grand_total,
        pn1_0.id_chi_nhanh,
        pn1_0.id_ncc,
        pn1_0.id_nguoi_nhap,
        pn1_0.ma_phieu,
        pn1_0.ngay_cap_nhat,
        pn1_0.ngay_dat_hang,
        pn1_0.ngay_du_kien_giao,
        pn1_0.ngay_nhan_thuc_te,
        pn1_0.ngay_tao,
        pn1_0.sub_total,
        pn1_0.trang_thai,
        pn1_0.vat_total 
    from
        phieu_nhap pn1_0 
    where
        pn1_0.id=?
2026-09-09T03:26:35.800+07:00 DEBUG 6752 --- [cuahangtienloi] [nio-8080-exec-8] org.hibernate.SQL                        : 
    select
        ctpn1_0.id,
        ctpn1_0.don_gia_nhap,
        ctpn1_0.han_su_dung,
        ctpn1_0.id_phieu_nhap,
        ctpn1_0.id_san_pham,
        ctpn1_0.ngay_tao,
        ctpn1_0.so_luong_dat,
        ctpn1_0.so_luong_nhan,
        ctpn1_0.thanh_tien,
        ctpn1_0.thu_tu,
        ctpn1_0.vat_phantram 
    from
        chi_tiet_phieu_nhap ctpn1_0 
    where
        ctpn1_0.id_phieu_nhap=?
Hibernate: 
    select
        ctpn1_0.id,
        ctpn1_0.don_gia_nhap,
        ctpn1_0.han_su_dung,
        ctpn1_0.id_phieu_nhap,
        ctpn1_0.id_san_pham,
        ctpn1_0.ngay_tao,
        ctpn1_0.so_luong_dat,
        ctpn1_0.so_luong_nhan,
        ctpn1_0.thanh_tien,
        ctpn1_0.thu_tu,
        ctpn1_0.vat_phantram 
    from
        chi_tiet_phieu_nhap ctpn1_0 
    where
        ctpn1_0.id_phieu_nhap=?
2026-09-09T03:26:36.027+07:00 DEBUG 6752 --- [cuahangtienloi] [nio-8080-exec-8] org.hibernate.SQL                        : 
    select
        pn1_0.id,
        pn1_0.cong_no,
        pn1_0.da_thanh_toan,
        pn1_0.ghi_chu,
        pn1_0.giam_gia,
        pn1_0.grand_total,
        pn1_0.id_chi_nhanh,
        pn1_0.id_ncc,
        pn1_0.id_nguoi_nhap,
        pn1_0.ma_phieu,
        pn1_0.ngay_cap_nhat,
        pn1_0.ngay_dat_hang,
        pn1_0.ngay_du_kien_giao,
        pn1_0.ngay_nhan_thuc_te,
        pn1_0.ngay_tao,
        pn1_0.sub_total,
        pn1_0.trang_thai,
        pn1_0.vat_total 
    from
        phieu_nhap pn1_0 
    where
        pn1_0.id=?
Hibernate: 
    select
        pn1_0.id,
        pn1_0.cong_no,
        pn1_0.da_thanh_toan,
        pn1_0.ghi_chu,
        pn1_0.giam_gia,
        pn1_0.grand_total,
        pn1_0.id_chi_nhanh,
        pn1_0.id_ncc,
        pn1_0.id_nguoi_nhap,
        pn1_0.ma_phieu,
        pn1_0.ngay_cap_nhat,
        pn1_0.ngay_dat_hang,
        pn1_0.ngay_du_kien_giao,
        pn1_0.ngay_nhan_thuc_te,
        pn1_0.ngay_tao,
        pn1_0.sub_total,
        pn1_0.trang_thai,
        pn1_0.vat_total 
    from
        phieu_nhap pn1_0 
    where
        pn1_0.id=?
2026-09-09T03:26:36.086+07:00 DEBUG 6752 --- [cuahangtienloi] [nio-8080-exec-8] org.hibernate.SQL                        : 
    select
        cn1_0.id,
        cn1_0.dang_hoat_dong,
        cn1_0.dia_chi,
        cn1_0.dia_chi_chi_tiet,
        cn1_0.dien_tich_m2,
        cn1_0.doanh_thu_thang,
        cn1_0.gio_mo_cua,
        cn1_0.id_quan_ly,
        cn1_0.loai,
        cn1_0.loai_chi_nhanh,
        cn1_0.ma_chi_nhanh,
        cn1_0.ngay_cap_nhat,
        cn1_0.ngay_khai_truong,
        cn1_0.ngay_tao,
        cn1_0.nguoi_cap_nhat,
        cn1_0.nguoi_tao,
        cn1_0.quan_huyen,
        cn1_0.so_dien_thoai,
        cn1_0.ten_chi_nhanh,
        cn1_0.ten_quan_ly,
        cn1_0.tinh_thanh,
        cn1_0.trang_thai,
        cn1_0.vung_mien 
    from
        chi_nhanh cn1_0 
    where
        cn1_0.id=?
Hibernate: 
    select
        cn1_0.id,
        cn1_0.dang_hoat_dong,
        cn1_0.dia_chi,
        cn1_0.dia_chi_chi_tiet,
        cn1_0.dien_tich_m2,
        cn1_0.doanh_thu_thang,
        cn1_0.gio_mo_cua,
        cn1_0.id_quan_ly,
        cn1_0.loai,
        cn1_0.loai_chi_nhanh,
        cn1_0.ma_chi_nhanh,
        cn1_0.ngay_cap_nhat,
        cn1_0.ngay_khai_truong,
        cn1_0.ngay_tao,
        cn1_0.nguoi_cap_nhat,
        cn1_0.nguoi_tao,
        cn1_0.quan_huyen,
        cn1_0.so_dien_thoai,
        cn1_0.ten_chi_nhanh,
        cn1_0.ten_quan_ly,
        cn1_0.tinh_thanh,
        cn1_0.trang_thai,
        cn1_0.vung_mien 
    from
        chi_nhanh cn1_0 
    where
        cn1_0.id=?
2026-09-09T03:26:36.142+07:00 DEBUG 6752 --- [cuahangtienloi] [nio-8080-exec-8] org.hibernate.SQL                        : 
    select
        ncc1_0.id,
        ncc1_0.chuc_danh_lien_he,
        ncc1_0.dang_hoat_dong,
        ncc1_0.dia_chi,
        ncc1_0.dieu_khoan_thanh_toan,
        ncc1_0.email,
        ncc1_0.ghi_chu,
        ncc1_0.ma_ncc,
        ncc1_0.ma_so_thue,
        ncc1_0.ngay_cap_nhat,
        ncc1_0.ngay_tao,
        ncc1_0.nguoi_lien_he,
        ncc1_0.sdt_lien_he,
        ncc1_0.so_dien_thoai,
        ncc1_0.so_ngay_duoc_no,
        ncc1_0.ten_ncc,
        ncc1_0.tong_cong_no,
        ncc1_0.tong_don_hang 
    from
        nha_cung_cap ncc1_0 
    where
        ncc1_0.id=?
Hibernate: 
    select
        ncc1_0.id,
        ncc1_0.chuc_danh_lien_he,
        ncc1_0.dang_hoat_dong,
        ncc1_0.dia_chi,
        ncc1_0.dieu_khoan_thanh_toan,
        ncc1_0.email,
        ncc1_0.ghi_chu,
        ncc1_0.ma_ncc,
        ncc1_0.ma_so_thue,
        ncc1_0.ngay_cap_nhat,
        ncc1_0.ngay_tao,
        ncc1_0.nguoi_lien_he,
        ncc1_0.sdt_lien_he,
        ncc1_0.so_dien_thoai,
        ncc1_0.so_ngay_duoc_no,
        ncc1_0.ten_ncc,
        ncc1_0.tong_cong_no,
        ncc1_0.tong_don_hang 
    from
        nha_cung_cap ncc1_0 
    where
        ncc1_0.id=?
2026-09-09T03:26:36.198+07:00 DEBUG 6752 --- [cuahangtienloi] [nio-8080-exec-8] org.hibernate.SQL                        : 
    select
        nv1_0.id,
        nv1_0.ca_mac_dinh,
        nv1_0.email,
        nv1_0.ho_ten,
        nv1_0.id_chi_nhanh,
        nv1_0.loai_hop_dong,
        nv1_0.luong_cung,
        nv1_0.luong_theo_gio,
        nv1_0.ma_nhan_vien,
        nv1_0.mat_khau,
        nv1_0.ngay_cap_nhat,
        nv1_0.ngay_tao,
        nv1_0.ngay_vao_lam,
        nv1_0.nguoi_cap_nhat,
        nv1_0.nguoi_tao,
        nv1_0.so_dien_thoai,
        nv1_0.so_tai_khoan,
        nv1_0.ten_dang_nhap,
        nv1_0.ten_ngan_hang,
        nv1_0.trang_thai,
        nv1_0.vai_tro,
        nv1_0.vi_tri 
    from
        nhan_vien nv1_0 
    where
        nv1_0.id=?
Hibernate: 
    select
        nv1_0.id,
        nv1_0.ca_mac_dinh,
        nv1_0.email,
        nv1_0.ho_ten,
        nv1_0.id_chi_nhanh,
        nv1_0.loai_hop_dong,
        nv1_0.luong_cung,
        nv1_0.luong_theo_gio,
        nv1_0.ma_nhan_vien,
        nv1_0.mat_khau,
        nv1_0.ngay_cap_nhat,
        nv1_0.ngay_tao,
        nv1_0.ngay_vao_lam,
        nv1_0.nguoi_cap_nhat,
        nv1_0.nguoi_tao,
        nv1_0.so_dien_thoai,
        nv1_0.so_tai_khoan,
        nv1_0.ten_dang_nhap,
        nv1_0.ten_ngan_hang,
        nv1_0.trang_thai,
        nv1_0.vai_tro,
        nv1_0.vi_tri 
    from
        nhan_vien nv1_0 
    where
        nv1_0.id=?
2026-09-09T03:26:36.313+07:00 DEBUG 6752 --- [cuahangtienloi] [nio-8080-exec-9] org.hibernate.SQL                        : 
    select
        tk1_0.id_chi_nhanh,
        tk1_0.id_san_pham,
        tk1_0.gia_tri_ton,
        tk1_0.gia_von_trung_binh,
        tk1_0.han_su_dung_gan_nhat,
        tk1_0.lan_bien_dong_cuoi,
        tk1_0.ngay_cap_nhat,
        tk1_0.ngay_tao,
        tk1_0.so_luong_ton,
        tk1_0.ton_toi_da,
        tk1_0.ton_toi_thieu 
    from
        ton_kho tk1_0
Hibernate: 
    select
        tk1_0.id_chi_nhanh,
        tk1_0.id_san_pham,
        tk1_0.gia_tri_ton,
        tk1_0.gia_von_trung_binh,
        tk1_0.han_su_dung_gan_nhat,
        tk1_0.lan_bien_dong_cuoi,
        tk1_0.ngay_cap_nhat,
        tk1_0.ngay_tao,
        tk1_0.so_luong_ton,
        tk1_0.ton_toi_da,
        tk1_0.ton_toi_thieu 
    from
        ton_kho tk1_0
2026-09-09T03:26:36.425+07:00 DEBUG 6752 --- [cuahangtienloi] [nio-8080-exec-9] org.hibernate.SQL                        : 
    select
        sp1_0.id,
        sp1_0.dang_hoat_dong,
        sp1_0.de_hong,
        sp1_0.don_vi,
        sp1_0.gia_ban,
        sp1_0.gia_von,
        sp1_0.han_su_dung_ngay,
        sp1_0.id_danh_muc,
        sp1_0.id_nha_cung_cap,
        sp1_0.image_url,
        sp1_0.ma_vach,
        sp1_0.mo_ta,
        sp1_0.ngay_cap_nhat,
        sp1_0.ngay_tao,
        sp1_0.sku,
        sp1_0.ten_san_pham,
        sp1_0.ton_toi_da,
        sp1_0.ton_toi_thieu,
        sp1_0.vat_phantram 
    from
        san_pham sp1_0 
    where
        sp1_0.id=?
Hibernate: 
    select
        sp1_0.id,
        sp1_0.dang_hoat_dong,
        sp1_0.de_hong,
        sp1_0.don_vi,
        sp1_0.gia_ban,
        sp1_0.gia_von,
        sp1_0.han_su_dung_ngay,
        sp1_0.id_danh_muc,
        sp1_0.id_nha_cung_cap,
        sp1_0.image_url,
        sp1_0.ma_vach,
        sp1_0.mo_ta,
        sp1_0.ngay_cap_nhat,
        sp1_0.ngay_tao,
        sp1_0.sku,
        sp1_0.ten_san_pham,
        sp1_0.ton_toi_da,
        sp1_0.ton_toi_thieu,
        sp1_0.vat_phantram 
    from
        san_pham sp1_0 
    where
        sp1_0.id=?
2026-09-09T03:26:36.535+07:00 DEBUG 6752 --- [cuahangtienloi] [nio-8080-exec-9] org.hibernate.SQL                        : 
    select
        cn1_0.id,
        cn1_0.dang_hoat_dong,
        cn1_0.dia_chi,
        cn1_0.dia_chi_chi_tiet,
        cn1_0.dien_tich_m2,
        cn1_0.doanh_thu_thang,
        cn1_0.gio_mo_cua,
        cn1_0.id_quan_ly,
        cn1_0.loai,
        cn1_0.loai_chi_nhanh,
        cn1_0.ma_chi_nhanh,
        cn1_0.ngay_cap_nhat,
        cn1_0.ngay_khai_truong,
        cn1_0.ngay_tao,
        cn1_0.nguoi_cap_nhat,
        cn1_0.nguoi_tao,
        cn1_0.quan_huyen,
        cn1_0.so_dien_thoai,
        cn1_0.ten_chi_nhanh,
        cn1_0.ten_quan_ly,
        cn1_0.tinh_thanh,
        cn1_0.trang_thai,
        cn1_0.vung_mien 
    from
        chi_nhanh cn1_0 
    where
        cn1_0.id=?
Hibernate: 
    select
        cn1_0.id,
        cn1_0.dang_hoat_dong,
        cn1_0.dia_chi,
        cn1_0.dia_chi_chi_tiet,
        cn1_0.dien_tich_m2,
        cn1_0.doanh_thu_thang,
        cn1_0.gio_mo_cua,
        cn1_0.id_quan_ly,
        cn1_0.loai,
        cn1_0.loai_chi_nhanh,
        cn1_0.ma_chi_nhanh,
        cn1_0.ngay_cap_nhat,
        cn1_0.ngay_khai_truong,
        cn1_0.ngay_tao,
        cn1_0.nguoi_cap_nhat,
        cn1_0.nguoi_tao,
        cn1_0.quan_huyen,
        cn1_0.so_dien_thoai,
        cn1_0.ten_chi_nhanh,
        cn1_0.ten_quan_ly,
        cn1_0.tinh_thanh,
        cn1_0.trang_thai,
        cn1_0.vung_mien 
    from
        chi_nhanh cn1_0 
    where
        cn1_0.id=?
2026-09-09T03:26:36.646+07:00 DEBUG 6752 --- [cuahangtienloi] [nio-8080-exec-9] org.hibernate.SQL                        : 
    select
        sp1_0.id,
        sp1_0.dang_hoat_dong,
        sp1_0.de_hong,
        sp1_0.don_vi,
        sp1_0.gia_ban,
        sp1_0.gia_von,
        sp1_0.han_su_dung_ngay,
        sp1_0.id_danh_muc,
        sp1_0.id_nha_cung_cap,
        sp1_0.image_url,
        sp1_0.ma_vach,
        sp1_0.mo_ta,
        sp1_0.ngay_cap_nhat,
        sp1_0.ngay_tao,
        sp1_0.sku,
        sp1_0.ten_san_pham,
        sp1_0.ton_toi_da,
        sp1_0.ton_toi_thieu,
        sp1_0.vat_phantram 
    from
        san_pham sp1_0 
    where
        sp1_0.id=?
Hibernate: 
    select
        sp1_0.id,
        sp1_0.dang_hoat_dong,
        sp1_0.de_hong,
        sp1_0.don_vi,
        sp1_0.gia_ban,
        sp1_0.gia_von,
        sp1_0.han_su_dung_ngay,
        sp1_0.id_danh_muc,
        sp1_0.id_nha_cung_cap,
        sp1_0.image_url,
        sp1_0.ma_vach,
        sp1_0.mo_ta,
        sp1_0.ngay_cap_nhat,
        sp1_0.ngay_tao,
        sp1_0.sku,
        sp1_0.ten_san_pham,
        sp1_0.ton_toi_da,
        sp1_0.ton_toi_thieu,
        sp1_0.vat_phantram 
    from
        san_pham sp1_0 
    where
        sp1_0.id=?
2026-09-09T03:26:36.756+07:00 DEBUG 6752 --- [cuahangtienloi] [nio-8080-exec-9] org.hibernate.SQL                        : 
    select
        cn1_0.id,
        cn1_0.dang_hoat_dong,
        cn1_0.dia_chi,
        cn1_0.dia_chi_chi_tiet,
        cn1_0.dien_tich_m2,
        cn1_0.doanh_thu_thang,
        cn1_0.gio_mo_cua,
        cn1_0.id_quan_ly,
        cn1_0.loai,
        cn1_0.loai_chi_nhanh,
        cn1_0.ma_chi_nhanh,
        cn1_0.ngay_cap_nhat,
        cn1_0.ngay_khai_truong,
        cn1_0.ngay_tao,
        cn1_0.nguoi_cap_nhat,
        cn1_0.nguoi_tao,
        cn1_0.quan_huyen,
        cn1_0.so_dien_thoai,
        cn1_0.ten_chi_nhanh,
        cn1_0.ten_quan_ly,
        cn1_0.tinh_thanh,
        cn1_0.trang_thai,
        cn1_0.vung_mien 
    from
        chi_nhanh cn1_0 
    where
        cn1_0.id=?
Hibernate: 
    select
        cn1_0.id,
        cn1_0.dang_hoat_dong,
        cn1_0.dia_chi,
        cn1_0.dia_chi_chi_tiet,
        cn1_0.dien_tich_m2,
        cn1_0.doanh_thu_thang,
        cn1_0.gio_mo_cua,
        cn1_0.id_quan_ly,
        cn1_0.loai,
        cn1_0.loai_chi_nhanh,
        cn1_0.ma_chi_nhanh,
        cn1_0.ngay_cap_nhat,
        cn1_0.ngay_khai_truong,
        cn1_0.ngay_tao,
        cn1_0.nguoi_cap_nhat,
        cn1_0.nguoi_tao,
        cn1_0.quan_huyen,
        cn1_0.so_dien_thoai,
        cn1_0.ten_chi_nhanh,
        cn1_0.ten_quan_ly,
        cn1_0.tinh_thanh,
        cn1_0.trang_thai,
        cn1_0.vung_mien 
    from
        chi_nhanh cn1_0 
    where
        cn1_0.id=?
2026-09-09T03:26:36.867+07:00 DEBUG 6752 --- [cuahangtienloi] [nio-8080-exec-9] org.hibernate.SQL                        : 
    select
        sp1_0.id,
        sp1_0.dang_hoat_dong,
        sp1_0.de_hong,
        sp1_0.don_vi,
        sp1_0.gia_ban,
        sp1_0.gia_von,
        sp1_0.han_su_dung_ngay,
        sp1_0.id_danh_muc,
        sp1_0.id_nha_cung_cap,
        sp1_0.image_url,
        sp1_0.ma_vach,
        sp1_0.mo_ta,
        sp1_0.ngay_cap_nhat,
        sp1_0.ngay_tao,
        sp1_0.sku,
        sp1_0.ten_san_pham,
        sp1_0.ton_toi_da,
        sp1_0.ton_toi_thieu,
        sp1_0.vat_phantram 
    from
        san_pham sp1_0 
    where
        sp1_0.id=?
Hibernate: 
    select
        sp1_0.id,
        sp1_0.dang_hoat_dong,
        sp1_0.de_hong,
        sp1_0.don_vi,
        sp1_0.gia_ban,
        sp1_0.gia_von,
        sp1_0.han_su_dung_ngay,
        sp1_0.id_danh_muc,
        sp1_0.id_nha_cung_cap,
        sp1_0.image_url,
        sp1_0.ma_vach,
        sp1_0.mo_ta,
        sp1_0.ngay_cap_nhat,
        sp1_0.ngay_tao,
        sp1_0.sku,
        sp1_0.ten_san_pham,
        sp1_0.ton_toi_da,
        sp1_0.ton_toi_thieu,
        sp1_0.vat_phantram 
    from
        san_pham sp1_0 
    where
        sp1_0.id=?
2026-09-09T03:26:36.980+07:00 DEBUG 6752 --- [cuahangtienloi] [nio-8080-exec-9] org.hibernate.SQL                        : 
    select
        cn1_0.id,
        cn1_0.dang_hoat_dong,
        cn1_0.dia_chi,
        cn1_0.dia_chi_chi_tiet,
        cn1_0.dien_tich_m2,
        cn1_0.doanh_thu_thang,
        cn1_0.gio_mo_cua,
        cn1_0.id_quan_ly,
        cn1_0.loai,
        cn1_0.loai_chi_nhanh,
        cn1_0.ma_chi_nhanh,
        cn1_0.ngay_cap_nhat,
        cn1_0.ngay_khai_truong,
        cn1_0.ngay_tao,
        cn1_0.nguoi_cap_nhat,
        cn1_0.nguoi_tao,
        cn1_0.quan_huyen,
        cn1_0.so_dien_thoai,
        cn1_0.ten_chi_nhanh,
        cn1_0.ten_quan_ly,
        cn1_0.tinh_thanh,
        cn1_0.trang_thai,
        cn1_0.vung_mien 
    from
        chi_nhanh cn1_0 
    where
        cn1_0.id=?
Hibernate: 
    select
        cn1_0.id,
        cn1_0.dang_hoat_dong,
        cn1_0.dia_chi,
        cn1_0.dia_chi_chi_tiet,
        cn1_0.dien_tich_m2,
        cn1_0.doanh_thu_thang,
        cn1_0.gio_mo_cua,
        cn1_0.id_quan_ly,
        cn1_0.loai,
        cn1_0.loai_chi_nhanh,
        cn1_0.ma_chi_nhanh,
        cn1_0.ngay_cap_nhat,
        cn1_0.ngay_khai_truong,
        cn1_0.ngay_tao,
        cn1_0.nguoi_cap_nhat,
        cn1_0.nguoi_tao,
        cn1_0.quan_huyen,
        cn1_0.so_dien_thoai,
        cn1_0.ten_chi_nhanh,
        cn1_0.ten_quan_ly,
        cn1_0.tinh_thanh,
        cn1_0.trang_thai,
        cn1_0.vung_mien 
    from
        chi_nhanh cn1_0 
    where
        cn1_0.id=?
2026-09-09T03:26:37.128+07:00 DEBUG 6752 --- [cuahangtienloi] [nio-8080-exec-9] org.hibernate.SQL                        : 
    select
        sp1_0.id,
        sp1_0.dang_hoat_dong,
        sp1_0.de_hong,
        sp1_0.don_vi,
        sp1_0.gia_ban,
        sp1_0.gia_von,
        sp1_0.han_su_dung_ngay,
        sp1_0.id_danh_muc,
        sp1_0.id_nha_cung_cap,
        sp1_0.image_url,
        sp1_0.ma_vach,
        sp1_0.mo_ta,
        sp1_0.ngay_cap_nhat,
        sp1_0.ngay_tao,
        sp1_0.sku,
        sp1_0.ten_san_pham,
        sp1_0.ton_toi_da,
        sp1_0.ton_toi_thieu,
        sp1_0.vat_phantram 
    from
        san_pham sp1_0 
    where
        sp1_0.id=?
Hibernate: 
    select
        sp1_0.id,
        sp1_0.dang_hoat_dong,
        sp1_0.de_hong,
        sp1_0.don_vi,
        sp1_0.gia_ban,
        sp1_0.gia_von,
        sp1_0.han_su_dung_ngay,
        sp1_0.id_danh_muc,
        sp1_0.id_nha_cung_cap,
        sp1_0.image_url,
        sp1_0.ma_vach,
        sp1_0.mo_ta,
        sp1_0.ngay_cap_nhat,
        sp1_0.ngay_tao,
        sp1_0.sku,
        sp1_0.ten_san_pham,
        sp1_0.ton_toi_da,
        sp1_0.ton_toi_thieu,
        sp1_0.vat_phantram 
    from
        san_pham sp1_0 
    where
        sp1_0.id=?
2026-09-09T03:26:37.282+07:00 DEBUG 6752 --- [cuahangtienloi] [nio-8080-exec-9] org.hibernate.SQL                        : 
    select
        cn1_0.id,
        cn1_0.dang_hoat_dong,
        cn1_0.dia_chi,
        cn1_0.dia_chi_chi_tiet,
        cn1_0.dien_tich_m2,
        cn1_0.doanh_thu_thang,
        cn1_0.gio_mo_cua,
        cn1_0.id_quan_ly,
        cn1_0.loai,
        cn1_0.loai_chi_nhanh,
        cn1_0.ma_chi_nhanh,
        cn1_0.ngay_cap_nhat,
        cn1_0.ngay_khai_truong,
        cn1_0.ngay_tao,
        cn1_0.nguoi_cap_nhat,
        cn1_0.nguoi_tao,
        cn1_0.quan_huyen,
        cn1_0.so_dien_thoai,
        cn1_0.ten_chi_nhanh,
        cn1_0.ten_quan_ly,
        cn1_0.tinh_thanh,
        cn1_0.trang_thai,
        cn1_0.vung_mien 
    from
        chi_nhanh cn1_0 
    where
        cn1_0.id=?
Hibernate: 
    select
        cn1_0.id,
        cn1_0.dang_hoat_dong,
        cn1_0.dia_chi,
        cn1_0.dia_chi_chi_tiet,
        cn1_0.dien_tich_m2,
        cn1_0.doanh_thu_thang,
        cn1_0.gio_mo_cua,
        cn1_0.id_quan_ly,
        cn1_0.loai,
        cn1_0.loai_chi_nhanh,
        cn1_0.ma_chi_nhanh,
        cn1_0.ngay_cap_nhat,
        cn1_0.ngay_khai_truong,
        cn1_0.ngay_tao,
        cn1_0.nguoi_cap_nhat,
        cn1_0.nguoi_tao,
        cn1_0.quan_huyen,
        cn1_0.so_dien_thoai,
        cn1_0.ten_chi_nhanh,
        cn1_0.ten_quan_ly,
        cn1_0.tinh_thanh,
        cn1_0.trang_thai,
        cn1_0.vung_mien 
    from
        chi_nhanh cn1_0 
    where
        cn1_0.id=?
2026-09-09T03:26:37.393+07:00 DEBUG 6752 --- [cuahangtienloi] [nio-8080-exec-9] org.hibernate.SQL                        : 
    select
        sp1_0.id,
        sp1_0.dang_hoat_dong,
        sp1_0.de_hong,
        sp1_0.don_vi,
        sp1_0.gia_ban,
        sp1_0.gia_von,
        sp1_0.han_su_dung_ngay,
        sp1_0.id_danh_muc,
        sp1_0.id_nha_cung_cap,
        sp1_0.image_url,
        sp1_0.ma_vach,
        sp1_0.mo_ta,
        sp1_0.ngay_cap_nhat,
        sp1_0.ngay_tao,
        sp1_0.sku,
        sp1_0.ten_san_pham,
        sp1_0.ton_toi_da,
        sp1_0.ton_toi_thieu,
        sp1_0.vat_phantram 
    from
        san_pham sp1_0 
    where
        sp1_0.id=?
Hibernate: 
    select
        sp1_0.id,
        sp1_0.dang_hoat_dong,
        sp1_0.de_hong,
        sp1_0.don_vi,
        sp1_0.gia_ban,
        sp1_0.gia_von,
        sp1_0.han_su_dung_ngay,
        sp1_0.id_danh_muc,
        sp1_0.id_nha_cung_cap,
        sp1_0.image_url,
        sp1_0.ma_vach,
        sp1_0.mo_ta,
        sp1_0.ngay_cap_nhat,
        sp1_0.ngay_tao,
        sp1_0.sku,
        sp1_0.ten_san_pham,
        sp1_0.ton_toi_da,
        sp1_0.ton_toi_thieu,
        sp1_0.vat_phantram 
    from
        san_pham sp1_0 
    where
        sp1_0.id=?
2026-09-09T03:26:37.504+07:00 DEBUG 6752 --- [cuahangtienloi] [nio-8080-exec-9] org.hibernate.SQL                        : 
    select
        cn1_0.id,
        cn1_0.dang_hoat_dong,
        cn1_0.dia_chi,
        cn1_0.dia_chi_chi_tiet,
        cn1_0.dien_tich_m2,
        cn1_0.doanh_thu_thang,
        cn1_0.gio_mo_cua,
        cn1_0.id_quan_ly,
        cn1_0.loai,
        cn1_0.loai_chi_nhanh,
        cn1_0.ma_chi_nhanh,
        cn1_0.ngay_cap_nhat,
        cn1_0.ngay_khai_truong,
        cn1_0.ngay_tao,
        cn1_0.nguoi_cap_nhat,
        cn1_0.nguoi_tao,
        cn1_0.quan_huyen,
        cn1_0.so_dien_thoai,
        cn1_0.ten_chi_nhanh,
        cn1_0.ten_quan_ly,
        cn1_0.tinh_thanh,
        cn1_0.trang_thai,
        cn1_0.vung_mien 
    from
        chi_nhanh cn1_0 
    where
        cn1_0.id=?
Hibernate: 
    select
        cn1_0.id,
        cn1_0.dang_hoat_dong,
        cn1_0.dia_chi,
        cn1_0.dia_chi_chi_tiet,
        cn1_0.dien_tich_m2,
        cn1_0.doanh_thu_thang,
        cn1_0.gio_mo_cua,
        cn1_0.id_quan_ly,
        cn1_0.loai,
        cn1_0.loai_chi_nhanh,
        cn1_0.ma_chi_nhanh,
        cn1_0.ngay_cap_nhat,
        cn1_0.ngay_khai_truong,
        cn1_0.ngay_tao,
        cn1_0.nguoi_cap_nhat,
        cn1_0.nguoi_tao,
        cn1_0.quan_huyen,
        cn1_0.so_dien_thoai,
        cn1_0.ten_chi_nhanh,
        cn1_0.ten_quan_ly,
        cn1_0.tinh_thanh,
        cn1_0.trang_thai,
        cn1_0.vung_mien 
    from
        chi_nhanh cn1_0 
    where
        cn1_0.id=?
2026-09-09T03:26:37.615+07:00 DEBUG 6752 --- [cuahangtienloi] [nio-8080-exec-9] org.hibernate.SQL                        : 
    select
        sp1_0.id,
        sp1_0.dang_hoat_dong,
        sp1_0.de_hong,
        sp1_0.don_vi,
        sp1_0.gia_ban,
        sp1_0.gia_von,
        sp1_0.han_su_dung_ngay,
        sp1_0.id_danh_muc,
        sp1_0.id_nha_cung_cap,
        sp1_0.image_url,
        sp1_0.ma_vach,
        sp1_0.mo_ta,
        sp1_0.ngay_cap_nhat,
        sp1_0.ngay_tao,
        sp1_0.sku,
        sp1_0.ten_san_pham,
        sp1_0.ton_toi_da,
        sp1_0.ton_toi_thieu,
        sp1_0.vat_phantram 
    from
        san_pham sp1_0 
    where
        sp1_0.id=?
Hibernate: 
    select
        sp1_0.id,
        sp1_0.dang_hoat_dong,
        sp1_0.de_hong,
        sp1_0.don_vi,
        sp1_0.gia_ban,
        sp1_0.gia_von,
        sp1_0.han_su_dung_ngay,
        sp1_0.id_danh_muc,
        sp1_0.id_nha_cung_cap,
        sp1_0.image_url,
        sp1_0.ma_vach,
        sp1_0.mo_ta,
        sp1_0.ngay_cap_nhat,
        sp1_0.ngay_tao,
        sp1_0.sku,
        sp1_0.ten_san_pham,
        sp1_0.ton_toi_da,
        sp1_0.ton_toi_thieu,
        sp1_0.vat_phantram 
    from
        san_pham sp1_0 
    where
        sp1_0.id=?
2026-09-09T03:26:37.725+07:00 DEBUG 6752 --- [cuahangtienloi] [nio-8080-exec-9] org.hibernate.SQL                        : 
    select
        cn1_0.id,
        cn1_0.dang_hoat_dong,
        cn1_0.dia_chi,
        cn1_0.dia_chi_chi_tiet,
        cn1_0.dien_tich_m2,
        cn1_0.doanh_thu_thang,
        cn1_0.gio_mo_cua,
        cn1_0.id_quan_ly,
        cn1_0.loai,
        cn1_0.loai_chi_nhanh,
        cn1_0.ma_chi_nhanh,
        cn1_0.ngay_cap_nhat,
        cn1_0.ngay_khai_truong,
        cn1_0.ngay_tao,
        cn1_0.nguoi_cap_nhat,
        cn1_0.nguoi_tao,
        cn1_0.quan_huyen,
        cn1_0.so_dien_thoai,
        cn1_0.ten_chi_nhanh,
        cn1_0.ten_quan_ly,
        cn1_0.tinh_thanh,
        cn1_0.trang_thai,
        cn1_0.vung_mien 
    from
        chi_nhanh cn1_0 
    where
        cn1_0.id=?
Hibernate: 
    select
        cn1_0.id,
        cn1_0.dang_hoat_dong,
        cn1_0.dia_chi,
        cn1_0.dia_chi_chi_tiet,
        cn1_0.dien_tich_m2,
        cn1_0.doanh_thu_thang,
        cn1_0.gio_mo_cua,
        cn1_0.id_quan_ly,
        cn1_0.loai,
        cn1_0.loai_chi_nhanh,
        cn1_0.ma_chi_nhanh,
        cn1_0.ngay_cap_nhat,
        cn1_0.ngay_khai_truong,
        cn1_0.ngay_tao,
        cn1_0.nguoi_cap_nhat,
        cn1_0.nguoi_tao,
        cn1_0.quan_huyen,
        cn1_0.so_dien_thoai,
        cn1_0.ten_chi_nhanh,
        cn1_0.ten_quan_ly,
        cn1_0.tinh_thanh,
        cn1_0.trang_thai,
        cn1_0.vung_mien 
    from
        chi_nhanh cn1_0 
    where
        cn1_0.id=?
2026-09-09T03:26:37.834+07:00 DEBUG 6752 --- [cuahangtienloi] [nio-8080-exec-9] org.hibernate.SQL                        : 
    select
        sp1_0.id,
        sp1_0.dang_hoat_dong,
        sp1_0.de_hong,
        sp1_0.don_vi,
        sp1_0.gia_ban,
        sp1_0.gia_von,
        sp1_0.han_su_dung_ngay,
        sp1_0.id_danh_muc,
        sp1_0.id_nha_cung_cap,
        sp1_0.image_url,
        sp1_0.ma_vach,
        sp1_0.mo_ta,
        sp1_0.ngay_cap_nhat,
        sp1_0.ngay_tao,
        sp1_0.sku,
        sp1_0.ten_san_pham,
        sp1_0.ton_toi_da,
        sp1_0.ton_toi_thieu,
        sp1_0.vat_phantram 
    from
        san_pham sp1_0 
    where
        sp1_0.id=?
Hibernate: 
    select
        sp1_0.id,
        sp1_0.dang_hoat_dong,
        sp1_0.de_hong,
        sp1_0.don_vi,
        sp1_0.gia_ban,
        sp1_0.gia_von,
        sp1_0.han_su_dung_ngay,
        sp1_0.id_danh_muc,
        sp1_0.id_nha_cung_cap,
        sp1_0.image_url,
        sp1_0.ma_vach,
        sp1_0.mo_ta,
        sp1_0.ngay_cap_nhat,
        sp1_0.ngay_tao,
        sp1_0.sku,
        sp1_0.ten_san_pham,
        sp1_0.ton_toi_da,
        sp1_0.ton_toi_thieu,
        sp1_0.vat_phantram 
    from
        san_pham sp1_0 
    where
        sp1_0.id=?
2026-09-09T03:26:37.944+07:00 DEBUG 6752 --- [cuahangtienloi] [nio-8080-exec-9] org.hibernate.SQL                        : 
    select
        cn1_0.id,
        cn1_0.dang_hoat_dong,
        cn1_0.dia_chi,
        cn1_0.dia_chi_chi_tiet,
        cn1_0.dien_tich_m2,
        cn1_0.doanh_thu_thang,
        cn1_0.gio_mo_cua,
        cn1_0.id_quan_ly,
        cn1_0.loai,
        cn1_0.loai_chi_nhanh,
        cn1_0.ma_chi_nhanh,
        cn1_0.ngay_cap_nhat,
        cn1_0.ngay_khai_truong,
        cn1_0.ngay_tao,
        cn1_0.nguoi_cap_nhat,
        cn1_0.nguoi_tao,
        cn1_0.quan_huyen,
        cn1_0.so_dien_thoai,
        cn1_0.ten_chi_nhanh,
        cn1_0.ten_quan_ly,
        cn1_0.tinh_thanh,
        cn1_0.trang_thai,
        cn1_0.vung_mien 
    from
        chi_nhanh cn1_0 
    where
        cn1_0.id=?
Hibernate: 
    select
        cn1_0.id,
        cn1_0.dang_hoat_dong,
        cn1_0.dia_chi,
        cn1_0.dia_chi_chi_tiet,
        cn1_0.dien_tich_m2,
        cn1_0.doanh_thu_thang,
        cn1_0.gio_mo_cua,
        cn1_0.id_quan_ly,
        cn1_0.loai,
        cn1_0.loai_chi_nhanh,
        cn1_0.ma_chi_nhanh,
        cn1_0.ngay_cap_nhat,
        cn1_0.ngay_khai_truong,
        cn1_0.ngay_tao,
        cn1_0.nguoi_cap_nhat,
        cn1_0.nguoi_tao,
        cn1_0.quan_huyen,
        cn1_0.so_dien_thoai,
        cn1_0.ten_chi_nhanh,
        cn1_0.ten_quan_ly,
        cn1_0.tinh_thanh,
        cn1_0.trang_thai,
        cn1_0.vung_mien 
    from
        chi_nhanh cn1_0 
    where
        cn1_0.id=?
2026-09-09T03:26:38.054+07:00 DEBUG 6752 --- [cuahangtienloi] [nio-8080-exec-9] org.hibernate.SQL                        : 
    select
        sp1_0.id,
        sp1_0.dang_hoat_dong,
        sp1_0.de_hong,
        sp1_0.don_vi,
        sp1_0.gia_ban,
        sp1_0.gia_von,
        sp1_0.han_su_dung_ngay,
        sp1_0.id_danh_muc,
        sp1_0.id_nha_cung_cap,
        sp1_0.image_url,
        sp1_0.ma_vach,
        sp1_0.mo_ta,
        sp1_0.ngay_cap_nhat,
        sp1_0.ngay_tao,
        sp1_0.sku,
        sp1_0.ten_san_pham,
        sp1_0.ton_toi_da,
        sp1_0.ton_toi_thieu,
        sp1_0.vat_phantram 
    from
        san_pham sp1_0 
    where
        sp1_0.id=?
Hibernate: 
    select
        sp1_0.id,
        sp1_0.dang_hoat_dong,
        sp1_0.de_hong,
        sp1_0.don_vi,
        sp1_0.gia_ban,
        sp1_0.gia_von,
        sp1_0.han_su_dung_ngay,
        sp1_0.id_danh_muc,
        sp1_0.id_nha_cung_cap,
        sp1_0.image_url,
        sp1_0.ma_vach,
        sp1_0.mo_ta,
        sp1_0.ngay_cap_nhat,
        sp1_0.ngay_tao,
        sp1_0.sku,
        sp1_0.ten_san_pham,
        sp1_0.ton_toi_da,
        sp1_0.ton_toi_thieu,
        sp1_0.vat_phantram 
    from
        san_pham sp1_0 
    where
        sp1_0.id=?
2026-09-09T03:26:38.164+07:00 DEBUG 6752 --- [cuahangtienloi] [nio-8080-exec-9] org.hibernate.SQL                        : 
    select
        cn1_0.id,
        cn1_0.dang_hoat_dong,
        cn1_0.dia_chi,
        cn1_0.dia_chi_chi_tiet,
        cn1_0.dien_tich_m2,
        cn1_0.doanh_thu_thang,
        cn1_0.gio_mo_cua,
        cn1_0.id_quan_ly,
        cn1_0.loai,
        cn1_0.loai_chi_nhanh,
        cn1_0.ma_chi_nhanh,
        cn1_0.ngay_cap_nhat,
        cn1_0.ngay_khai_truong,
        cn1_0.ngay_tao,
        cn1_0.nguoi_cap_nhat,
        cn1_0.nguoi_tao,
        cn1_0.quan_huyen,
        cn1_0.so_dien_thoai,
        cn1_0.ten_chi_nhanh,
        cn1_0.ten_quan_ly,
        cn1_0.tinh_thanh,
        cn1_0.trang_thai,
        cn1_0.vung_mien 
    from
        chi_nhanh cn1_0 
    where
        cn1_0.id=?
Hibernate: 
    select
        cn1_0.id,
        cn1_0.dang_hoat_dong,
        cn1_0.dia_chi,
        cn1_0.dia_chi_chi_tiet,
        cn1_0.dien_tich_m2,
        cn1_0.doanh_thu_thang,
        cn1_0.gio_mo_cua,
        cn1_0.id_quan_ly,
        cn1_0.loai,
        cn1_0.loai_chi_nhanh,
        cn1_0.ma_chi_nhanh,
        cn1_0.ngay_cap_nhat,
        cn1_0.ngay_khai_truong,
        cn1_0.ngay_tao,
        cn1_0.nguoi_cap_nhat,
        cn1_0.nguoi_tao,
        cn1_0.quan_huyen,
        cn1_0.so_dien_thoai,
        cn1_0.ten_chi_nhanh,
        cn1_0.ten_quan_ly,
        cn1_0.tinh_thanh,
        cn1_0.trang_thai,
        cn1_0.vung_mien 
    from
        chi_nhanh cn1_0 
    where
        cn1_0.id=?
2026-09-09T03:26:38.274+07:00 DEBUG 6752 --- [cuahangtienloi] [nio-8080-exec-9] org.hibernate.SQL                        : 
    select
        sp1_0.id,
        sp1_0.dang_hoat_dong,
        sp1_0.de_hong,
        sp1_0.don_vi,
        sp1_0.gia_ban,
        sp1_0.gia_von,
        sp1_0.han_su_dung_ngay,
        sp1_0.id_danh_muc,
        sp1_0.id_nha_cung_cap,
        sp1_0.image_url,
        sp1_0.ma_vach,
        sp1_0.mo_ta,
        sp1_0.ngay_cap_nhat,
        sp1_0.ngay_tao,
        sp1_0.sku,
        sp1_0.ten_san_pham,
        sp1_0.ton_toi_da,
        sp1_0.ton_toi_thieu,
        sp1_0.vat_phantram 
    from
        san_pham sp1_0 
    where
        sp1_0.id=?
Hibernate: 
    select
        sp1_0.id,
        sp1_0.dang_hoat_dong,
        sp1_0.de_hong,
        sp1_0.don_vi,
        sp1_0.gia_ban,
        sp1_0.gia_von,
        sp1_0.han_su_dung_ngay,
        sp1_0.id_danh_muc,
        sp1_0.id_nha_cung_cap,
        sp1_0.image_url,
        sp1_0.ma_vach,
        sp1_0.mo_ta,
        sp1_0.ngay_cap_nhat,
        sp1_0.ngay_tao,
        sp1_0.sku,
        sp1_0.ten_san_pham,
        sp1_0.ton_toi_da,
        sp1_0.ton_toi_thieu,
        sp1_0.vat_phantram 
    from
        san_pham sp1_0 
    where
        sp1_0.id=?
2026-09-09T03:26:38.386+07:00 DEBUG 6752 --- [cuahangtienloi] [nio-8080-exec-9] org.hibernate.SQL                        : 
    select
        cn1_0.id,
        cn1_0.dang_hoat_dong,
        cn1_0.dia_chi,
        cn1_0.dia_chi_chi_tiet,
        cn1_0.dien_tich_m2,
        cn1_0.doanh_thu_thang,
        cn1_0.gio_mo_cua,
        cn1_0.id_quan_ly,
        cn1_0.loai,
        cn1_0.loai_chi_nhanh,
        cn1_0.ma_chi_nhanh,
        cn1_0.ngay_cap_nhat,
        cn1_0.ngay_khai_truong,
        cn1_0.ngay_tao,
        cn1_0.nguoi_cap_nhat,
        cn1_0.nguoi_tao,
        cn1_0.quan_huyen,
        cn1_0.so_dien_thoai,
        cn1_0.ten_chi_nhanh,
        cn1_0.ten_quan_ly,
        cn1_0.tinh_thanh,
        cn1_0.trang_thai,
        cn1_0.vung_mien 
    from
        chi_nhanh cn1_0 
    where
        cn1_0.id=?
Hibernate: 
    select
        cn1_0.id,
        cn1_0.dang_hoat_dong,
        cn1_0.dia_chi,
        cn1_0.dia_chi_chi_tiet,
        cn1_0.dien_tich_m2,
        cn1_0.doanh_thu_thang,
        cn1_0.gio_mo_cua,
        cn1_0.id_quan_ly,
        cn1_0.loai,
        cn1_0.loai_chi_nhanh,
        cn1_0.ma_chi_nhanh,
        cn1_0.ngay_cap_nhat,
        cn1_0.ngay_khai_truong,
        cn1_0.ngay_tao,
        cn1_0.nguoi_cap_nhat,
        cn1_0.nguoi_tao,
        cn1_0.quan_huyen,
        cn1_0.so_dien_thoai,
        cn1_0.ten_chi_nhanh,
        cn1_0.ten_quan_ly,
        cn1_0.tinh_thanh,
        cn1_0.trang_thai,
        cn1_0.vung_mien 
    from
        chi_nhanh cn1_0 
    where
        cn1_0.id=?
2026-09-09T03:26:38.497+07:00 DEBUG 6752 --- [cuahangtienloi] [nio-8080-exec-9] org.hibernate.SQL                        : 
    select
        sp1_0.id,
        sp1_0.dang_hoat_dong,
        sp1_0.de_hong,
        sp1_0.don_vi,
        sp1_0.gia_ban,
        sp1_0.gia_von,
        sp1_0.han_su_dung_ngay,
        sp1_0.id_danh_muc,
        sp1_0.id_nha_cung_cap,
        sp1_0.image_url,
        sp1_0.ma_vach,
        sp1_0.mo_ta,
        sp1_0.ngay_cap_nhat,
        sp1_0.ngay_tao,
        sp1_0.sku,
        sp1_0.ten_san_pham,
        sp1_0.ton_toi_da,
        sp1_0.ton_toi_thieu,
        sp1_0.vat_phantram 
    from
        san_pham sp1_0 
    where
        sp1_0.id=?
Hibernate: 
    select
        sp1_0.id,
        sp1_0.dang_hoat_dong,
        sp1_0.de_hong,
        sp1_0.don_vi,
        sp1_0.gia_ban,
        sp1_0.gia_von,
        sp1_0.han_su_dung_ngay,
        sp1_0.id_danh_muc,
        sp1_0.id_nha_cung_cap,
        sp1_0.image_url,
        sp1_0.ma_vach,
        sp1_0.mo_ta,
        sp1_0.ngay_cap_nhat,
        sp1_0.ngay_tao,
        sp1_0.sku,
        sp1_0.ten_san_pham,
        sp1_0.ton_toi_da,
        sp1_0.ton_toi_thieu,
        sp1_0.vat_phantram 
    from
        san_pham sp1_0 
    where
        sp1_0.id=?
2026-09-09T03:26:38.606+07:00 DEBUG 6752 --- [cuahangtienloi] [nio-8080-exec-9] org.hibernate.SQL                        : 
    select
        cn1_0.id,
        cn1_0.dang_hoat_dong,
        cn1_0.dia_chi,
        cn1_0.dia_chi_chi_tiet,
        cn1_0.dien_tich_m2,
        cn1_0.doanh_thu_thang,
        cn1_0.gio_mo_cua,
        cn1_0.id_quan_ly,
        cn1_0.loai,
        cn1_0.loai_chi_nhanh,
        cn1_0.ma_chi_nhanh,
        cn1_0.ngay_cap_nhat,
        cn1_0.ngay_khai_truong,
        cn1_0.ngay_tao,
        cn1_0.nguoi_cap_nhat,
        cn1_0.nguoi_tao,
        cn1_0.quan_huyen,
        cn1_0.so_dien_thoai,
        cn1_0.ten_chi_nhanh,
        cn1_0.ten_quan_ly,
        cn1_0.tinh_thanh,
        cn1_0.trang_thai,
        cn1_0.vung_mien 
    from
        chi_nhanh cn1_0 
    where
        cn1_0.id=?
Hibernate: 
    select
        cn1_0.id,
        cn1_0.dang_hoat_dong,
        cn1_0.dia_chi,
        cn1_0.dia_chi_chi_tiet,
        cn1_0.dien_tich_m2,
        cn1_0.doanh_thu_thang,
        cn1_0.gio_mo_cua,
        cn1_0.id_quan_ly,
        cn1_0.loai,
        cn1_0.loai_chi_nhanh,
        cn1_0.ma_chi_nhanh,
        cn1_0.ngay_cap_nhat,
        cn1_0.ngay_khai_truong,
        cn1_0.ngay_tao,
        cn1_0.nguoi_cap_nhat,
        cn1_0.nguoi_tao,
        cn1_0.quan_huyen,
        cn1_0.so_dien_thoai,
        cn1_0.ten_chi_nhanh,
        cn1_0.ten_quan_ly,
        cn1_0.tinh_thanh,
        cn1_0.trang_thai,
        cn1_0.vung_mien 
    from
        chi_nhanh cn1_0 
    where
        cn1_0.id=?
2026-09-09T03:26:38.717+07:00 DEBUG 6752 --- [cuahangtienloi] [nio-8080-exec-9] org.hibernate.SQL                        : 
    select
        sp1_0.id,
        sp1_0.dang_hoat_dong,
        sp1_0.de_hong,
        sp1_0.don_vi,
        sp1_0.gia_ban,
        sp1_0.gia_von,
        sp1_0.han_su_dung_ngay,
        sp1_0.id_danh_muc,
        sp1_0.id_nha_cung_cap,
        sp1_0.image_url,
        sp1_0.ma_vach,
        sp1_0.mo_ta,
        sp1_0.ngay_cap_nhat,
        sp1_0.ngay_tao,
        sp1_0.sku,
        sp1_0.ten_san_pham,
        sp1_0.ton_toi_da,
        sp1_0.ton_toi_thieu,
        sp1_0.vat_phantram 
    from
        san_pham sp1_0 
    where
        sp1_0.id=?
Hibernate: 
    select
        sp1_0.id,
        sp1_0.dang_hoat_dong,
        sp1_0.de_hong,
        sp1_0.don_vi,
        sp1_0.gia_ban,
        sp1_0.gia_von,
        sp1_0.han_su_dung_ngay,
        sp1_0.id_danh_muc,
        sp1_0.id_nha_cung_cap,
        sp1_0.image_url,
        sp1_0.ma_vach,
        sp1_0.mo_ta,
        sp1_0.ngay_cap_nhat,
        sp1_0.ngay_tao,
        sp1_0.sku,
        sp1_0.ten_san_pham,
        sp1_0.ton_toi_da,
        sp1_0.ton_toi_thieu,
        sp1_0.vat_phantram 
    from
        san_pham sp1_0 
    where
        sp1_0.id=?
2026-09-09T03:26:38.827+07:00 DEBUG 6752 --- [cuahangtienloi] [nio-8080-exec-9] org.hibernate.SQL                        : 
    select
        cn1_0.id,
        cn1_0.dang_hoat_dong,
        cn1_0.dia_chi,
        cn1_0.dia_chi_chi_tiet,
        cn1_0.dien_tich_m2,
        cn1_0.doanh_thu_thang,
        cn1_0.gio_mo_cua,
        cn1_0.id_quan_ly,
        cn1_0.loai,
        cn1_0.loai_chi_nhanh,
        cn1_0.ma_chi_nhanh,
        cn1_0.ngay_cap_nhat,
        cn1_0.ngay_khai_truong,
        cn1_0.ngay_tao,
        cn1_0.nguoi_cap_nhat,
        cn1_0.nguoi_tao,
        cn1_0.quan_huyen,
        cn1_0.so_dien_thoai,
        cn1_0.ten_chi_nhanh,
        cn1_0.ten_quan_ly,
        cn1_0.tinh_thanh,
        cn1_0.trang_thai,
        cn1_0.vung_mien 
    from
        chi_nhanh cn1_0 
    where
        cn1_0.id=?
Hibernate: 
    select
        cn1_0.id,
        cn1_0.dang_hoat_dong,
        cn1_0.dia_chi,
        cn1_0.dia_chi_chi_tiet,
        cn1_0.dien_tich_m2,
        cn1_0.doanh_thu_thang,
        cn1_0.gio_mo_cua,
        cn1_0.id_quan_ly,
        cn1_0.loai,
        cn1_0.loai_chi_nhanh,
        cn1_0.ma_chi_nhanh,
        cn1_0.ngay_cap_nhat,
        cn1_0.ngay_khai_truong,
        cn1_0.ngay_tao,
        cn1_0.nguoi_cap_nhat,
        cn1_0.nguoi_tao,
        cn1_0.quan_huyen,
        cn1_0.so_dien_thoai,
        cn1_0.ten_chi_nhanh,
        cn1_0.ten_quan_ly,
        cn1_0.tinh_thanh,
        cn1_0.trang_thai,
        cn1_0.vung_mien 
    from
        chi_nhanh cn1_0 
    where
        cn1_0.id=?
2026-09-09T03:26:38.939+07:00 DEBUG 6752 --- [cuahangtienloi] [nio-8080-exec-9] org.hibernate.SQL                        : 
    select
        sp1_0.id,
        sp1_0.dang_hoat_dong,
        sp1_0.de_hong,
        sp1_0.don_vi,
        sp1_0.gia_ban,
        sp1_0.gia_von,
        sp1_0.han_su_dung_ngay,
        sp1_0.id_danh_muc,
        sp1_0.id_nha_cung_cap,
        sp1_0.image_url,
        sp1_0.ma_vach,
        sp1_0.mo_ta,
        sp1_0.ngay_cap_nhat,
        sp1_0.ngay_tao,
        sp1_0.sku,
        sp1_0.ten_san_pham,
        sp1_0.ton_toi_da,
        sp1_0.ton_toi_thieu,
        sp1_0.vat_phantram 
    from
        san_pham sp1_0 
    where
        sp1_0.id=?
Hibernate: 
    select
        sp1_0.id,
        sp1_0.dang_hoat_dong,
        sp1_0.de_hong,
        sp1_0.don_vi,
        sp1_0.gia_ban,
        sp1_0.gia_von,
        sp1_0.han_su_dung_ngay,
        sp1_0.id_danh_muc,
        sp1_0.id_nha_cung_cap,
        sp1_0.image_url,
        sp1_0.ma_vach,
        sp1_0.mo_ta,
        sp1_0.ngay_cap_nhat,
        sp1_0.ngay_tao,
        sp1_0.sku,
        sp1_0.ten_san_pham,
        sp1_0.ton_toi_da,
        sp1_0.ton_toi_thieu,
        sp1_0.vat_phantram 
    from
        san_pham sp1_0 
    where
        sp1_0.id=?
2026-09-09T03:26:39.049+07:00 DEBUG 6752 --- [cuahangtienloi] [nio-8080-exec-9] org.hibernate.SQL                        : 
    select
        cn1_0.id,
        cn1_0.dang_hoat_dong,
        cn1_0.dia_chi,
        cn1_0.dia_chi_chi_tiet,
        cn1_0.dien_tich_m2,
        cn1_0.doanh_thu_thang,
        cn1_0.gio_mo_cua,
        cn1_0.id_quan_ly,
        cn1_0.loai,
        cn1_0.loai_chi_nhanh,
        cn1_0.ma_chi_nhanh,
        cn1_0.ngay_cap_nhat,
        cn1_0.ngay_khai_truong,
        cn1_0.ngay_tao,
        cn1_0.nguoi_cap_nhat,
        cn1_0.nguoi_tao,
        cn1_0.quan_huyen,
        cn1_0.so_dien_thoai,
        cn1_0.ten_chi_nhanh,
        cn1_0.ten_quan_ly,
        cn1_0.tinh_thanh,
        cn1_0.trang_thai,
        cn1_0.vung_mien 
    from
        chi_nhanh cn1_0 
    where
        cn1_0.id=?
Hibernate: 
    select
        cn1_0.id,
        cn1_0.dang_hoat_dong,
        cn1_0.dia_chi,
        cn1_0.dia_chi_chi_tiet,
        cn1_0.dien_tich_m2,
        cn1_0.doanh_thu_thang,
        cn1_0.gio_mo_cua,
        cn1_0.id_quan_ly,
        cn1_0.loai,
        cn1_0.loai_chi_nhanh,
        cn1_0.ma_chi_nhanh,
        cn1_0.ngay_cap_nhat,
        cn1_0.ngay_khai_truong,
        cn1_0.ngay_tao,
        cn1_0.nguoi_cap_nhat,
        cn1_0.nguoi_tao,
        cn1_0.quan_huyen,
        cn1_0.so_dien_thoai,
        cn1_0.ten_chi_nhanh,
        cn1_0.ten_quan_ly,
        cn1_0.tinh_thanh,
        cn1_0.trang_thai,
        cn1_0.vung_mien 
    from
        chi_nhanh cn1_0 
    where
        cn1_0.id=?
2026-09-09T03:26:39.159+07:00 DEBUG 6752 --- [cuahangtienloi] [nio-8080-exec-9] org.hibernate.SQL                        : 
    select
        sp1_0.id,
        sp1_0.dang_hoat_dong,
        sp1_0.de_hong,
        sp1_0.don_vi,
        sp1_0.gia_ban,
        sp1_0.gia_von,
        sp1_0.han_su_dung_ngay,
        sp1_0.id_danh_muc,
        sp1_0.id_nha_cung_cap,
        sp1_0.image_url,
        sp1_0.ma_vach,
        sp1_0.mo_ta,
        sp1_0.ngay_cap_nhat,
        sp1_0.ngay_tao,
        sp1_0.sku,
        sp1_0.ten_san_pham,
        sp1_0.ton_toi_da,
        sp1_0.ton_toi_thieu,
        sp1_0.vat_phantram 
    from
        san_pham sp1_0 
    where
        sp1_0.id=?
Hibernate: 
    select
        sp1_0.id,
        sp1_0.dang_hoat_dong,
        sp1_0.de_hong,
        sp1_0.don_vi,
        sp1_0.gia_ban,
        sp1_0.gia_von,
        sp1_0.han_su_dung_ngay,
        sp1_0.id_danh_muc,
        sp1_0.id_nha_cung_cap,
        sp1_0.image_url,
        sp1_0.ma_vach,
        sp1_0.mo_ta,
        sp1_0.ngay_cap_nhat,
        sp1_0.ngay_tao,
        sp1_0.sku,
        sp1_0.ten_san_pham,
        sp1_0.ton_toi_da,
        sp1_0.ton_toi_thieu,
        sp1_0.vat_phantram 
    from
        san_pham sp1_0 
    where
        sp1_0.id=?
2026-09-09T03:26:39.270+07:00 DEBUG 6752 --- [cuahangtienloi] [nio-8080-exec-9] org.hibernate.SQL                        : 
    select
        cn1_0.id,
        cn1_0.dang_hoat_dong,
        cn1_0.dia_chi,
        cn1_0.dia_chi_chi_tiet,
        cn1_0.dien_tich_m2,
        cn1_0.doanh_thu_thang,
        cn1_0.gio_mo_cua,
        cn1_0.id_quan_ly,
        cn1_0.loai,
        cn1_0.loai_chi_nhanh,
        cn1_0.ma_chi_nhanh,
        cn1_0.ngay_cap_nhat,
        cn1_0.ngay_khai_truong,
        cn1_0.ngay_tao,
        cn1_0.nguoi_cap_nhat,
        cn1_0.nguoi_tao,
        cn1_0.quan_huyen,
        cn1_0.so_dien_thoai,
        cn1_0.ten_chi_nhanh,
        cn1_0.ten_quan_ly,
        cn1_0.tinh_thanh,
        cn1_0.trang_thai,
        cn1_0.vung_mien 
    from
        chi_nhanh cn1_0 
    where
        cn1_0.id=?
Hibernate: 
    select
        cn1_0.id,
        cn1_0.dang_hoat_dong,
        cn1_0.dia_chi,
        cn1_0.dia_chi_chi_tiet,
        cn1_0.dien_tich_m2,
        cn1_0.doanh_thu_thang,
        cn1_0.gio_mo_cua,
        cn1_0.id_quan_ly,
        cn1_0.loai,
        cn1_0.loai_chi_nhanh,
        cn1_0.ma_chi_nhanh,
        cn1_0.ngay_cap_nhat,
        cn1_0.ngay_khai_truong,
        cn1_0.ngay_tao,
        cn1_0.nguoi_cap_nhat,
        cn1_0.nguoi_tao,
        cn1_0.quan_huyen,
        cn1_0.so_dien_thoai,
        cn1_0.ten_chi_nhanh,
        cn1_0.ten_quan_ly,
        cn1_0.tinh_thanh,
        cn1_0.trang_thai,
        cn1_0.vung_mien 
    from
        chi_nhanh cn1_0 
    where
        cn1_0.id=?
2026-09-09T03:26:39.381+07:00 DEBUG 6752 --- [cuahangtienloi] [nio-8080-exec-9] org.hibernate.SQL                        : 
    select
        sp1_0.id,
        sp1_0.dang_hoat_dong,
        sp1_0.de_hong,
        sp1_0.don_vi,
        sp1_0.gia_ban,
        sp1_0.gia_von,
        sp1_0.han_su_dung_ngay,
        sp1_0.id_danh_muc,
        sp1_0.id_nha_cung_cap,
        sp1_0.image_url,
        sp1_0.ma_vach,
        sp1_0.mo_ta,
        sp1_0.ngay_cap_nhat,
        sp1_0.ngay_tao,
        sp1_0.sku,
        sp1_0.ten_san_pham,
        sp1_0.ton_toi_da,
        sp1_0.ton_toi_thieu,
        sp1_0.vat_phantram 
    from
        san_pham sp1_0 
    where
        sp1_0.id=?
Hibernate: 
    select
        sp1_0.id,
        sp1_0.dang_hoat_dong,
        sp1_0.de_hong,
        sp1_0.don_vi,
        sp1_0.gia_ban,
        sp1_0.gia_von,
        sp1_0.han_su_dung_ngay,
        sp1_0.id_danh_muc,
        sp1_0.id_nha_cung_cap,
        sp1_0.image_url,
        sp1_0.ma_vach,
        sp1_0.mo_ta,
        sp1_0.ngay_cap_nhat,
        sp1_0.ngay_tao,
        sp1_0.sku,
        sp1_0.ten_san_pham,
        sp1_0.ton_toi_da,
        sp1_0.ton_toi_thieu,
        sp1_0.vat_phantram 
    from
        san_pham sp1_0 
    where
        sp1_0.id=?
2026-09-09T03:26:39.490+07:00 DEBUG 6752 --- [cuahangtienloi] [nio-8080-exec-9] org.hibernate.SQL                        : 
    select
        cn1_0.id,
        cn1_0.dang_hoat_dong,
        cn1_0.dia_chi,
        cn1_0.dia_chi_chi_tiet,
        cn1_0.dien_tich_m2,
        cn1_0.doanh_thu_thang,
        cn1_0.gio_mo_cua,
        cn1_0.id_quan_ly,
        cn1_0.loai,
        cn1_0.loai_chi_nhanh,
        cn1_0.ma_chi_nhanh,
        cn1_0.ngay_cap_nhat,
        cn1_0.ngay_khai_truong,
        cn1_0.ngay_tao,
        cn1_0.nguoi_cap_nhat,
        cn1_0.nguoi_tao,
        cn1_0.quan_huyen,
        cn1_0.so_dien_thoai,
        cn1_0.ten_chi_nhanh,
        cn1_0.ten_quan_ly,
        cn1_0.tinh_thanh,
        cn1_0.trang_thai,
        cn1_0.vung_mien 
    from
        chi_nhanh cn1_0 
    where
        cn1_0.id=?
Hibernate: 
    select
        cn1_0.id,
        cn1_0.dang_hoat_dong,
        cn1_0.dia_chi,
        cn1_0.dia_chi_chi_tiet,
        cn1_0.dien_tich_m2,
        cn1_0.doanh_thu_thang,
        cn1_0.gio_mo_cua,
        cn1_0.id_quan_ly,
        cn1_0.loai,
        cn1_0.loai_chi_nhanh,
        cn1_0.ma_chi_nhanh,
        cn1_0.ngay_cap_nhat,
        cn1_0.ngay_khai_truong,
        cn1_0.ngay_tao,
        cn1_0.nguoi_cap_nhat,
        cn1_0.nguoi_tao,
        cn1_0.quan_huyen,
        cn1_0.so_dien_thoai,
        cn1_0.ten_chi_nhanh,
        cn1_0.ten_quan_ly,
        cn1_0.tinh_thanh,
        cn1_0.trang_thai,
        cn1_0.vung_mien 
    from
        chi_nhanh cn1_0 
    where
        cn1_0.id=?
2026-09-09T03:26:39.601+07:00 DEBUG 6752 --- [cuahangtienloi] [nio-8080-exec-9] org.hibernate.SQL                        : 
    select
        sp1_0.id,
        sp1_0.dang_hoat_dong,
        sp1_0.de_hong,
        sp1_0.don_vi,
        sp1_0.gia_ban,
        sp1_0.gia_von,
        sp1_0.han_su_dung_ngay,
        sp1_0.id_danh_muc,
        sp1_0.id_nha_cung_cap,
        sp1_0.image_url,
        sp1_0.ma_vach,
        sp1_0.mo_ta,
        sp1_0.ngay_cap_nhat,
        sp1_0.ngay_tao,
        sp1_0.sku,
        sp1_0.ten_san_pham,
        sp1_0.ton_toi_da,
        sp1_0.ton_toi_thieu,
        sp1_0.vat_phantram 
    from
        san_pham sp1_0 
    where
        sp1_0.id=?
Hibernate: 
    select
        sp1_0.id,
        sp1_0.dang_hoat_dong,
        sp1_0.de_hong,
        sp1_0.don_vi,
        sp1_0.gia_ban,
        sp1_0.gia_von,
        sp1_0.han_su_dung_ngay,
        sp1_0.id_danh_muc,
        sp1_0.id_nha_cung_cap,
        sp1_0.image_url,
        sp1_0.ma_vach,
        sp1_0.mo_ta,
        sp1_0.ngay_cap_nhat,
        sp1_0.ngay_tao,
        sp1_0.sku,
        sp1_0.ten_san_pham,
        sp1_0.ton_toi_da,
        sp1_0.ton_toi_thieu,
        sp1_0.vat_phantram 
    from
        san_pham sp1_0 
    where
        sp1_0.id=?
2026-09-09T03:26:39.711+07:00 DEBUG 6752 --- [cuahangtienloi] [nio-8080-exec-9] org.hibernate.SQL                        : 
    select
        cn1_0.id,
        cn1_0.dang_hoat_dong,
        cn1_0.dia_chi,
        cn1_0.dia_chi_chi_tiet,
        cn1_0.dien_tich_m2,
        cn1_0.doanh_thu_thang,
        cn1_0.gio_mo_cua,
        cn1_0.id_quan_ly,
        cn1_0.loai,
        cn1_0.loai_chi_nhanh,
        cn1_0.ma_chi_nhanh,
        cn1_0.ngay_cap_nhat,
        cn1_0.ngay_khai_truong,
        cn1_0.ngay_tao,
        cn1_0.nguoi_cap_nhat,
        cn1_0.nguoi_tao,
        cn1_0.quan_huyen,
        cn1_0.so_dien_thoai,
        cn1_0.ten_chi_nhanh,
        cn1_0.ten_quan_ly,
        cn1_0.tinh_thanh,
        cn1_0.trang_thai,
        cn1_0.vung_mien 
    from
        chi_nhanh cn1_0 
    where
        cn1_0.id=?
Hibernate: 
    select
        cn1_0.id,
        cn1_0.dang_hoat_dong,
        cn1_0.dia_chi,
        cn1_0.dia_chi_chi_tiet,
        cn1_0.dien_tich_m2,
        cn1_0.doanh_thu_thang,
        cn1_0.gio_mo_cua,
        cn1_0.id_quan_ly,
        cn1_0.loai,
        cn1_0.loai_chi_nhanh,
        cn1_0.ma_chi_nhanh,
        cn1_0.ngay_cap_nhat,
        cn1_0.ngay_khai_truong,
        cn1_0.ngay_tao,
        cn1_0.nguoi_cap_nhat,
        cn1_0.nguoi_tao,
        cn1_0.quan_huyen,
        cn1_0.so_dien_thoai,
        cn1_0.ten_chi_nhanh,
        cn1_0.ten_quan_ly,
        cn1_0.tinh_thanh,
        cn1_0.trang_thai,
        cn1_0.vung_mien 
    from
        chi_nhanh cn1_0 
    where
        cn1_0.id=?
2026-09-09T03:26:39.823+07:00 DEBUG 6752 --- [cuahangtienloi] [nio-8080-exec-9] org.hibernate.SQL                        : 
    select
        sp1_0.id,
        sp1_0.dang_hoat_dong,
        sp1_0.de_hong,
        sp1_0.don_vi,
        sp1_0.gia_ban,
        sp1_0.gia_von,
        sp1_0.han_su_dung_ngay,
        sp1_0.id_danh_muc,
        sp1_0.id_nha_cung_cap,
        sp1_0.image_url,
        sp1_0.ma_vach,
        sp1_0.mo_ta,
        sp1_0.ngay_cap_nhat,
        sp1_0.ngay_tao,
        sp1_0.sku,
        sp1_0.ten_san_pham,
        sp1_0.ton_toi_da,
        sp1_0.ton_toi_thieu,
        sp1_0.vat_phantram 
    from
        san_pham sp1_0 
    where
        sp1_0.id=?
Hibernate: 
    select
        sp1_0.id,
        sp1_0.dang_hoat_dong,
        sp1_0.de_hong,
        sp1_0.don_vi,
        sp1_0.gia_ban,
        sp1_0.gia_von,
        sp1_0.han_su_dung_ngay,
        sp1_0.id_danh_muc,
        sp1_0.id_nha_cung_cap,
        sp1_0.image_url,
        sp1_0.ma_vach,
        sp1_0.mo_ta,
        sp1_0.ngay_cap_nhat,
        sp1_0.ngay_tao,
        sp1_0.sku,
        sp1_0.ten_san_pham,
        sp1_0.ton_toi_da,
        sp1_0.ton_toi_thieu,
        sp1_0.vat_phantram 
    from
        san_pham sp1_0 
    where
        sp1_0.id=?
2026-09-09T03:26:39.932+07:00 DEBUG 6752 --- [cuahangtienloi] [nio-8080-exec-9] org.hibernate.SQL                        : 
    select
        cn1_0.id,
        cn1_0.dang_hoat_dong,
        cn1_0.dia_chi,
        cn1_0.dia_chi_chi_tiet,
        cn1_0.dien_tich_m2,
        cn1_0.doanh_thu_thang,
        cn1_0.gio_mo_cua,
        cn1_0.id_quan_ly,
        cn1_0.loai,
        cn1_0.loai_chi_nhanh,
        cn1_0.ma_chi_nhanh,
        cn1_0.ngay_cap_nhat,
        cn1_0.ngay_khai_truong,
        cn1_0.ngay_tao,
        cn1_0.nguoi_cap_nhat,
        cn1_0.nguoi_tao,
        cn1_0.quan_huyen,
        cn1_0.so_dien_thoai,
        cn1_0.ten_chi_nhanh,
        cn1_0.ten_quan_ly,
        cn1_0.tinh_thanh,
        cn1_0.trang_thai,
        cn1_0.vung_mien 
    from
        chi_nhanh cn1_0 
    where
        cn1_0.id=?
Hibernate: 
    select
        cn1_0.id,
        cn1_0.dang_hoat_dong,
        cn1_0.dia_chi,
        cn1_0.dia_chi_chi_tiet,
        cn1_0.dien_tich_m2,
        cn1_0.doanh_thu_thang,
        cn1_0.gio_mo_cua,
        cn1_0.id_quan_ly,
        cn1_0.loai,
        cn1_0.loai_chi_nhanh,
        cn1_0.ma_chi_nhanh,
        cn1_0.ngay_cap_nhat,
        cn1_0.ngay_khai_truong,
        cn1_0.ngay_tao,
        cn1_0.nguoi_cap_nhat,
        cn1_0.nguoi_tao,
        cn1_0.quan_huyen,
        cn1_0.so_dien_thoai,
        cn1_0.ten_chi_nhanh,
        cn1_0.ten_quan_ly,
        cn1_0.tinh_thanh,
        cn1_0.trang_thai,
        cn1_0.vung_mien 
    from
        chi_nhanh cn1_0 
    where
        cn1_0.id=?
2026-09-09T03:26:40.043+07:00 DEBUG 6752 --- [cuahangtienloi] [nio-8080-exec-9] org.hibernate.SQL                        : 
    select
        sp1_0.id,
        sp1_0.dang_hoat_dong,
        sp1_0.de_hong,
        sp1_0.don_vi,
        sp1_0.gia_ban,
        sp1_0.gia_von,
        sp1_0.han_su_dung_ngay,
        sp1_0.id_danh_muc,
        sp1_0.id_nha_cung_cap,
        sp1_0.image_url,
        sp1_0.ma_vach,
        sp1_0.mo_ta,
        sp1_0.ngay_cap_nhat,
        sp1_0.ngay_tao,
        sp1_0.sku,
        sp1_0.ten_san_pham,
        sp1_0.ton_toi_da,
        sp1_0.ton_toi_thieu,
        sp1_0.vat_phantram 
    from
        san_pham sp1_0 
    where
        sp1_0.id=?
Hibernate: 
    select
        sp1_0.id,
        sp1_0.dang_hoat_dong,
        sp1_0.de_hong,
        sp1_0.don_vi,
        sp1_0.gia_ban,
        sp1_0.gia_von,
        sp1_0.han_su_dung_ngay,
        sp1_0.id_danh_muc,
        sp1_0.id_nha_cung_cap,
        sp1_0.image_url,
        sp1_0.ma_vach,
        sp1_0.mo_ta,
        sp1_0.ngay_cap_nhat,
        sp1_0.ngay_tao,
        sp1_0.sku,
        sp1_0.ten_san_pham,
        sp1_0.ton_toi_da,
        sp1_0.ton_toi_thieu,
        sp1_0.vat_phantram 
    from
        san_pham sp1_0 
    where
        sp1_0.id=?
2026-09-09T03:26:40.154+07:00 DEBUG 6752 --- [cuahangtienloi] [nio-8080-exec-9] org.hibernate.SQL                        : 
    select
        cn1_0.id,
        cn1_0.dang_hoat_dong,
        cn1_0.dia_chi,
        cn1_0.dia_chi_chi_tiet,
        cn1_0.dien_tich_m2,
        cn1_0.doanh_thu_thang,
        cn1_0.gio_mo_cua,
        cn1_0.id_quan_ly,
        cn1_0.loai,
        cn1_0.loai_chi_nhanh,
        cn1_0.ma_chi_nhanh,
        cn1_0.ngay_cap_nhat,
        cn1_0.ngay_khai_truong,
        cn1_0.ngay_tao,
        cn1_0.nguoi_cap_nhat,
        cn1_0.nguoi_tao,
        cn1_0.quan_huyen,
        cn1_0.so_dien_thoai,
        cn1_0.ten_chi_nhanh,
        cn1_0.ten_quan_ly,
        cn1_0.tinh_thanh,
        cn1_0.trang_thai,
        cn1_0.vung_mien 
    from
        chi_nhanh cn1_0 
    where
        cn1_0.id=?
Hibernate: 
    select
        cn1_0.id,
        cn1_0.dang_hoat_dong,
        cn1_0.dia_chi,
        cn1_0.dia_chi_chi_tiet,
        cn1_0.dien_tich_m2,
        cn1_0.doanh_thu_thang,
        cn1_0.gio_mo_cua,
        cn1_0.id_quan_ly,
        cn1_0.loai,
        cn1_0.loai_chi_nhanh,
        cn1_0.ma_chi_nhanh,
        cn1_0.ngay_cap_nhat,
        cn1_0.ngay_khai_truong,
        cn1_0.ngay_tao,
        cn1_0.nguoi_cap_nhat,
        cn1_0.nguoi_tao,
        cn1_0.quan_huyen,
        cn1_0.so_dien_thoai,
        cn1_0.ten_chi_nhanh,
        cn1_0.ten_quan_ly,
        cn1_0.tinh_thanh,
        cn1_0.trang_thai,
        cn1_0.vung_mien 
    from
        chi_nhanh cn1_0 
    where
        cn1_0.id=?
2026-09-09T03:26:40.265+07:00 DEBUG 6752 --- [cuahangtienloi] [nio-8080-exec-9] org.hibernate.SQL                        : 
    select
        sp1_0.id,
        sp1_0.dang_hoat_dong,
        sp1_0.de_hong,
        sp1_0.don_vi,
        sp1_0.gia_ban,
        sp1_0.gia_von,
        sp1_0.han_su_dung_ngay,
        sp1_0.id_danh_muc,
        sp1_0.id_nha_cung_cap,
        sp1_0.image_url,
        sp1_0.ma_vach,
        sp1_0.mo_ta,
        sp1_0.ngay_cap_nhat,
        sp1_0.ngay_tao,
        sp1_0.sku,
        sp1_0.ten_san_pham,
        sp1_0.ton_toi_da,
        sp1_0.ton_toi_thieu,
        sp1_0.vat_phantram 
    from
        san_pham sp1_0 
    where
        sp1_0.id=?
Hibernate: 
    select
        sp1_0.id,
        sp1_0.dang_hoat_dong,
        sp1_0.de_hong,
        sp1_0.don_vi,
        sp1_0.gia_ban,
        sp1_0.gia_von,
        sp1_0.han_su_dung_ngay,
        sp1_0.id_danh_muc,
        sp1_0.id_nha_cung_cap,
        sp1_0.image_url,
        sp1_0.ma_vach,
        sp1_0.mo_ta,
        sp1_0.ngay_cap_nhat,
        sp1_0.ngay_tao,
        sp1_0.sku,
        sp1_0.ten_san_pham,
        sp1_0.ton_toi_da,
        sp1_0.ton_toi_thieu,
        sp1_0.vat_phantram 
    from
        san_pham sp1_0 
    where
        sp1_0.id=?
2026-09-09T03:26:40.375+07:00 DEBUG 6752 --- [cuahangtienloi] [nio-8080-exec-9] org.hibernate.SQL                        : 
    select
        cn1_0.id,
        cn1_0.dang_hoat_dong,
        cn1_0.dia_chi,
        cn1_0.dia_chi_chi_tiet,
        cn1_0.dien_tich_m2,
        cn1_0.doanh_thu_thang,
        cn1_0.gio_mo_cua,
        cn1_0.id_quan_ly,
        cn1_0.loai,
        cn1_0.loai_chi_nhanh,
        cn1_0.ma_chi_nhanh,
        cn1_0.ngay_cap_nhat,
        cn1_0.ngay_khai_truong,
        cn1_0.ngay_tao,
        cn1_0.nguoi_cap_nhat,
        cn1_0.nguoi_tao,
        cn1_0.quan_huyen,
        cn1_0.so_dien_thoai,
        cn1_0.ten_chi_nhanh,
        cn1_0.ten_quan_ly,
        cn1_0.tinh_thanh,
        cn1_0.trang_thai,
        cn1_0.vung_mien 
    from
        chi_nhanh cn1_0 
    where
        cn1_0.id=?
Hibernate: 
    select
        cn1_0.id,
        cn1_0.dang_hoat_dong,
        cn1_0.dia_chi,
        cn1_0.dia_chi_chi_tiet,
        cn1_0.dien_tich_m2,
        cn1_0.doanh_thu_thang,
        cn1_0.gio_mo_cua,
        cn1_0.id_quan_ly,
        cn1_0.loai,
        cn1_0.loai_chi_nhanh,
        cn1_0.ma_chi_nhanh,
        cn1_0.ngay_cap_nhat,
        cn1_0.ngay_khai_truong,
        cn1_0.ngay_tao,
        cn1_0.nguoi_cap_nhat,
        cn1_0.nguoi_tao,
        cn1_0.quan_huyen,
        cn1_0.so_dien_thoai,
        cn1_0.ten_chi_nhanh,
        cn1_0.ten_quan_ly,
        cn1_0.tinh_thanh,
        cn1_0.trang_thai,
        cn1_0.vung_mien 
    from
        chi_nhanh cn1_0 
    where
        cn1_0.id=?
2026-09-09T03:26:40.485+07:00 DEBUG 6752 --- [cuahangtienloi] [nio-8080-exec-9] org.hibernate.SQL                        : 
    select
        sp1_0.id,
        sp1_0.dang_hoat_dong,
        sp1_0.de_hong,
        sp1_0.don_vi,
        sp1_0.gia_ban,
        sp1_0.gia_von,
        sp1_0.han_su_dung_ngay,
        sp1_0.id_danh_muc,
        sp1_0.id_nha_cung_cap,
        sp1_0.image_url,
        sp1_0.ma_vach,
        sp1_0.mo_ta,
        sp1_0.ngay_cap_nhat,
        sp1_0.ngay_tao,
        sp1_0.sku,
        sp1_0.ten_san_pham,
        sp1_0.ton_toi_da,
        sp1_0.ton_toi_thieu,
        sp1_0.vat_phantram 
    from
        san_pham sp1_0 
    where
        sp1_0.id=?
Hibernate: 
    select
        sp1_0.id,
        sp1_0.dang_hoat_dong,
        sp1_0.de_hong,
        sp1_0.don_vi,
        sp1_0.gia_ban,
        sp1_0.gia_von,
        sp1_0.han_su_dung_ngay,
        sp1_0.id_danh_muc,
        sp1_0.id_nha_cung_cap,
        sp1_0.image_url,
        sp1_0.ma_vach,
        sp1_0.mo_ta,
        sp1_0.ngay_cap_nhat,
        sp1_0.ngay_tao,
        sp1_0.sku,
        sp1_0.ten_san_pham,
        sp1_0.ton_toi_da,
        sp1_0.ton_toi_thieu,
        sp1_0.vat_phantram 
    from
        san_pham sp1_0 
    where
        sp1_0.id=?
2026-09-09T03:26:40.596+07:00 DEBUG 6752 --- [cuahangtienloi] [nio-8080-exec-9] org.hibernate.SQL                        : 
    select
        cn1_0.id,
        cn1_0.dang_hoat_dong,
        cn1_0.dia_chi,
        cn1_0.dia_chi_chi_tiet,
        cn1_0.dien_tich_m2,
        cn1_0.doanh_thu_thang,
        cn1_0.gio_mo_cua,
        cn1_0.id_quan_ly,
        cn1_0.loai,
        cn1_0.loai_chi_nhanh,
        cn1_0.ma_chi_nhanh,
        cn1_0.ngay_cap_nhat,
        cn1_0.ngay_khai_truong,
        cn1_0.ngay_tao,
        cn1_0.nguoi_cap_nhat,
        cn1_0.nguoi_tao,
        cn1_0.quan_huyen,
        cn1_0.so_dien_thoai,
        cn1_0.ten_chi_nhanh,
        cn1_0.ten_quan_ly,
        cn1_0.tinh_thanh,
        cn1_0.trang_thai,
        cn1_0.vung_mien 
    from
        chi_nhanh cn1_0 
    where
        cn1_0.id=?
Hibernate: 
    select
        cn1_0.id,
        cn1_0.dang_hoat_dong,
        cn1_0.dia_chi,
        cn1_0.dia_chi_chi_tiet,
        cn1_0.dien_tich_m2,
        cn1_0.doanh_thu_thang,
        cn1_0.gio_mo_cua,
        cn1_0.id_quan_ly,
        cn1_0.loai,
        cn1_0.loai_chi_nhanh,
        cn1_0.ma_chi_nhanh,
        cn1_0.ngay_cap_nhat,
        cn1_0.ngay_khai_truong,
        cn1_0.ngay_tao,
        cn1_0.nguoi_cap_nhat,
        cn1_0.nguoi_tao,
        cn1_0.quan_huyen,
        cn1_0.so_dien_thoai,
        cn1_0.ten_chi_nhanh,
        cn1_0.ten_quan_ly,
        cn1_0.tinh_thanh,
        cn1_0.trang_thai,
        cn1_0.vung_mien 
    from
        chi_nhanh cn1_0 
    where
        cn1_0.id=?
2026-09-09T03:26:40.719+07:00 DEBUG 6752 --- [cuahangtienloi] [nio-8080-exec-9] org.hibernate.SQL                        : 
    select
        sp1_0.id,
        sp1_0.dang_hoat_dong,
        sp1_0.de_hong,
        sp1_0.don_vi,
        sp1_0.gia_ban,
        sp1_0.gia_von,
        sp1_0.han_su_dung_ngay,
        sp1_0.id_danh_muc,
        sp1_0.id_nha_cung_cap,
        sp1_0.image_url,
        sp1_0.ma_vach,
        sp1_0.mo_ta,
        sp1_0.ngay_cap_nhat,
        sp1_0.ngay_tao,
        sp1_0.sku,
        sp1_0.ten_san_pham,
        sp1_0.ton_toi_da,
        sp1_0.ton_toi_thieu,
        sp1_0.vat_phantram 
    from
        san_pham sp1_0 
    where
        sp1_0.id=?
Hibernate: 
    select
        sp1_0.id,
        sp1_0.dang_hoat_dong,
        sp1_0.de_hong,
        sp1_0.don_vi,
        sp1_0.gia_ban,
        sp1_0.gia_von,
        sp1_0.han_su_dung_ngay,
        sp1_0.id_danh_muc,
        sp1_0.id_nha_cung_cap,
        sp1_0.image_url,
        sp1_0.ma_vach,
        sp1_0.mo_ta,
        sp1_0.ngay_cap_nhat,
        sp1_0.ngay_tao,
        sp1_0.sku,
        sp1_0.ten_san_pham,
        sp1_0.ton_toi_da,
        sp1_0.ton_toi_thieu,
        sp1_0.vat_phantram 
    from
        san_pham sp1_0 
    where
        sp1_0.id=?
2026-09-09T03:26:40.830+07:00 DEBUG 6752 --- [cuahangtienloi] [nio-8080-exec-9] org.hibernate.SQL                        : 
    select
        cn1_0.id,
        cn1_0.dang_hoat_dong,
        cn1_0.dia_chi,
        cn1_0.dia_chi_chi_tiet,
        cn1_0.dien_tich_m2,
        cn1_0.doanh_thu_thang,
        cn1_0.gio_mo_cua,
        cn1_0.id_quan_ly,
        cn1_0.loai,
        cn1_0.loai_chi_nhanh,
        cn1_0.ma_chi_nhanh,
        cn1_0.ngay_cap_nhat,
        cn1_0.ngay_khai_truong,
        cn1_0.ngay_tao,
        cn1_0.nguoi_cap_nhat,
        cn1_0.nguoi_tao,
        cn1_0.quan_huyen,
        cn1_0.so_dien_thoai,
        cn1_0.ten_chi_nhanh,
        cn1_0.ten_quan_ly,
        cn1_0.tinh_thanh,
        cn1_0.trang_thai,
        cn1_0.vung_mien 
    from
        chi_nhanh cn1_0 
    where
        cn1_0.id=?
Hibernate: 
    select
        cn1_0.id,
        cn1_0.dang_hoat_dong,
        cn1_0.dia_chi,
        cn1_0.dia_chi_chi_tiet,
        cn1_0.dien_tich_m2,
        cn1_0.doanh_thu_thang,
        cn1_0.gio_mo_cua,
        cn1_0.id_quan_ly,
        cn1_0.loai,
        cn1_0.loai_chi_nhanh,
        cn1_0.ma_chi_nhanh,
        cn1_0.ngay_cap_nhat,
        cn1_0.ngay_khai_truong,
        cn1_0.ngay_tao,
        cn1_0.nguoi_cap_nhat,
        cn1_0.nguoi_tao,
        cn1_0.quan_huyen,
        cn1_0.so_dien_thoai,
        cn1_0.ten_chi_nhanh,
        cn1_0.ten_quan_ly,
        cn1_0.tinh_thanh,
        cn1_0.trang_thai,
        cn1_0.vung_mien 
    from
        chi_nhanh cn1_0 
    where
        cn1_0.id=?
2026-09-09T03:26:40.942+07:00 DEBUG 6752 --- [cuahangtienloi] [nio-8080-exec-9] org.hibernate.SQL                        : 
    select
        sp1_0.id,
        sp1_0.dang_hoat_dong,
        sp1_0.de_hong,
        sp1_0.don_vi,
        sp1_0.gia_ban,
        sp1_0.gia_von,
        sp1_0.han_su_dung_ngay,
        sp1_0.id_danh_muc,
        sp1_0.id_nha_cung_cap,
        sp1_0.image_url,
        sp1_0.ma_vach,
        sp1_0.mo_ta,
        sp1_0.ngay_cap_nhat,
        sp1_0.ngay_tao,
        sp1_0.sku,
        sp1_0.ten_san_pham,
        sp1_0.ton_toi_da,
        sp1_0.ton_toi_thieu,
        sp1_0.vat_phantram 
    from
        san_pham sp1_0 
    where
        sp1_0.id=?
Hibernate: 
    select
        sp1_0.id,
        sp1_0.dang_hoat_dong,
        sp1_0.de_hong,
        sp1_0.don_vi,
        sp1_0.gia_ban,
        sp1_0.gia_von,
        sp1_0.han_su_dung_ngay,
        sp1_0.id_danh_muc,
        sp1_0.id_nha_cung_cap,
        sp1_0.image_url,
        sp1_0.ma_vach,
        sp1_0.mo_ta,
        sp1_0.ngay_cap_nhat,
        sp1_0.ngay_tao,
        sp1_0.sku,
        sp1_0.ten_san_pham,
        sp1_0.ton_toi_da,
        sp1_0.ton_toi_thieu,
        sp1_0.vat_phantram 
    from
        san_pham sp1_0 
    where
        sp1_0.id=?
2026-09-09T03:26:41.054+07:00 DEBUG 6752 --- [cuahangtienloi] [nio-8080-exec-9] org.hibernate.SQL                        : 
    select
        cn1_0.id,
        cn1_0.dang_hoat_dong,
        cn1_0.dia_chi,
        cn1_0.dia_chi_chi_tiet,
        cn1_0.dien_tich_m2,
        cn1_0.doanh_thu_thang,
        cn1_0.gio_mo_cua,
        cn1_0.id_quan_ly,
        cn1_0.loai,
        cn1_0.loai_chi_nhanh,
        cn1_0.ma_chi_nhanh,
        cn1_0.ngay_cap_nhat,
        cn1_0.ngay_khai_truong,
        cn1_0.ngay_tao,
        cn1_0.nguoi_cap_nhat,
        cn1_0.nguoi_tao,
        cn1_0.quan_huyen,
        cn1_0.so_dien_thoai,
        cn1_0.ten_chi_nhanh,
        cn1_0.ten_quan_ly,
        cn1_0.tinh_thanh,
        cn1_0.trang_thai,
        cn1_0.vung_mien 
    from
        chi_nhanh cn1_0 
    where
        cn1_0.id=?
Hibernate: 
    select
        cn1_0.id,
        cn1_0.dang_hoat_dong,
        cn1_0.dia_chi,
        cn1_0.dia_chi_chi_tiet,
        cn1_0.dien_tich_m2,
        cn1_0.doanh_thu_thang,
        cn1_0.gio_mo_cua,
        cn1_0.id_quan_ly,
        cn1_0.loai,
        cn1_0.loai_chi_nhanh,
        cn1_0.ma_chi_nhanh,
        cn1_0.ngay_cap_nhat,
        cn1_0.ngay_khai_truong,
        cn1_0.ngay_tao,
        cn1_0.nguoi_cap_nhat,
        cn1_0.nguoi_tao,
        cn1_0.quan_huyen,
        cn1_0.so_dien_thoai,
        cn1_0.ten_chi_nhanh,
        cn1_0.ten_quan_ly,
        cn1_0.tinh_thanh,
        cn1_0.trang_thai,
        cn1_0.vung_mien 
    from
        chi_nhanh cn1_0 
    where
        cn1_0.id=?
2026-09-09T03:26:41.170+07:00 DEBUG 6752 --- [cuahangtienloi] [io-8080-exec-10] org.hibernate.SQL                        : 
    select
        pn1_0.id,
        pn1_0.cong_no,
        pn1_0.da_thanh_toan,
        pn1_0.ghi_chu,
        pn1_0.giam_gia,
        pn1_0.grand_total,
        pn1_0.id_chi_nhanh,
        pn1_0.id_ncc,
        pn1_0.id_nguoi_nhap,
        pn1_0.ma_phieu,
        pn1_0.ngay_cap_nhat,
        pn1_0.ngay_dat_hang,
        pn1_0.ngay_du_kien_giao,
        pn1_0.ngay_nhan_thuc_te,
        pn1_0.ngay_tao,
        pn1_0.sub_total,
        pn1_0.trang_thai,
        pn1_0.vat_total 
    from
        phieu_nhap pn1_0 
    where
        pn1_0.id=?
Hibernate: 
    select
        pn1_0.id,
        pn1_0.cong_no,
        pn1_0.da_thanh_toan,
        pn1_0.ghi_chu,
        pn1_0.giam_gia,
        pn1_0.grand_total,
        pn1_0.id_chi_nhanh,
        pn1_0.id_ncc,
        pn1_0.id_nguoi_nhap,
        pn1_0.ma_phieu,
        pn1_0.ngay_cap_nhat,
        pn1_0.ngay_dat_hang,
        pn1_0.ngay_du_kien_giao,
        pn1_0.ngay_nhan_thuc_te,
        pn1_0.ngay_tao,
        pn1_0.sub_total,
        pn1_0.trang_thai,
        pn1_0.vat_total 
    from
        phieu_nhap pn1_0 
    where
        pn1_0.id=?
